{"type":"FeatureCollection","features":[{"type":"Feature","geometry":{"type":"Polygon","coordinates":[[[-93.1353392898405,44.9399335935285],[-93.1353389414319,44.9398445270679],[-93.1354443157337,44.9398450143553],[-93.1354443420358,44.9398368504538],[-93.1355992172723,44.9398372687978],[-93.1357579818725,44.9398376980725],[-93.1363038877109,44.939839171337],[-93.1364147143251,44.939839469778],[-93.1365300510816,44.9398397805692],[-93.1365293955202,44.9399388633127],[-93.1365255255449,44.9405238858009],[-93.1365255036517,44.9405272177423],[-93.1357595218688,44.9405247912233],[-93.1353415939832,44.9405233588167],[-93.1353414085111,44.9404758539502],[-93.1353398009743,44.9400642719654],[-93.1353392898405,44.9399335935285]]]},"properties":{"kind":"tif","city":"St. Paul","name":"Grand and Victoria","tifNumber":370,"districtType":"Redevelopment","creator":"HRA","certifiedDate":null,"decertificationDate":null,"incrementReceived":null,"incrementExpended":null,"projectArea":"Grand and Victoria"}},{"type":"Feature","geometry":{"type":"Polygon","coordinates":[[[-93.2068564190658,44.9674438845877],[-93.2068583301316,44.9671635137165],[-93.2068630831689,44.9665071450986],[-93.2068632021449,44.9664906762031],[-93.2075678789504,44.9665051041502],[-93.2076139458,44.9665379386871],[-93.2076032194856,44.9677432871357],[-93.2068564190658,44.9674438845877]]]},"properties":{"kind":"tif","city":"St. Paul","name":"2700 University at Westgate Station Housing","tifNumber":319,"districtType":"Housing","creator":"HRA","certifiedDate":"2015-09-14","decertificationDate":"12/31/2042","incrementReceived":707700,"incrementExpended":588668,"projectArea":"West Midway - South Saint Anthony Park"}},{"type":"Feature","geometry":{"type":"Polygon","coordinates":[[[-93.173824558347,44.8999504834445],[-93.1740919938248,44.8999495889569],[-93.1738244633814,44.9000736630638],[-93.1736629107421,44.9001485876232],[-93.1735013576856,44.9002235110531],[-93.1733398042088,44.9002984342532],[-93.1731782503115,44.9003733572235],[-93.1727159874856,44.9005877373253],[-93.1727129742557,44.900589134565],[-93.1724794180119,44.9006974477859],[-93.1722476934468,44.9008049099983],[-93.1722484690382,44.9003671330075],[-93.1722487122061,44.9002300020742],[-93.1722489553729,44.9000928711382],[-93.1722491985418,44.8999557392997],[-93.1727098970805,44.8999542051812],[-93.1731785818084,44.8999526416334],[-93.1733400949379,44.8999521024644],[-93.1735015688177,44.8999515629942],[-93.1736630426945,44.8999510232953],[-93.173824558347,44.8999504834445]]]},"properties":{"kind":"tif","city":"St. Paul","name":"Highland Pointe Lofts","tifNumber":278,"districtType":"Housing","creator":"HRA","certifiedDate":"2008-07-23","decertificationDate":"12/31/2035","incrementReceived":297935,"incrementExpended":6471,"projectArea":"Shepard-Davern"}},{"type":"Feature","geometry":{"type":"Polygon","coordinates":[[[-93.1414317836181,44.964877144093],[-93.1414324258007,44.9652424902853],[-93.1414330681127,44.9656078076624],[-93.1414325650402,44.9656888456608],[-93.1408138992762,44.9656854765524],[-93.1406342166496,44.9656034571286],[-93.140514350507,44.9655487414967],[-93.140369258545,44.9654825112279],[-93.1402178695943,44.965413405981],[-93.1400556435142,44.9653393537011],[-93.1399078454561,44.9652718870398],[-93.1398537694721,44.965247202523],[-93.1397555417368,44.9652023635141],[-93.1396023250455,44.965132422124],[-93.1394590289789,44.9650670088475],[-93.1393094461229,44.9649987259676],[-93.1392571555811,44.9649748566072],[-93.1392591324868,44.9648677112313],[-93.139257684885,44.9647853157472],[-93.139256260814,44.9647042457243],[-93.1392562919066,44.9645876050449],[-93.1392564087292,44.9643408510244],[-93.1392565636856,44.964011935927],[-93.1392565821359,44.9639735395086],[-93.1392566157483,44.9639023002576],[-93.1400618629709,44.9639051822451],[-93.1400620100257,44.9638506364102],[-93.1403101022475,44.9638514781473],[-93.1403091858659,44.9639774695186],[-93.1403065081471,44.9643451329107],[-93.1403045684093,44.9646116256483],[-93.1402189509768,44.9645905516259],[-93.1401752763583,44.9645904180836],[-93.140147408419,44.9645845261686],[-93.1401186747122,44.9645813561095],[-93.1400896022461,44.9645809666165],[-93.1400607207807,44.9645833651173],[-93.1400266478007,44.9645899636268],[-93.1399101880687,44.964589607293],[-93.1399090674466,44.964663323177],[-93.1398965186085,44.9646842294578],[-93.1398884785539,44.9647062269206],[-93.13988522338,44.9647269703652],[-93.1398859830068,44.9647478321505],[-93.1398907438594,44.9647684271312],[-93.1398994150523,44.9647883690969],[-93.1399101582564,44.964805085184],[-93.1399113147018,44.9648705466183],[-93.1400065917008,44.9648709612631],[-93.1400335256584,44.96487864813],[-93.1400616736326,44.9648836894543],[-93.1400946478332,44.9648860965336],[-93.1401277514404,44.9648848776675],[-93.1401601985003,44.9648800617748],[-93.1401912166402,44.9648717632849],[-93.1402200799758,44.9648718877637],[-93.1403743916391,44.9648725583219],[-93.1405210594007,44.9648731944117],[-93.1406753710711,44.9648738645629],[-93.1408297537259,44.9648745337565],[-93.1409802783016,44.9648751873496],[-93.1411268750994,44.96487582251],[-93.1412811855202,44.9648764909396],[-93.1414317836181,44.964877144093]]]},"properties":{"kind":"tif","city":"St. Paul","name":"Chatsworth-Pierce Butler","tifNumber":293,"districtType":null,"creator":"SPPA","certifiedDate":null,"decertificationDate":"12/31/2038","incrementReceived":204478,"incrementExpended":100000,"projectArea":"SPPA"}},{"type":"Feature","geometry":{"type":"Polygon","coordinates":[[[-93.1514041960789,44.9682083438528],[-93.1513718424496,44.968198879651],[-93.1517076419157,44.9682433398095],[-93.1524585590425,44.9683513675052],[-93.1535885327039,44.9685139154024],[-93.1545620569036,44.9686539494434],[-93.1549903861498,44.9687155583606],[-93.154990145005,44.9688002383663],[-93.1549879059207,44.9695851007529],[-93.1545497515711,44.969585331823],[-93.1535854471822,44.9695858349614],[-93.1524549801242,44.9695864141401],[-93.1513928969463,44.9695869483541],[-93.1513876115403,44.969586551597],[-93.1513823611169,44.9695859668519],[-93.1513771596191,44.9695851941471],[-93.1513765858241,44.9695850922029],[-93.1513763705216,44.9695850467752],[-93.151372018444,44.9695842362051],[-93.1513669527914,44.9695830957564],[-93.1513619740584,44.9695817755234],[-93.1513611233083,44.9695815146509],[-93.1513608814308,44.9695814583715],[-93.1513605561451,44.969581339836],[-93.1513570961774,44.969580278234],[-93.1513523305344,44.96957860931],[-93.151347688534,44.9695767696746],[-93.1513464801772,44.9695762327352],[-93.1513461713445,44.9695761205319],[-93.1513458234898,44.9695759407639],[-93.1513431840864,44.9695747674542],[-93.1513388285853,44.9695726062712],[-93.1513346308781,44.9695702924422],[-93.1513331464231,44.9695693842225],[-93.1513328188059,44.9695692152933],[-93.1513325129366,44.9695689969191],[-93.1513306036258,44.9695678295922],[-93.1513267569325,44.9695652267398],[-93.1513230996494,44.9695624893019],[-93.1513214661493,44.9695611362762],[-93.1513211526929,44.9695609133875],[-93.1513209102776,44.9695606762465],[-93.1513196406202,44.9695596244947],[-93.1513163912239,44.9695566395401],[-93.1513133577692,44.969553541649],[-93.1513117099077,44.9695516640087],[-93.1513114586559,44.9695514178516],[-93.1513113023579,44.9695511997815],[-93.151310547825,44.9695503398352],[-93.1513079689713,44.9695470404125],[-93.1513056275058,44.9695436532917],[-93.1513041416943,44.9695411965074],[-93.1513039753141,44.9695409640198],[-93.1513038961589,44.9695407901969],[-93.1513035310012,44.9695401865863],[-93.1513016819562,44.9695366492995],[-93.1513000879398,44.9695330504448],[-93.1512988943107,44.9695298060267],[-93.1512988655455,44.9695297096893],[-93.1512987514508,44.9695293990252],[-93.1512976762553,44.9695257040465],[-93.1512968648451,44.9695219763113],[-93.151296319726,44.9695182230233],[-93.1512996021405,44.9685199212478],[-93.1513397016396,44.9685175031141],[-93.1513398513024,44.9685174800235],[-93.1513784060787,44.9685102456874],[-93.1513788565306,44.9685101278289],[-93.1514148819492,44.9684983290357],[-93.151415446943,44.968498096235],[-93.1514479477453,44.9684821052831],[-93.1514485004516,44.9684817761782],[-93.1514765735057,44.9684620663321],[-93.1514770669861,44.9684616507256],[-93.1514999088886,44.9684387971305],[-93.1515002846445,44.9684383425932],[-93.1515172272553,44.9684130115493],[-93.1515174788585,44.9684125405633],[-93.1515280135172,44.9683854562817],[-93.1515281267386,44.9683850399026],[-93.1515319182464,44.9683569746354],[-93.1515319258714,44.9683566552207],[-93.1515287914063,44.968328314043],[-93.1515287701594,44.9683282393162],[-93.1515187588369,44.9683006472035],[-93.1515046476555,44.9682779362939],[-93.1515042379045,44.9682773910804],[-93.1514854106412,44.9682564674957],[-93.1514853626422,44.9682564260072],[-93.1514623228905,44.9682378243518],[-93.1514617123855,44.968237399304],[-93.1514348745124,44.9682214632424],[-93.1514347745631,44.9682214171493],[-93.1514049605557,44.9682086198464],[-93.1514041960789,44.9682083438528]]]},"properties":{"kind":"tif","city":"St. Paul","name":"Energy Lane","tifNumber":238,"districtType":null,"creator":"SPPA","certifiedDate":null,"decertificationDate":"12/31/2030","incrementReceived":277123,"incrementExpended":156065,"projectArea":"SPPA"}},{"type":"Feature","geometry":{"type":"Polygon","coordinates":[[[-93.1215528218211,44.9673884243355],[-93.1188196172211,44.9658805944084],[-93.1188197424915,44.9657938274075],[-93.1188200511408,44.965577893826],[-93.1212544783404,44.9657201737382],[-93.1212546307969,44.9656513903037],[-93.1218958955397,44.9656888596617],[-93.1224743969525,44.9657226592303],[-93.1231485710448,44.9657620449641],[-93.1248192961745,44.965859632072],[-93.125893779437,44.9659223803034],[-93.126115204238,44.9659353094896],[-93.1260752590913,44.966276572941],[-93.1259902667248,44.9662767358394],[-93.1259236682546,44.9667945779502],[-93.1259237716298,44.9669054350031],[-93.1259238724128,44.9670123401067],[-93.1259482112839,44.9670122978224],[-93.1259485327498,44.967355395801],[-93.1252190930181,44.9673567923996],[-93.1236499880973,44.9673597806517],[-93.1236533885873,44.9668587412028],[-93.1236494165142,44.9668115167163],[-93.1236492905048,44.9668107911871],[-93.1236368461335,44.9667644796185],[-93.1236366945874,44.9667640761612],[-93.1236159691128,44.9667192871107],[-93.1236156774163,44.9667187636603],[-93.1235870387435,44.966676269993],[-93.1235865635909,44.9666756732409],[-93.1235502972345,44.966635966894],[-93.1235502088681,44.96663588751],[-93.1235071686904,44.9665999080168],[-93.1235064258681,44.9665993619438],[-93.1234571181881,44.9665675414558],[-93.1234569677111,44.9665674628302],[-93.1234024440696,44.9665404686904],[-93.1234016192802,44.9665401104891],[-93.1233427726559,44.9665183559347],[-93.123342032207,44.9665181265973],[-93.1232796939786,44.9665019113516],[-93.1232791140286,44.9665017867568],[-93.1232143552059,44.9664913930945],[-93.1232133163825,44.9664912773514],[-93.1231469778558,44.9664868619518],[-93.1231343593474,44.9664867108089],[-93.1219327663021,44.9664825890514],[-93.1218941336214,44.9664824564652],[-93.121855500941,44.9664823238659],[-93.1207654409102,44.9664785739798],[-93.120659010096,44.9665758022112],[-93.1206347092554,44.9666025217663],[-93.1206343955059,44.9666029475516],[-93.1206171579648,44.966631985962],[-93.1206169428898,44.9666324533654],[-93.1206069794157,44.9666634556968],[-93.1206047531523,44.9666952037818],[-93.1206047837477,44.9666957203402],[-93.1206103029724,44.9667269598703],[-93.1206104502794,44.9667274542023],[-93.1206236557683,44.9667578341163],[-93.1206440892539,44.9667861224239],[-93.1206444726186,44.9667865507135],[-93.1206712670527,44.9668116557514],[-93.1206717305491,44.9668120230387],[-93.1207045678756,44.9668336489346],[-93.1207533769331,44.9668605754282],[-93.1207910051971,44.9668778221748],[-93.1207916277556,44.9668780530572],[-93.1208325110755,44.9668902836685],[-93.1208331859383,44.966890440887],[-93.1208768496485,44.9668975111989],[-93.1209215841101,44.9668990915482],[-93.1209222838642,44.9668990715618],[-93.1209663044641,44.9668951515455],[-93.1209670008016,44.9668950469694],[-93.121009795243,44.9668856731005],[-93.1210496433147,44.9668711662566],[-93.1210502478881,44.9668708941054],[-93.1210856105511,44.9668518716181],[-93.1210861266541,44.9668515434755],[-93.1211165909322,44.9668282320507],[-93.1212872201773,44.9666723539857],[-93.1220682962081,44.9666750392071],[-93.1231330547922,44.9666786901617],[-93.123141270169,44.9666788141696],[-93.1231494758146,44.9666791280135],[-93.1231576628525,44.9666796325731],[-93.1231658211428,44.9666803278251],[-93.1231739443606,44.9666812110557],[-93.1231763182319,44.966681526],[-93.1231766426151,44.966681547435],[-93.1231769984697,44.9666816166314],[-93.1231820210944,44.9666822831387],[-93.1231900450149,44.9666835422602],[-93.1231980059865,44.9666849874972],[-93.1232058976839,44.9666866161358],[-93.123213708704,44.9666884272504],[-93.1232185208573,44.9666896691514],[-93.1232188678518,44.9666897356281],[-93.1232191551401,44.9666898316622],[-93.1232214314499,44.966690419024],[-93.1232290595926,44.9666925896426],[-93.1232365830083,44.9666949354839],[-93.1232439941003,44.966697454731],[-93.123251285272,44.966700145567],[-93.1232584489388,44.9667030034756],[-93.1232654775039,44.96670602664],[-93.1232723621113,44.9667092114407],[-93.1232790964397,44.9667125542642],[-93.1232856728966,44.9667160523938],[-93.1232920851689,44.9667197004162],[-93.1232939268546,44.9667208203705],[-93.123294183573,44.9667209496275],[-93.1232944349895,44.9667211301613],[-93.1232983243964,44.966723495612],[-93.1233043867929,44.9667274343732],[-93.1233102635064,44.9667315121808],[-93.1233159507629,44.9667357227274],[-93.123321439698,44.9667400641934],[-93.1233247277098,44.966742843083],[-93.1233249867111,44.966743028133],[-93.1233251721777,44.9667432175145],[-93.1233267252704,44.9667445302687],[-93.1233318024262,44.9667491173426],[-93.1233366661241,44.9667538191049],[-93.1233413100427,44.9667586319421],[-93.1233457278691,44.9667635504409],[-93.1233499196316,44.9667685683029],[-93.1233538764783,44.9667736810089],[-93.1233575958983,44.9667788831543],[-93.1233610741177,44.966784168432],[-93.1233643060909,44.9667895314316],[-93.1233672893072,44.9667949667487],[-93.1233680919328,44.9667965837264],[-93.123368227874,44.9667967936905],[-93.1233683205254,44.9667970467467],[-93.1233700199885,44.9668004689758],[-93.1233724956282,44.9668060318085],[-93.1233747149873,44.9668116489456],[-93.1233766730242,44.9668173140767],[-93.1233783684958,44.9668230218003],[-93.1233792611041,44.9668266041562],[-93.1233793525288,44.9668268482115],[-93.1233793781456,44.9668270696218],[-93.1233798014303,44.966828765818],[-93.1233809680497,44.966834540722],[-93.123381867119,44.9668403393114],[-93.1233824999339,44.9668461552904],[-93.1233828627165,44.9668519832516],[-93.12338295803,44.9668578169022],[-93.123379377547,44.9673849772647],[-93.1220634399926,44.9673874637223],[-93.1217096947659,44.9673881290083],[-93.1215528218211,44.9673884243355]]]},"properties":{"kind":"tif","city":"St. Paul","name":"Great Northern - North","tifNumber":222,"districtType":null,"creator":"SPPA","certifiedDate":null,"decertificationDate":"12/31/2029","incrementReceived":831826,"incrementExpended":426520,"projectArea":"SPPA"}},{"type":"Feature","geometry":{"type":"Polygon","coordinates":[[[-93.1188122841506,44.9630970247954],[-93.1188509513132,44.9630695938731],[-93.1204249431541,44.9630691818894],[-93.1217504212916,44.9630688176694],[-93.1234792680442,44.9630683198072],[-93.1249094681935,44.9630678882685],[-93.1249094779087,44.9630843439267],[-93.1250064801223,44.9630843134089],[-93.1260682496977,44.9630839811193],[-93.1260652026361,44.9638683558933],[-93.1252128415201,44.9638686239547],[-93.1250069344599,44.9638686871153],[-93.123479737477,44.9638691492385],[-93.1233912169193,44.9638691752868],[-93.1217508666529,44.9638696471077],[-93.1215521459693,44.9638697025111],[-93.1204645048127,44.963870000708],[-93.1204253713277,44.9638700113355],[-93.1188110808559,44.9638704334486],[-93.1188122841506,44.9630970247954]]]},"properties":{"kind":"tif","city":"St. Paul","name":"Great Northern - South","tifNumber":254,"districtType":null,"creator":"SPPA","certifiedDate":null,"decertificationDate":"12/31/2032","incrementReceived":552237,"incrementExpended":75738,"projectArea":"SPPA"}},{"type":"Feature","geometry":{"type":"Polygon","coordinates":[[[-93.045687157537,44.9707619869454],[-93.0456536130127,44.9706827856466],[-93.0451630063315,44.9708116881061],[-93.0451031324299,44.9708274678656],[-93.0450988260706,44.9708286023578],[-93.0451036680721,44.970365032391],[-93.0451100018886,44.9697585701955],[-93.0456985220581,44.9696091496283],[-93.0456984447975,44.9696121619549],[-93.0456991977263,44.9696119473288],[-93.046142429122,44.969482602077],[-93.0461537897006,44.9694807622422],[-93.0463362492025,44.9694332361414],[-93.0463400644085,44.9694321829347],[-93.0465173930315,44.9693832673886],[-93.0465216525926,44.9693820922136],[-93.0466985251219,44.9693333010136],[-93.0467023720452,44.9693322406899],[-93.0468476079223,44.9692928552064],[-93.0468366900034,44.9692740764288],[-93.0468425454207,44.9692718162803],[-93.0468700722389,44.9692643741465],[-93.0470517297649,44.9692152608786],[-93.0470572828609,44.969213758366],[-93.0472333666737,44.9691661517605],[-93.0472391266896,44.9691645949601],[-93.0474149791522,44.9691170485805],[-93.0475337185432,44.9693858789381],[-93.047535469976,44.9693898450434],[-93.047607946077,44.9695126489188],[-93.0476101538912,44.9695163896139],[-93.0477333252453,44.969744372529],[-93.0477349178491,44.9697473222814],[-93.0475596392524,44.9697944263376],[-93.047557294365,44.9697950565023],[-93.0476747466388,44.9700213283059],[-93.0476760114032,44.9700237651045],[-93.0477497947435,44.9701503879011],[-93.0477505691305,44.9701517092955],[-93.0478394674422,44.9703146243067],[-93.0478400242773,44.9703156481245],[-93.0478400857265,44.9703157616809],[-93.047831126084,44.9703147356572],[-93.0478306763877,44.9703146848458],[-93.0478272232557,44.9703168972186],[-93.0477966196141,44.970336943135],[-93.047766171174,44.9703571073743],[-93.0477358792025,44.9703773899403],[-93.0477057449675,44.9703977908369],[-93.0476757697468,44.9704183082683],[-93.0476428492792,44.9704411034392],[-93.0476101244335,44.9704640404456],[-93.0475775964827,44.9704871183919],[-93.0475452667101,44.9705103345824],[-93.0475131351104,44.9705336899172],[-93.0474812042187,44.9705571844038],[-93.0474494753238,44.9705808144471],[-93.047417948415,44.9706045818467],[-93.0473866247758,44.9706284839072],[-93.047355506936,44.970652521536],[-93.0473245936439,44.9706766920301],[-93.0472938887023,44.970700995401],[-93.0472633921217,44.9707254298491],[-93.0472331051645,44.9707499962783],[-93.0472030278466,44.9707746919892],[-93.0471754236758,44.9707976367534],[-93.0470790240608,44.9708798435015],[-93.0470563959843,44.9708996040828],[-93.0468937617356,44.9710484918672],[-93.0467314128785,44.9712082499305],[-93.0465769552507,44.9713719038152],[-93.0464305738485,44.9715392561413],[-93.046323083339,44.971672210121],[-93.0463131238081,44.9716849516739],[-93.0462910566288,44.9717135930551],[-93.0462692335249,44.9717423287326],[-93.0462476570316,44.9717711587142],[-93.0462263271652,44.9718000803007],[-93.0462052451934,44.9718290934958],[-93.0461844111219,44.9718581973999],[-93.0461638274967,44.9718873902211],[-93.045687157537,44.9707619869454]]]},"properties":{"kind":"tif","city":"St. Paul","name":"Griffin","tifNumber":286,"districtType":null,"creator":"SPPA","certifiedDate":null,"decertificationDate":"12/31/2037","incrementReceived":271824,"incrementExpended":75000,"projectArea":"SPPA"}},{"type":"Feature","geometry":{"type":"MultiPolygon","coordinates":[[[[-93.0834105083724,44.9650578436503],[-93.0834132048591,44.9650567592718],[-93.0836514264233,44.9653411417472],[-93.0837431486974,44.9654440090909],[-93.0838427911894,44.9655430927626],[-93.0839500462428,44.9656380878002],[-93.0840645795302,44.965728698169],[-93.0840144703582,44.9657650934896],[-93.0839388989891,44.965824798959],[-93.0839386545911,44.9658249989747],[-93.0838705370851,44.9658888540643],[-93.0838698986965,44.9658895029491],[-93.0838099270805,44.9659567833447],[-93.0838091884876,44.9659576893107],[-93.083757478084,44.9660281586786],[-93.0837567971509,44.966029188069],[-93.083713611167,44.9661024466977],[-93.0837130555012,44.9661035169081],[-93.0836786484223,44.9661791371676],[-93.0836782655535,44.9661801268489],[-93.083652856334,44.9662576900124],[-93.0836526545804,44.9662584624162],[-93.083636439462,44.9663375307993],[-93.0836364054762,44.9663377286674],[-93.0836295211011,44.9664181136735],[-93.0836295510779,44.9664398467719],[-93.0818239427603,44.9664579853335],[-93.0805864080673,44.9664713230982],[-93.0805856914095,44.965813099326],[-93.0808845419832,44.9658088609276],[-93.0808855668943,44.9654001661527],[-93.0818182884279,44.9653663738933],[-93.0819358600673,44.9653621143502],[-93.0821062420398,44.9653528112094],[-93.0821086143781,44.9653526402094],[-93.0822771017937,44.9653372122293],[-93.082279506326,44.9653369441316],[-93.0824476119539,44.9653152522399],[-93.0826139458535,44.9652874376483],[-93.0826162548931,44.9652870091264],[-93.0827794264526,44.9652533417179],[-93.0827816560537,44.9652528338005],[-93.0829431002871,44.9652130168311],[-93.0831014403996,44.9651673463246],[-93.083103588418,44.9651666834195],[-93.0832575319029,44.9651155770968],[-93.0832596233048,44.9651148330573],[-93.0834105083724,44.9650578436503]]],[[[-93.0778871216441,44.9655213140521],[-93.0789057757038,44.9654872644662],[-93.0789065438541,44.9656675688504],[-93.0791827203591,44.9656687488458],[-93.0792334787817,44.9658272743536],[-93.07923350059,44.9664854972222],[-93.0778798119806,44.9664948230576],[-93.0762129092305,44.9665170852941],[-93.0762126955829,44.966282228915],[-93.0762480177985,44.9662820504262],[-93.0762867445185,44.966028304798],[-93.0763248904373,44.9658469722215],[-93.0763253305471,44.965611842236],[-93.0774621736937,44.9655395775064],[-93.0774935921126,44.9655373986976],[-93.0775250348403,44.9655354152034],[-93.0775565031348,44.9655336288267],[-93.0775879906687,44.965532037751],[-93.0776194974328,44.9655306437756],[-93.0776510196298,44.9655294459908],[-93.0778871216441,44.9655213140521]]],[[[-93.0856736229894,44.9637094982356],[-93.0856981441816,44.9636690681999],[-93.0856658730939,44.9659607764671],[-93.0856659199236,44.9660940153919],[-93.0854809262564,44.9660418379502],[-93.0854119046155,44.9660223704395],[-93.0853088133138,44.9659932939703],[-93.0852836960113,44.9659861055084],[-93.08525868105,44.9659787364473],[-93.0852337734859,44.9659711894995],[-93.0852089745915,44.9659634637686],[-93.0851842856202,44.9659555619576],[-93.0851619436702,44.965948220554],[-93.0851616438118,44.9659481171926],[-93.0851597116516,44.96594748228],[-93.0851352526672,44.9659392283351],[-93.0851109124836,44.9659307974336],[-93.0850866936124,44.9659221940811],[-93.0850625985936,44.9659134173845],[-93.0850386299574,44.9659044682504],[-93.0850198172444,44.9658972710146],[-93.0850191138295,44.9658970190297],[-93.0850185649198,44.9658967917435],[-93.0850147889669,44.9658953475819],[-93.0849910794154,44.9658860571886],[-93.0849675025703,44.9658765970738],[-93.0849440622297,44.9658669681476],[-93.0849207596516,44.9658571722128],[-93.0848975973667,44.9658472101758],[-93.084881672299,44.9658402031292],[-93.0848808400754,44.9658398599261],[-93.0848801560475,44.9658395360066],[-93.0848745779098,44.9658370820436],[-93.0848517038068,44.9658267896222],[-93.0848289763205,44.9658163338151],[-93.0848063992488,44.9658057155319],[-93.0847839751221,44.9657949356791],[-93.0847617051939,44.9657839969596],[-93.0847485285563,44.9657773831017],[-93.084747614407,44.9657769515023],[-93.0847468168458,44.9657765238072],[-93.0847395907412,44.9657728975772],[-93.084717636815,44.9657616411445],[-93.0846958421482,44.9657502276581],[-93.0846742130688,44.9657386589344],[-93.0846527483046,44.9657269358699],[-93.0846314516536,44.9657150593745],[-93.0846208336706,44.9657090145776],[-93.0846199059224,44.9657085172558],[-93.0846190479968,44.9657079985213],[-93.0846103243739,44.9657030312511],[-93.0845893702678,44.9656908515099],[-93.0845685893216,44.9656785228502],[-93.0845479853329,44.965666046182],[-93.0845275595645,44.9656534224084],[-93.0845073145469,44.965640652436],[-93.0844990099071,44.9656353074358],[-93.084498172207,44.9656347995511],[-93.0844973537807,44.9656342413276],[-93.0844872515379,44.9656277380677],[-93.0844673743309,44.9656146811132],[-93.0844476829257,44.9656014815727],[-93.0844281798387,44.965588143052],[-93.0844088688815,44.9655746637615],[-93.084389748768,44.9655610472973],[-93.0843835690693,44.9655565572722],[-93.0843828453774,44.9655560622825],[-93.0843820967525,44.9655554871448],[-93.0843708245634,44.9655472945725],[-93.0843520962583,44.9655334073868],[-93.0843335663829,44.9655193866467],[-93.0843152374675,44.9655052332588],[-93.084297109498,44.9654909499225],[-93.0842791862768,44.9654765366479],[-93.0842748939055,44.9654730143552],[-93.084274334653,44.9654725836821],[-93.0842737239447,44.9654720547952],[-93.0842614690572,44.9654619961378],[-93.084243959102,44.9654473292953],[-93.0842266589367,44.965432537927],[-93.084209569824,44.9654176229358],[-93.0841926942848,44.965402587028],[-93.0841760323189,44.9653874302037],[-93.0841734111662,44.9653849965548],[-93.0841730263283,44.9653846617177],[-93.0841725837021,44.9653842277506],[-93.0841595864473,44.9653721551689],[-93.0841433604674,44.9653567628336],[-93.0841273518351,44.9653412549907],[-93.0841115656106,44.9653256334533],[-93.0840960030565,44.9653098991245],[-93.0840806641589,44.9652940547038],[-93.0840792850775,44.9652926068983],[-93.0840790544395,44.9652923552475],[-93.0840655514478,44.9652781010978],[-93.0840506661813,44.9652620401094],[-93.0840360108892,44.9652458726452],[-93.0840215855531,44.9652296023045],[-93.0840073914494,44.965213227291],[-93.0839934323524,44.9651967530136],[-93.0837555813,44.9649128122264],[-93.0846555664268,44.964532836306],[-93.0847895298021,44.9644720935855],[-93.0847900317567,44.9644718411533],[-93.0849171325575,44.9644057822693],[-93.0849185142792,44.9644050111491],[-93.0850390480745,44.9643335847074],[-93.0850405905533,44.9643326088501],[-93.0851543778741,44.9642559592713],[-93.0851558065273,44.9642549354252],[-93.085262638793,44.9641732007549],[-93.0852637499505,44.9641722984519],[-93.0853637421825,44.9640852954497],[-93.0853640122198,44.9640850370106],[-93.0854562125308,44.9639935082502],[-93.085536751841,44.9639020272683],[-93.0856093117336,44.9638072402177],[-93.0856736229894,44.9637094982356]]],[[[-93.0841802354931,44.9658801157733],[-93.0842303446557,44.9658437212804],[-93.084348829093,44.9659161323348],[-93.0843508711992,44.9659173155313],[-93.0844737686831,44.965984972642],[-93.0844743665319,44.9659852945387],[-93.0846028840766,44.9660488559115],[-93.0846046934677,44.9660497001671],[-93.0847364985591,44.9661080079268],[-93.08473834001,44.9661087811794],[-93.0848748424791,44.9661624895617],[-93.0848753484694,44.9661626834435],[-93.0850157009665,44.9662114275962],[-93.0850181380396,44.9662122212972],[-93.0851618902478,44.9662558209659],[-93.0854078795573,44.9663252014013],[-93.0854066464312,44.9664179097096],[-93.0853956855208,44.9672423986099],[-93.083846030033,44.9672420271827],[-93.0838582001029,44.9666180093692],[-93.0838599261368,44.9664369602943],[-93.0838612795501,44.9664211902429],[-93.0838617477558,44.9664086796661],[-93.0838624935063,44.9663961761162],[-93.0838635155201,44.9663836822894],[-93.0838648150456,44.966371201788],[-93.0838663908058,44.9663587364083],[-93.0838682427724,44.9663462915492],[-93.0838703696731,44.9663338681069],[-93.0838727727565,44.966321469684],[-93.0838754494687,44.9663090998732],[-93.0838784010629,44.9662967613769],[-93.0838816249853,44.9662844577877],[-93.0838851212216,44.966272191805],[-93.0838888884901,44.9662599661248],[-93.0838929267767,44.9662477834465],[-93.0838972347903,44.9662356482656],[-93.0839018112538,44.9662235623785],[-93.0839066536134,44.9662115293776],[-93.0839117631224,44.9661995519656],[-93.0839171384992,44.9661876328384],[-93.083922775927,44.9661757746855],[-93.0839286753824,44.9661639820058],[-93.0839348368603,44.9661522556991],[-93.0839412565351,44.9661406002543],[-93.0839479331249,44.9661290183674],[-93.0839548666202,44.9661175118379],[-93.0839620544673,44.9661060842584],[-93.083969494117,44.9660947383216],[-93.0839771842831,44.9660834776231],[-93.0839851236932,44.9660723030595],[-93.0839933085214,44.9660612191197],[-93.0840017387535,44.966050228503],[-93.0840104118452,44.9660393330023],[-93.0840193252474,44.9660285353103],[-93.0840284764062,44.9660178390195],[-93.0840378640449,44.966007245926],[-93.084047484342,44.9659967596191],[-93.084057337293,44.9659863809983],[-93.0840674178045,44.9659761145495],[-93.0840777258669,44.965965962072],[-93.0840882564011,44.9659559253522],[-93.0840990081208,44.9659460079857],[-93.0841099797491,44.965936211769],[-93.0841211662019,44.9659265393878],[-93.0841325649351,44.9659169926352],[-93.0841441733949,44.9659075751035],[-93.0841559915718,44.9658982885924],[-93.0841680131194,44.9658891348846],[-93.0841802354931,44.9658801157733]]],[[[-93.0749644079788,44.9665303838772],[-93.074965898074,44.966198801076],[-93.0749661947091,44.9661326004049],[-93.0743819492361,44.9661393074428],[-93.0743820088429,44.966111930087],[-93.0744882822964,44.9660926802406],[-93.0744900371136,44.9660923304658],[-93.0745936685049,44.9660691673106],[-93.0745959859939,44.9660685986037],[-93.0746976248094,44.9660414195254],[-93.0746993779628,44.9660409068779],[-93.0747996882536,44.966009493225],[-93.0748099012471,44.9660060286863],[-93.0748823512104,44.9659799690713],[-93.0749505918354,44.9659529541386],[-93.0750237823731,44.9659211277747],[-93.0750949857663,44.965887106767],[-93.0752070974463,44.9658310276379],[-93.0752236654053,44.9658228580351],[-93.0752403858794,44.9658148463079],[-93.0752572575819,44.9658069960518],[-93.0752742741806,44.96579930635],[-93.0752914356657,44.9657917790018],[-93.075298102614,44.965788941911],[-93.0752988344955,44.9657886037595],[-93.0752996397743,44.9657882874016],[-93.0753087382205,44.9657844166966],[-93.0753261780428,44.9657772194238],[-93.0753437525832,44.9657701898759],[-93.0753614580444,44.9657633271429],[-93.075379291872,44.965756634817],[-93.0753946824554,44.9657510390586],[-93.0753950545113,44.9657509113902],[-93.0753972515314,44.9657501128913],[-93.0754153319481,44.9657437622519],[-93.0754335305775,44.9657375846914],[-93.0754518448801,44.9657315811028],[-93.0754702710487,44.9657257523756],[-93.0754888052763,44.9657200993991],[-93.0754935036144,44.9657187191722],[-93.0754941206901,44.9657185174805],[-93.0754948657604,44.9657183197332],[-93.0755074450185,44.9657146239662],[-93.0755261864682,44.9657093269663],[-93.0755450270859,44.9657042092923],[-93.0755639618018,44.9656992709305],[-93.0755829880714,44.9656945136736],[-93.075595874583,44.9656914287943],[-93.0755966336187,44.965691226585],[-93.0755972972529,44.9656910880047],[-93.0756021033601,44.9656899375147],[-93.075621303856,44.9656855442431],[-93.0756405844847,44.9656813347449],[-93.0756599439786,44.9656773090166],[-93.0756793772587,44.9656734688441],[-93.0756988805274,44.9656698133174],[-93.0757016754714,44.9656693115611],[-93.0757021892558,44.9656692265647],[-93.0757184525079,44.9656663442325],[-93.0757380881257,44.9656630624756],[-93.0757577835834,44.9656599671366],[-93.0757775363366,44.9656570600082],[-93.0757973413109,44.9656543419765],[-93.0758077785172,44.9656530122943],[-93.0758086817056,44.9656528734585],[-93.075809549126,44.9656527867151],[-93.0758171972437,44.9656518121383],[-93.0758370977885,44.965649472276],[-93.0758570416777,44.9656473223863],[-93.0758770238419,44.9656453624553],[-93.0758970417415,44.9656435933762],[-93.0759170915742,44.9656420151386],[-93.0759583047631,44.9656389687291],[-93.0759583023809,44.9656413118192],[-93.0759582285014,44.9657217795294],[-93.0759216985899,44.96583533391],[-93.0758613060026,44.9658368979413],[-93.0758965252616,44.9659021676194],[-93.0759195883836,44.9659842264253],[-93.0759209436775,44.9660719018325],[-93.0759039888232,44.9661396529868],[-93.0758600362177,44.9662169098433],[-93.0759577774175,44.9662169553882],[-93.0759575248706,44.9664933122942],[-93.0759575022124,44.9665191339812],[-93.0757536810103,44.9665214435148],[-93.075118948399,44.9665286337206],[-93.0749644079788,44.9665303838772]]]]},"properties":{"kind":"tif","city":"St. Paul","name":"Westminster","tifNumber":249,"districtType":null,"creator":"SPPA","certifiedDate":null,"decertificationDate":"12/31/2031","incrementReceived":1437120,"incrementExpended":212925,"projectArea":"SPPA"}},{"type":"Feature","geometry":{"type":"Polygon","coordinates":[[[-93.1129496451249,44.9325574488168],[-93.1129110436704,44.9289272982366],[-93.1130262190485,44.9288650740453],[-93.1130328720039,44.9288614797742],[-93.1143814090427,44.9284071071635],[-93.1146131033063,44.9283290386908],[-93.1146279548747,44.9283512801047],[-93.1146321546862,44.9283500140687],[-93.114636452468,44.928348925526],[-93.1146403436175,44.9283481158662],[-93.1146404640451,44.9283480954543],[-93.1146408329952,44.9283480198396],[-93.1146452823224,44.9283472996761],[-93.114649782708,44.9283467667933],[-93.1146529783404,44.9283465259742],[-93.1146533091316,44.9283464844624],[-93.1146535371315,44.9283464840998],[-93.1146543202023,44.9283464247575],[-93.1146588770765,44.9283462726271],[-93.1146634406558,44.9283463121721],[-93.1146660848094,44.9283464461742],[-93.1146664762062,44.9283464461964],[-93.1146667838366,44.9283464820138],[-93.1146679906741,44.9283465433444],[-93.114672514469,44.9283469652147],[-93.1146769968494,44.9283475759474],[-93.1146790686215,44.9283479497501],[-93.1146794610665,44.9283479965649],[-93.11467980899,44.9283480837662],[-93.114681418824,44.9283483736981],[-93.1146857664724,44.9283493557348],[-93.1146900258784,44.9283505184253],[-93.1146915385278,44.9283510051867],[-93.1146918864513,44.928351092388],[-93.1146922328731,44.9283512299752],[-93.1146941818633,44.9283518572349],[-93.1146982179733,44.9283533694254],[-93.11470212158,44.9283550468688],[-93.1147031224849,44.9283555369236],[-93.1147033905218,44.9283556428328],[-93.1147036924473,44.9283558154077],[-93.1147058787669,44.928356885933],[-93.1147094769014,44.9283588793898],[-93.1147129020839,44.9283610200081],[-93.1147134563301,44.9283614091318],[-93.114713639502,44.928361514841],[-93.1147138704283,44.9283617016457],[-93.1147161442107,44.9283633014653],[-93.1147191906615,44.9283657138339],[-93.1147220313327,44.9283682507913],[-93.1147222506997,44.9283684717616],[-93.1147223276374,44.928368542128],[-93.1147246561414,44.9283709015163],[-93.1147270562548,44.9283736587893],[-93.1147292228608,44.9283765108923],[-93.1147588395459,44.9284110460799],[-93.1147959984132,44.9284416821442],[-93.1148370313503,44.928466219404],[-93.1148377339387,44.9284665782828],[-93.1148835243777,44.9284862506536],[-93.1148836432284,44.9284862968238],[-93.1149332986808,44.9285007224797],[-93.1149340743041,44.9285009024675],[-93.1149860970597,44.9285096468701],[-93.1149866047458,44.9285096993539],[-93.1150398568174,44.9285126005564],[-93.115040559802,44.92851260311],[-93.1150938229364,44.928509598858],[-93.1150945123737,44.9285095185968],[-93.1151464460737,44.9285006849212],[-93.115146951998,44.928500571835],[-93.1151963646537,44.9284861092933],[-93.1151971069075,44.9284858392957],[-93.1152429255955,44.9284660306089],[-93.1152430297245,44.9284659741656],[-93.1152838760685,44.9284414153724],[-93.1152844987779,44.9284409759289],[-93.1153195624004,44.9284121492278],[-93.11546767783,44.9282692635943],[-93.1154769017709,44.9282605202057],[-93.1154863341812,44.9282518897823],[-93.1154959699861,44.9282433741116],[-93.1155058066437,44.9282349749874],[-93.1155158441374,44.9282266960088],[-93.1155260761254,44.9282185389603],[-93.1155365013329,44.9282105056388],[-93.1155471172097,44.9282025996371],[-93.1155579199517,44.9281948218464],[-93.1155689057423,44.9281871758567],[-93.1155800720441,44.9281796625618],[-93.1155914175777,44.9281722846583],[-93.1156029359975,44.9281650448304],[-93.1156146260327,44.9281579439751],[-93.1156264826,44.9281509856795],[-93.1156385044328,44.9281441699405],[-93.1156506864478,44.9281375003457],[-93.1156630261034,44.9281309786884],[-93.1156755195955,44.9281246058595],[-93.1156881631119,44.9281183845495],[-93.1157009528441,44.928112316549],[-93.1157138862548,44.9281064027518],[-93.1157269582692,44.9281006449455],[-93.1157401650748,44.9280950458206],[-93.1159120574838,44.9280235685605],[-93.1159202638677,44.9287915606399],[-93.1159204462698,44.9287915601677],[-93.1160432601904,44.9287914566534],[-93.1174471652411,44.9287902581664],[-93.1175055942547,44.9287902081106],[-93.1175870412166,44.9287901387777],[-93.1177844810767,44.9287899679038],[-93.1178823676012,44.928718878623],[-93.1179732422217,44.9286528820658],[-93.1180027497049,44.9286310547366],[-93.1181934120723,44.9286314981549],[-93.1182428671233,44.9286316131191],[-93.1182289167676,44.9286493420462],[-93.1182147969831,44.9286670030919],[-93.1182005128322,44.9286845971678],[-93.118186060523,44.9287021224653],[-93.1181714438555,44.9287195789933],[-93.118170073601,44.9287211684715],[-93.1181587454814,44.9287341623866],[-93.1181472580862,44.9287470848452],[-93.1181356101485,44.9287599358442],[-93.1181238054766,44.928772713593],[-93.1181118415414,44.9287854171858],[-93.1174605256165,44.9294996753748],[-93.1166601233754,44.9304728291809],[-93.1163595569361,44.930363720482],[-93.1160591912846,44.930329723104],[-93.1160573625957,44.9301531625809],[-93.116056408367,44.9300610611804],[-93.1159350570424,44.9301618191044],[-93.1159360363998,44.9302536506209],[-93.1159381730332,44.9304540937252],[-93.115942270611,44.9308382763301],[-93.1159458781256,44.931176634041],[-93.1150941019799,44.932046872788],[-93.115065692497,44.9320762954382],[-93.1150371300593,44.9321056430373],[-93.1150084146711,44.9321349146852],[-93.114979546328,44.9321641112818],[-93.1149688553084,44.9321743754526],[-93.1149433589464,44.9321995074346],[-93.1149176477304,44.9322245291283],[-93.1148917204018,44.9322494387312],[-93.1148655807608,44.932274236252],[-93.1148392288199,44.9322989189911],[-93.1148126658414,44.9323234878512],[-93.1147858918336,44.9323479410326],[-93.1147589093341,44.9323722776411],[-93.1147321819867,44.9323959516843],[-93.1147052878495,44.9324195308483],[-93.1146782256685,44.9324430124307],[-93.1146509992354,44.9324663982398],[-93.114623607296,44.9324896855733],[-93.1145960498502,44.9325128744308],[-93.1145683281647,44.9325359648153],[-93.1145404447729,44.9325589567328],[-93.1145106585218,44.9325830716201],[-93.1144806650978,44.9326070582383],[-93.1144504683138,44.9326309138967],[-93.1144200656404,44.9326546376895],[-93.1143894596069,44.9326782305221],[-93.1143701883243,44.932692905967],[-93.1143689435994,44.9326938847242],[-93.1143677970608,44.9326947251422],[-93.1143586527592,44.9327016897011],[-93.1143276438307,44.9327250152232],[-93.1142964353631,44.9327482052948],[-93.1142650286233,44.9327712599186],[-93.1142334248822,44.9327941781976],[-93.1142016241438,44.9328169592319],[-93.1141921503952,44.9328236638548],[-93.1141909809659,44.9328245222132],[-93.1141896211805,44.9328254539068],[-93.114169628946,44.9328396021275],[-93.1141374392929,44.9328621059844],[-93.1141050577223,44.9328844699087],[-93.1140724842382,44.9329066930004],[-93.1140397201119,44.9329287743625],[-93.1140067678766,44.9329507140009],[-93.1139998286681,44.9329552956427],[-93.1134846225298,44.9332998198713],[-93.1129690340781,44.9336445928097],[-93.112965930504,44.93330323632],[-93.1129633306498,44.9330172571031],[-93.1129634116444,44.9327155600512],[-93.1129567951919,44.9326395698197],[-93.1129496451249,44.9325574488168]]]},"properties":{"kind":"tif","city":"St. Paul","name":"Riverbend","tifNumber":210,"districtType":null,"creator":"SPPA","certifiedDate":null,"decertificationDate":"12/31/2032","incrementReceived":1022873,"incrementExpended":1091011,"projectArea":"SPPA"}},{"type":"Feature","geometry":{"type":"Polygon","coordinates":[[[-93.0747506967332,44.9661938634151],[-93.0747678658322,44.9661936929853],[-93.0747668973564,44.9665365130824],[-93.0747497687193,44.966536682722],[-93.0746702225293,44.966537470888],[-93.0745735476892,44.9665384304113],[-93.0744768741279,44.9665393871567],[-93.074380199291,44.9665403447166],[-93.0742641902382,44.9665414945822],[-93.0741481811856,44.9665426434301],[-93.0736841449239,44.9665472385423],[-93.0736844557624,44.9664786741209],[-93.0736847666001,44.9664101096987],[-93.0736850761696,44.9663415452723],[-93.0736853870058,44.9662729808486],[-93.0736856978219,44.9662044200233],[-93.0741494841795,44.9661998206357],[-93.0742654304343,44.9661986716182],[-93.0743813766798,44.9661975233828],[-93.0744779989739,44.9661965656811],[-93.0745746199974,44.9661956078943],[-93.0746712435477,44.9661946509323],[-93.0747506967332,44.9661938634151]]]},"properties":{"kind":"tif","city":"St. Paul","name":"Payne Phalen","tifNumber":257,"districtType":"Housing","creator":"HRA","certifiedDate":"2005-10-14","decertificationDate":"12/31/2032","incrementReceived":63256,"incrementExpended":61882,"projectArea":"Payne Phalen"}},{"type":"Feature","geometry":{"type":"Polygon","coordinates":[[[-93.1257020425049,44.9333551337561],[-93.1257030601316,44.9326832924919],[-93.1258962522027,44.9326841885187],[-93.1261633615893,44.9326842737174],[-93.1268740677186,44.9326845026888],[-93.1271057309133,44.9326845752574],[-93.1280114001558,44.9326856731728],[-93.1280078331995,44.9326904782679],[-93.1280040234479,44.9326951883394],[-93.1279999734663,44.9326997961944],[-93.1279956896123,44.9327042964485],[-93.127994945348,44.9327050209284],[-93.1279948065508,44.9327051834832],[-93.1279945776754,44.9327053773296],[-93.1279911795144,44.9327086828199],[-93.1279864457299,44.9327129499155],[-93.1279814971541,44.9327170914566],[-93.1279763401443,44.9327211020584],[-93.1279744898182,44.9327224395314],[-93.1279742202512,44.9327226683792],[-93.1279738721983,44.9327228853538],[-93.1279709797916,44.9327249763334],[-93.1279654249831,44.9327287098027],[-93.1279596820726,44.9327322979811],[-93.127953759959,44.9327357336902],[-93.1279504673999,44.9327375070405],[-93.127950123159,44.9327377213241],[-93.1279497728319,44.9327378798059],[-93.1279476649842,44.9327390151446],[-93.1279414060432,44.9327421360655],[-93.1279349907526,44.9327450928705],[-93.1279284279954,44.9327478819805],[-93.1279233636054,44.932749860118],[-93.1279230780098,44.9327499899508],[-93.1279228446021,44.9327500632125],[-93.127921726655,44.932750499816],[-93.1279148968852,44.9327529419006],[-93.1279079450277,44.932755206449],[-93.1279008825034,44.9327572889877],[-93.1278937169205,44.932759187734],[-93.1271112242694,44.9329675065516],[-93.1268805232584,44.9330289867174],[-93.1261850327069,44.9332119554904],[-93.1258951840788,44.9332978785885],[-93.1257020425049,44.9333551337561]]]},"properties":{"kind":"tif","city":"St. Paul","name":"Osceola Park","tifNumber":237,"districtType":"Housing","creator":"HRA","certifiedDate":"2003-03-25","decertificationDate":"12/31/2028","incrementReceived":105567,"incrementExpended":101998,"projectArea":"Osceola Park"}},{"type":"Feature","geometry":{"type":"Polygon","coordinates":[[[-93.0917844057847,44.9452100862539],[-93.0919456411545,44.9451313636052],[-93.0922485945076,44.9454412564761],[-93.0920892491324,44.9455187219435],[-93.0920091488722,44.9455576627075],[-93.0917080038383,44.9452473500174],[-93.0917844057847,44.9452100862539]]]},"properties":{"kind":"tif","city":"St. Paul","name":"Minnesota Building","tifNumber":279,"districtType":"Housing","creator":"HRA","certifiedDate":"2008-08-05","decertificationDate":"7/29/1905","incrementReceived":105649,"incrementExpended":98027,"projectArea":"Riverfront"}},{"type":"Feature","geometry":{"type":"MultiPolygon","coordinates":[[[[-93.1945437569455,44.9635692578687],[-93.193967454066,44.963343808465],[-93.1939390863319,44.9633796815224],[-93.193398250866,44.963164367682],[-93.1938296529726,44.9626191968822],[-93.1949434410147,44.9630641580436],[-93.1945437569455,44.9635692578687]]],[[[-93.195104424658,44.9638360074041],[-93.1955303542056,44.9632986243172],[-93.1959337871735,44.9634597898859],[-93.1955078589371,44.9639971735627],[-93.195104424658,44.9638360074041]]]]},"properties":{"kind":"tif","city":"St. Paul","name":"Carlton Lofts","tifNumber":271,"districtType":"Housing","creator":"HRA","certifiedDate":"2007-01-29","decertificationDate":"12/31/2032","incrementReceived":61747,"incrementExpended":175978,"projectArea":"West Midway - South Saint Anthony Park"}},{"type":"Feature","geometry":{"type":"MultiPolygon","coordinates":[[[[-93.0524864084448,44.9541483385021],[-93.0524839624432,44.9539837886703],[-93.0523644205436,44.9539841456211],[-93.0523594430381,44.9536453646396],[-93.0523585402294,44.9535884139816],[-93.0506229628284,44.9535935834935],[-93.0506161172569,44.9531319468365],[-93.0506062212254,44.9524646533501],[-93.0506214775778,44.9524612569683],[-93.0506368114366,44.9524580434717],[-93.0506522202623,44.9524550137529],[-93.0506676989865,44.952452167797],[-93.0506832425302,44.9524495073887],[-93.0506988470867,44.9524470334169],[-93.0507145075929,44.9524447449668],[-93.0507302202317,44.9524426447267],[-93.0507459799344,44.952440732682],[-93.0507617829001,44.9524390088213],[-93.0507776253218,44.9524374740335],[-93.050793500864,44.9524361283001],[-93.0511477504359,44.952408247566],[-93.0512239020666,44.9524023487513],[-93.0513000817359,44.9523966389276],[-93.051376289455,44.952391116295],[-93.0514525226851,44.9523857817459],[-93.051528782689,44.9523806361839],[-93.0515512507751,44.9523791763453],[-93.0515542083602,44.9523789626929],[-93.0515575586794,44.9523787654791],[-93.0516050669433,44.9523756778018],[-93.0516813741714,44.9523709083956],[-93.051757705641,44.9523663279688],[-93.0518340588291,44.9523619347145],[-93.0519104324588,44.9523577304285],[-93.0519579157342,44.9523552346065],[-93.0519613585848,44.9523550322508],[-93.0519644082403,44.9523548935394],[-93.0519868265308,44.9523537151109],[-93.0520632397839,44.952349887858],[-93.0521396709465,44.952346249566],[-93.0522161200246,44.952342799335],[-93.0522925844793,44.9523395380574],[-93.0523690643115,44.9523364657332],[-93.0530660595768,44.9523340727867],[-93.0530780332232,44.9531390986428],[-93.0530854982575,44.9536410762423],[-93.0533172809795,44.9536419889417],[-93.0534542013209,44.9536415363717],[-93.0535174987454,44.9536413279445],[-93.0536201718908,44.9536409885278],[-93.0536252020021,44.9539789615562],[-93.0536252385134,44.9539814352376],[-93.0535626871857,44.9539816305853],[-93.0533223157065,44.9539823815893],[-93.0533247641215,44.9541469287037],[-93.0534787877098,44.9541452316421],[-93.0534837316791,44.954491681506],[-93.0533299114223,44.9544928959673],[-93.0530981610617,44.9544930334747],[-93.052304421769,44.9544954060983],[-93.0522992736095,44.9541488979828],[-93.0524864084448,44.9541483385021]]],[[[-93.0525498708216,44.9545492885776],[-93.0530982744613,44.9545476720213],[-93.0531032135875,44.95489413087],[-93.052554771085,44.954895760844],[-93.0525498708216,44.9545492885776]]]]},"properties":{"kind":"tif","city":"St. Paul","name":"Bridgecreek Senior Place","tifNumber":240,"districtType":"Housing","creator":"HRA","certifiedDate":"2005-01-25","decertificationDate":"12/31/2029","incrementReceived":185676,"incrementExpended":88927,"projectArea":"Bridgecreek Senior Place Housing"}},{"type":"Feature","geometry":{"type":"Polygon","coordinates":[[[-93.0920737639777,44.9485914129489],[-93.0917562417469,44.9482666420316],[-93.0919144906264,44.9481906085361],[-93.0920727378159,44.9481145757167],[-93.0922309845918,44.9480385417772],[-93.0923888257656,44.9479627018423],[-93.092546665247,44.9478868634846],[-93.0928006712982,44.9477648172343],[-93.0929101825148,44.9478776072258],[-93.0930184222803,44.9479890864519],[-93.093120943378,44.9480946752757],[-93.0931031414459,44.9481033239391],[-93.0928661218018,44.9482184801837],[-93.0927085630549,44.9482965908125],[-93.0925509790217,44.9483751069729],[-93.0925618360973,44.94838652622],[-93.092719426496,44.9483080073614],[-93.0928769985662,44.9482297707786],[-93.0931140766613,44.9481145867662],[-93.0931318773327,44.9481059371981],[-93.0932234635895,44.9482002631027],[-93.0933331831947,44.9483132655609],[-93.0934492791435,44.9484328329182],[-93.0931841841476,44.9485534172079],[-93.0930273059026,44.9486299121491],[-93.0928683320669,44.9487077899438],[-93.0927104053932,44.9487849755325],[-93.0925524782958,44.9488621609016],[-93.0923945507746,44.9489393460512],[-93.0920737639777,44.9485914129489]]]},"properties":{"kind":"tif","city":"St. Paul","name":"Block 4 (MN Mutual)","tifNumber":212,"districtType":"Redevelopment","creator":"HRA","certifiedDate":"1999-02-05","decertificationDate":"12/31/2026","incrementReceived":1724810,"incrementExpended":1524941,"projectArea":"Downtown and 7th Place"}},{"type":"Feature","geometry":{"type":"MultiPolygon","coordinates":[[[[-93.098945492323,44.944765893267],[-93.0990234845792,44.9443580226],[-93.0989619664148,44.9443548980968],[-93.0989133685159,44.9443524293415],[-93.0989185092452,44.9443384933225],[-93.098942779236,44.9442566370363],[-93.0999701084698,44.9443734170141],[-93.099954766184,44.944454977159],[-93.0999414860853,44.9445255710561],[-93.1001686885852,44.9445491847428],[-93.1002995190056,44.9445487085842],[-93.1003051918021,44.9445187545297],[-93.1003339039316,44.9444800467049],[-93.1004622784334,44.9443414958187],[-93.1004766226599,44.944300176177],[-93.1004902653594,44.9442683081845],[-93.1005085448697,44.9442215760481],[-93.100561070771,44.9441466379156],[-93.1005622579114,44.9441448421405],[-93.1006095794003,44.9440695284616],[-93.1006106844752,44.9440676730953],[-93.1006541270878,44.9439898735103],[-93.1007064312909,44.9439953236754],[-93.1007122086593,44.943941704887],[-93.1006799267775,44.9439383460024],[-93.1007065863525,44.9438796698384],[-93.1007669446028,44.9439006346368],[-93.100987766467,44.9439772629237],[-93.1012306484512,44.944061696288],[-93.101444796571,44.9441795238194],[-93.1016589298837,44.9442974489871],[-93.1018730653413,44.9444153737538],[-93.1018898498331,44.9444246175074],[-93.1019917028178,44.9445006983187],[-93.1022489121495,44.9446937843293],[-93.1022508828315,44.9446952441755],[-93.102396196212,44.9448028404137],[-93.1021752382851,44.9451020195927],[-93.1021710927909,44.94510664249],[-93.1019222517684,44.9453842587202],[-93.1018661023628,44.9454476304829],[-93.1018446126485,44.9454718830874],[-93.1017504723843,44.9454624835119],[-93.1017295702001,44.9454603965506],[-93.1016899845957,44.9454564440481],[-93.1014500345047,44.9454324851749],[-93.1012281183371,44.9454103259198],[-93.1010003261845,44.945387580312],[-93.1008446207592,44.9453710225964],[-93.1007724360477,44.9453600551228],[-93.1005361980427,44.9453365759189],[-93.1004983829605,44.9453328172511],[-93.1004334793199,44.9453263666571],[-93.1003037885903,44.9453134773449],[-93.1003054819617,44.9453043367913],[-93.1000290243851,44.9452946263956],[-93.0998012733235,44.9452709282949],[-93.0995735237122,44.9452472306425],[-93.0993457730259,44.9452235316323],[-93.0990952479909,44.9451974629169],[-93.0989258915801,44.9451798409846],[-93.0988674989656,44.9451737629549],[-93.098945492323,44.944765893267]]],[[[-93.1033894956651,44.9469609946053],[-93.1030479793945,44.9467432752752],[-93.102815078135,44.9467201473376],[-93.102407632452,44.9465279462697],[-93.102300606918,44.9465068764027],[-93.1021935827251,44.9464858073383],[-93.1022328574054,44.946070668644],[-93.1020149250404,44.9459857114169],[-93.1020120264974,44.9459845813083],[-93.1019315688456,44.9459051025514],[-93.1020498290953,44.9457624164367],[-93.1022463359886,44.9455253162554],[-93.1023293150601,44.9455339491865],[-93.1024329230933,44.9451122319483],[-93.1026732398014,44.9450512315375],[-93.1028354053887,44.9449105646998],[-93.1028522144886,44.9449031259203],[-93.1029372971923,44.9449463540243],[-93.1031254482462,44.9450419467839],[-93.1031397068458,44.9450498542304],[-93.1031538547418,44.9450578594825],[-93.1031678919255,44.9450659643396],[-93.1031847282297,44.945075837894],[-93.1032013876936,44.9450858612796],[-93.1032178677876,44.9450960335905],[-93.1032341659864,44.945106353021],[-93.1032440833259,44.9451127930052],[-93.1032449284377,44.94511331247],[-93.1032456216966,44.9451137928703],[-93.1032502797692,44.9451168168655],[-93.1032662053394,44.9451274242151],[-93.1032819427013,44.9451381741699],[-93.1032974868045,44.9451490631184],[-93.1033128363818,44.9451600910576],[-93.1033172298809,44.9451633285551],[-93.1033179092563,44.9451637981231],[-93.1033186464108,44.9451643713109],[-93.1033279901752,44.9451712561849],[-93.1033429431295,44.9451825557884],[-93.1033576939867,44.9451939880656],[-93.1033722414884,44.9452055512139],[-93.1033865831049,44.9452172443273],[-93.1033988378084,44.9452292229561],[-93.1034108892914,44.9452413045628],[-93.1034227362911,44.9452534882446],[-93.1034343750108,44.9452657730926],[-93.1034458041964,44.9452781564041],[-93.1034570213228,44.9452906363735],[-93.1034603150354,44.9452943993548],[-93.1034607146484,44.9452948178464],[-93.1034611088563,44.9452953056098],[-93.1034680276612,44.9453032121042],[-93.1034788194235,44.9453158808875],[-93.1034893953515,44.9453286409207],[-93.1034997541867,44.9453414904013],[-93.1035098934038,44.9453544275234],[-93.1035198142785,44.9453674504906],[-93.1035259268071,44.9453757122277],[-93.1035263033785,44.9453761792521],[-93.1035265977337,44.945376617281],[-93.1035295117514,44.945380557491],[-93.1035389871024,44.9453937458283],[-93.1035482377974,44.9454070154964],[-93.1035572625913,44.9454203619932],[-93.1035660602123,44.9454337862155],[-93.1035746294154,44.9454472836613],[-93.1035829702047,44.9454608534306],[-93.1036107142804,44.9455059739709],[-93.103611079227,44.9455064868567],[-93.1036461614946,44.9455485876274],[-93.1036467350628,44.9455491910054],[-93.1036888125037,44.9455879418291],[-93.1036893211367,44.9455883497893],[-93.1037380661071,44.9456233845329],[-93.1037309231002,44.9456631619531],[-93.1038964189995,44.945660209365],[-93.1040429438504,44.9456629301758],[-93.1039500718512,44.9461204649828],[-93.1040446579514,44.9465778369931],[-93.1038032019676,44.9467059326021],[-93.1037972387624,44.9468512757152],[-93.1036529328308,44.94683953406],[-93.1036004820153,44.9468352447487],[-93.1033894956651,44.9469609946053]]],[[[-93.0954228383356,44.9453072651369],[-93.0955827678205,44.9452297919978],[-93.0959118307422,44.9455716490567],[-93.0962408963074,44.9459135051448],[-93.0960805106522,44.9459907827937],[-93.0959201245661,44.9460680602161],[-93.0958444973934,44.9461044990693],[-93.0957597380493,44.9461453374122],[-93.0955993511016,44.9462226143818],[-93.095438963723,44.946299891125],[-93.0952785759091,44.9463771685416],[-93.0949508776005,44.9460358989265],[-93.0946231831793,44.9456946283519],[-93.0947831160892,44.9456171554419],[-93.0949430472969,44.9455396832034],[-93.0951029780738,44.9454622107397],[-93.0951881380702,44.9454209581821],[-93.09526290842,44.9453847380509],[-93.0954228383356,44.9453072651369]]],[[[-93.102724947627,44.9447624958963],[-93.1027372587171,44.9446937574074],[-93.1038009411559,44.94527323149],[-93.1037889744306,44.945288019313],[-93.1031665868674,44.945027199183],[-93.1031678777483,44.9450061675294],[-93.102724947627,44.9447624958963]]]]},"properties":{"kind":"tif","city":"St. Paul","name":"Block 39 Arena","tifNumber":213,"districtType":"Redevelopment","creator":"HRA","certifiedDate":"1999-02-05","decertificationDate":"12/31/2026","incrementReceived":2012972,"incrementExpended":1883709,"projectArea":"Downtown and 7th Place"}},{"type":"Feature","geometry":{"type":"Polygon","coordinates":[[[-93.0473379716099,44.9542401593755],[-93.0472590288561,44.9542062092126],[-93.0472274821671,44.9541873849514],[-93.0471958479429,44.9541835449526],[-93.047148517655,44.9541571814545],[-93.0471010328707,44.9541570415321],[-93.0470377219374,44.9541568549444],[-93.0468477415124,44.9541637875448],[-93.0468643767445,44.9540831362779],[-93.0468348619413,44.9532390736482],[-93.0473688364117,44.9532430929144],[-93.047364804026,44.9527538202876],[-93.0482435784325,44.9527517768619],[-93.0482347885663,44.9533549123846],[-93.0473379716099,44.9542401593755]]]},"properties":{"kind":"tif","city":"St. Paul","name":"Wilson II Housing","tifNumber":324,"districtType":"Housing","creator":"HRA","certifiedDate":"2017-12-30","decertificationDate":"12/31/2044","incrementReceived":130187,"incrementExpended":118539,"projectArea":"Wilson II"}},{"type":"Feature","geometry":{"type":"Polygon","coordinates":[[[-93.0951783558335,44.9466238004362],[-93.0952175384346,44.9466050700037],[-93.0955457077264,44.9469440832783],[-93.0958568846758,44.9472655325928],[-93.0956973099907,44.9473419443255],[-93.0955393464042,44.9474199156683],[-93.0953802884332,44.9474967142791],[-93.0952222203559,44.9475751384228],[-93.0950630070862,44.9476526677437],[-93.0948253827569,44.9477687848203],[-93.0947315654656,44.9476724983727],[-93.0946205378366,44.9475585149499],[-93.0945095093805,44.9474445314139],[-93.0943985872551,44.947330656013],[-93.0942875596784,44.9472166722568],[-93.0941765338087,44.9471026883938],[-93.0944167604028,44.9469878578784],[-93.0945290856354,44.9469341645698],[-93.0945769168652,44.9469113000351],[-93.0947370728969,44.9468347428659],[-93.0948972285024,44.9467581854709],[-93.0950573836816,44.9466816278502],[-93.0951123562766,44.9466553492665],[-93.0951783558335,44.9466238004362]]]},"properties":{"kind":"tif","city":"St. Paul","name":"Wabasha & Sixth Street Redevelopment","tifNumber":321,"districtType":null,"creator":"SPPA","certifiedDate":null,"decertificationDate":"12/31/2044","incrementReceived":795700,"incrementExpended":808667,"projectArea":"SPPA"}},{"type":"Feature","geometry":{"type":"Polygon","coordinates":[[[-93.0894189560132,44.9395525473236],[-93.0898159989457,44.9400288968905],[-93.0893544479686,44.9402205492461],[-93.0893291341439,44.9402026002862],[-93.089299896229,44.940187964203],[-93.0892675846809,44.9401770669966],[-93.0892331366594,44.9401702260138],[-93.0891975532791,44.9401676390928],[-93.0891618679559,44.9401693808827],[-93.0891271172743,44.9401754018678],[-93.0890943118632,44.9401855255937],[-93.0890644021312,44.9401994602762],[-93.0890382592637,44.9402167987516],[-93.0890166409155,44.9402370381841],[-93.0890001772158,44.9402595917267],[-93.0889893428168,44.9402838037452],[-93.0889844567882,44.9403089705133],[-93.0889856584386,44.9403343608462],[-93.0889929122715,44.9403592377077],[-93.0890060104219,44.9403828771133],[-93.0890245687158,44.9404045951143],[-93.0890480519524,44.9404237586607],[-93.0890757750328,44.9404398125993],[-93.0893497066494,44.9407547765436],[-93.0890200322395,44.9407210725783],[-93.0889486535708,44.9407106341611],[-93.0888797248175,44.9406938277713],[-93.0888143696462,44.9406709244578],[-93.0887536516348,44.9406423003942],[-93.0886985566216,44.9406084197365],[-93.088649981307,44.9405698336933],[-93.0886087193683,44.9405271705911],[-93.0884023262562,44.939985253996],[-93.0884025529308,44.9399850269302],[-93.0889709611163,44.9397431703881],[-93.0893192453976,44.9395949746397],[-93.0894189560132,44.9395525473236]]]},"properties":{"kind":"tif","city":"St. Paul","name":"West Side Flats Housing","tifNumber":305,"districtType":"Housing","creator":"HRA","certifiedDate":"2014-01-15","decertificationDate":"12/31/2040","incrementReceived":197908,"incrementExpended":185213,"projectArea":"Riverfront"}},{"type":"Feature","geometry":{"type":"MultiPolygon","coordinates":[[[[-93.0865728047375,44.9630558568318],[-93.0863023905657,44.9630542732807],[-93.0862183244792,44.9630636904631],[-93.0862186324597,44.9629056816234],[-93.0862181191944,44.9628291229387],[-93.086217972784,44.9628071681752],[-93.0862175309072,44.9627413254727],[-93.0862172349979,44.9626970326193],[-93.0862169068891,44.9626481776619],[-93.0862166122745,44.9626041250595],[-93.0862163010182,44.9625576510338],[-93.0862161371457,44.9625331884626],[-93.0862159846507,44.9625104490508],[-93.0862156923788,44.9624669246401],[-93.0862154802427,44.9624351213198],[-93.0862147748456,44.9623297584164],[-93.0862144647744,44.9622835462354],[-93.0862139124661,44.9622012988631],[-93.0862138562167,44.9621925597936],[-93.0859995765424,44.9621944734387],[-93.0858731687376,44.9621956025883],[-93.0857796210327,44.9620592647259],[-93.0856861932692,44.9619231016581],[-93.0856411424965,44.9618574458127],[-93.0856403511744,44.9617833374589],[-93.0856391184093,44.9616681652677],[-93.0856388836743,44.9616461778753],[-93.0856374455059,44.9615116781942],[-93.085635979287,44.9613745186078],[-93.0856344831262,44.9612345749377],[-93.0856330169215,44.9610974153452],[-93.0856315496753,44.9609602134559],[-93.085630756887,44.9608861482781],[-93.0856300824315,44.9608230124634],[-93.0856286162431,44.9606858537615],[-93.0856271500571,44.9605486959563],[-93.0856256828436,44.960411493155],[-93.085623473827,44.9602858770301],[-93.085643199369,44.9603107919598],[-93.0856627433252,44.9603357783969],[-93.0856821056953,44.9603608363413],[-93.0857012864792,44.9603859657932],[-93.0857202818888,44.9604111640435],[-93.0857404549599,44.9604382711529],[-93.0857604147306,44.9604654559856],[-93.0857801637259,44.9604927203478],[-93.0857996981622,44.9605200606306],[-93.0858190193021,44.9605474777372],[-93.0858381598496,44.9605750194426],[-93.0858570845748,44.9606026361659],[-93.0858757934821,44.9606303270072],[-93.0858942853087,44.9606580910637],[-93.0859125587914,44.9606859274322],[-93.0859300242865,44.9607129167731],[-93.0859472854097,44.9607399721642],[-93.08596434217,44.9607670918061],[-93.0859811932905,44.9607942774951],[-93.085997838785,44.960821526532],[-93.0860144947596,44.9608492030019],[-93.0860309400341,44.9608769437064],[-93.0860471708153,44.960904746836],[-93.0860631896378,44.9609326123974],[-93.0860789939666,44.9609605403842],[-93.0860936772348,44.9609868898866],[-93.0861081714008,44.9610132928827],[-93.0861224752062,44.9610397475699],[-93.0861365873789,44.9610662548446],[-93.0861505079326,44.9610928120077],[-93.0861650147756,44.9611209417584],[-93.0861793071649,44.961149125837],[-93.0861933850954,44.9611773651432],[-93.0862072460415,44.9612056578709],[-93.0862208912795,44.961234002224],[-93.0862343195372,44.9612623990989],[-93.0862475320909,44.9612908466995],[-93.0862605264056,44.9613193450192],[-93.0862733037578,44.9613478922619],[-93.0862858628795,44.9613764884242],[-93.0862982037755,44.9614051326066],[-93.0863103251824,44.9614338239059],[-93.0863222283721,44.9614625614257],[-93.0863339120816,44.961491344263],[-93.0864055208872,44.9616695636937],[-93.0864057811568,44.9616702122318],[-93.0864366711644,44.9617470920151],[-93.0865100459521,44.9618015574423],[-93.0866012541807,44.9618666311276],[-93.0866882619611,44.9619261492103],[-93.0867890574002,44.961992166368],[-93.0867948695548,44.9619958805773],[-93.0868178546477,44.9620104748831],[-93.0868267016269,44.9620029961822],[-93.0868416858435,44.9619905044068],[-93.0868568191362,44.9619781038973],[-93.0868721014958,44.9619657964531],[-93.0868875316595,44.9619535811711],[-93.0869031070785,44.9619414607441],[-93.0869217604955,44.9619272247662],[-93.0869406147213,44.9619131242778],[-93.0869596697558,44.9618991592789],[-93.0869789217829,44.9618853324588],[-93.0869983695355,44.9618716438142],[-93.0870116368902,44.9618624930395],[-93.0870123798349,44.9618619523852],[-93.0870130563521,44.9618615132367],[-93.0870180117319,44.961858096041],[-93.0870378458377,44.9618446891325],[-93.0870578693041,44.9618314257816],[-93.0870780808591,44.9618183068845],[-93.0870984779633,44.9618053333343],[-93.0871190580682,44.9617925078239],[-93.0871270678341,44.9617876183699],[-93.0871279350957,44.9617870555425],[-93.0871288935527,44.9617865037494],[-93.0871398224457,44.9617798294566],[-93.0871607647405,44.961767301815],[-93.0871818824226,44.9617549239926],[-93.0872031780081,44.9617426995951],[-93.0872246464324,44.9617306277095],[-93.0872462838794,44.9617187110252],[-93.0872493938657,44.9617170256583],[-93.087249945403,44.9617167364518],[-93.0872680916118,44.9617069504452],[-93.0872900645603,44.9616953459562],[-93.0873122014392,44.961683901154],[-93.0873345009857,44.9616726151355],[-93.0873569593885,44.9616614896902],[-93.0873763405655,44.961652086588],[-93.0873767674359,44.9616518870382],[-93.0873795753757,44.9616505257146],[-93.0874023464034,44.9616397250017],[-93.0874252711997,44.9616290884478],[-93.0874483434233,44.9616186169361],[-93.0874715668717,44.9616083113764],[-93.0874949339362,44.9615981726485],[-93.0875073357867,44.9615929130362],[-93.0875083507875,44.9615924549664],[-93.0875093515277,44.9615920589463],[-93.0875184446077,44.961588202552],[-93.0875420950795,44.9615784019767],[-93.0875658853518,44.9615687709224],[-93.0875898103459,44.9615593111758],[-93.0876138700529,44.961550024536],[-93.0876380594079,44.9615409100903],[-93.0876442166125,44.9615386468345],[-93.0876449951075,44.9615383384184],[-93.087645929554,44.9615380178091],[-93.0876623783972,44.9615319705378],[-93.0876868232236,44.9615232049689],[-93.0877113913385,44.9615146160763],[-93.0877360802075,44.9615062038534],[-93.0877608885585,44.9614979691965],[-93.0877858113179,44.9614899129923],[-93.0877697105155,44.9614649835349],[-93.0877945860621,44.9614572331408],[-93.0878195709478,44.9614496611862],[-93.0878446601034,44.9614422676578],[-93.0878698535246,44.9614350534555],[-93.0878951474092,44.9614280185693],[-93.0879205392137,44.9614211647921],[-93.0879460276707,44.9614144921206],[-93.0879716077018,44.9614080023413],[-93.0879972793119,44.9614016945542],[-93.0880230386944,44.9613955696492],[-93.0880488833055,44.9613896294194],[-93.0880748106154,44.9613838729583],[-93.0881008180802,44.9613783020589],[-93.0881269031656,44.9613729167146],[-93.0881530620651,44.9613677178152],[-93.0881792947787,44.9613627053608],[-93.0882055949653,44.9613578802347],[-93.088231963888,44.9613532433399],[-93.088258396482,44.9613487937635],[-93.0882848902038,44.9613445332985],[-93.0883114437861,44.9613404619414],[-93.0883380534225,44.9613365805823],[-93.0883647153157,44.9613328883116],[-93.0883914294614,44.9613293860289],[-93.0884181907812,44.9613260755207],[-93.0884449992844,44.9613229549874],[-93.0884718486255,44.9613200262122],[-93.0884987388091,44.9613172882952],[-93.0885256660242,44.9613147430263],[-93.088552629013,44.9613123886024],[-93.0885796226925,44.9613102277099],[-93.0886066458047,44.9613082585458],[-93.0886336958059,44.9613064829033],[-93.0886607701663,44.9613048998759],[-93.0886878638168,44.9613035094505],[-93.0887149767528,44.961302312527],[-93.0887421051728,44.9613013090954],[-93.0887692465421,44.9613004991493],[-93.0887963983263,44.9612998826821],[-93.0888235567237,44.9612994596839],[-93.088850720467,44.9612992301515],[-93.0888778857544,44.9612991940751],[-93.0893402003061,44.9613002664248],[-93.0893387497394,44.9613673486784],[-93.0893407870544,44.9614344237209],[-93.0893410795246,44.9614394408969],[-93.0893501307238,44.9615330189188],[-93.0893659660908,44.9616261411173],[-93.0893858084404,44.9617087099035],[-93.0893941308935,44.96173782749],[-93.0894319244011,44.9617321543745],[-93.0894652728246,44.9618441294185],[-93.0894659369505,44.9618463599499],[-93.0894652212896,44.9619286364268],[-93.0894904736148,44.9619287482446],[-93.0895150103631,44.9620111338335],[-93.0895588492282,44.9621568893999],[-93.089598438317,44.9622898153619],[-93.0896369572128,44.9624191519234],[-93.0896682953101,44.9625243740703],[-93.089672905812,44.9625403278076],[-93.0896772448918,44.9625563204376],[-93.0896812082658,44.9625719251839],[-93.0896849141906,44.9625875625603],[-93.0896883614125,44.9626032298642],[-93.0896915499451,44.9626189243963],[-93.0896928501799,44.9626259012427],[-93.0896930472033,44.9626267817605],[-93.0896931782854,44.962627669307],[-93.0896944772625,44.9626346443506],[-93.089697147176,44.9626503879371],[-93.0896995558968,44.9626661524469],[-93.0897017034341,44.9626819360802],[-93.089703591064,44.9626977370407],[-93.0897051621724,44.9627129766074],[-93.0897064911397,44.9627282290479],[-93.089707576721,44.9627434898603],[-93.0897079399126,44.9627500539836],[-93.0897080282385,44.9627511240808],[-93.0897080570106,44.9627521913253],[-93.0897084201838,44.9627587590477],[-93.0897090190022,44.962774034804],[-93.0897093757292,44.9627893135366],[-93.0897094891017,44.9628045943424],[-93.0897094729331,44.9628320923875],[-93.0897094260995,44.9629169899096],[-93.0898986335245,44.9629175917678],[-93.0899249620485,44.9634469679052],[-93.0898671342732,44.9634377707543],[-93.0897337951467,44.9634189664476],[-93.0897078949295,44.963414303597],[-93.0887093736165,44.9632345041113],[-93.08860123554,44.9632161990461],[-93.088489405251,44.9631838536558],[-93.088258710524,44.9631177433579],[-93.0880529432461,44.963112016526],[-93.0876830035025,44.9631017195946],[-93.0869761512585,44.96308204113],[-93.0869152337021,44.9630803451418],[-93.0867173017543,44.9630567031078],[-93.0865728047375,44.9630558568318]]],[[[-93.0879908293528,44.9611117160194],[-93.0879860899519,44.9611115993752],[-93.0879858935106,44.9611115988668],[-93.0879852776647,44.9611115792767],[-93.0879797408879,44.9611112536129],[-93.0879742316915,44.9611107399606],[-93.0879687640071,44.9611100401555],[-93.087967279887,44.9611097969654],[-93.0879669530646,44.961109765526],[-93.0879665694787,44.9611096817509],[-93.0879633505087,44.9611091542303],[-93.0879580025838,44.9611080858139],[-93.0879527329017,44.9611068358387],[-93.0879490183998,44.9611058121412],[-93.0879486955828,44.9611057411207],[-93.0879484779938,44.961105663174],[-93.0879475541129,44.9611054088366],[-93.087942476347,44.9611038066335],[-93.087937513522,44.9611020337644],[-93.0879326757538,44.9611000947545],[-93.08793183235,44.9610997173518],[-93.0879316185539,44.9610996412146],[-93.087931351852,44.9610995019539],[-93.0879279744347,44.9610979923329],[-93.0879234209387,44.9610957328275],[-93.0879190241143,44.9610933207604],[-93.087916514901,44.9610918016892],[-93.0879161862556,44.9610916316747],[-93.087915951395,44.961091461903],[-93.0879147966027,44.9610907624629],[-93.087910745985,44.9610880624538],[-93.0879068810912,44.9610852288541],[-93.0879032133044,44.9610822661924],[-93.0879028234272,44.9610819268556],[-93.0879027010985,44.9610818086643],[-93.0878997489244,44.9610791816835],[-93.0878964980485,44.9610759834517],[-93.087893464442,44.9610726787054],[-93.0878921117159,44.961071035755],[-93.0878918784694,44.961070798502],[-93.0878917149649,44.961070554231],[-93.0878906594784,44.9610692737726],[-93.0878880869139,44.9610657776611],[-93.0878857543109,44.9610621984888],[-93.087883664167,44.9610585434607],[-93.0878075672952,44.9609156532411],[-93.0878000483446,44.9609012710512],[-93.0877927768653,44.9608868247156],[-93.0877857528481,44.9608723160339],[-93.0877789775417,44.9608577486086],[-93.0877724522084,44.960843123343],[-93.0877661781018,44.9608284429396],[-93.087760156475,44.9608137101012],[-93.0877543873233,44.9607989257276],[-93.0877488706327,44.9607840925182],[-93.0877436101911,44.9607692131824],[-93.0877386034544,44.9607542895131],[-93.0877338542153,44.9607393233199],[-93.0877293599249,44.9607243172956],[-93.0877251243712,44.9607092741495],[-93.0877211462776,44.9606941956778],[-93.0877174269065,44.9606790827837],[-93.0877139662345,44.9606639399662],[-93.0877107655289,44.9606487672287],[-93.0877078247662,44.96063356907],[-93.0877051439418,44.9606183463901],[-93.0877027243088,44.9606031018915],[-93.0877005671252,44.9605878373773],[-93.0876986711142,44.9605725546436],[-93.0876970349895,44.9605572572865],[-93.0876956638114,44.9605419471186],[-93.0876945537636,44.9605266268296],[-93.0876937061086,44.9605112973224],[-93.0876931208323,44.9604959612965],[-93.0876927991834,44.9604806223544],[-93.0876927373596,44.9604652804861],[-93.0876940311698,44.9601891429842],[-93.0876993021045,44.9590634836263],[-93.0877039961283,44.9580608874128],[-93.0877041554931,44.9580557706217],[-93.0877045822249,44.958050660822],[-93.0877052788211,44.9580455652185],[-93.0877062414336,44.9580404927994],[-93.0877069974971,44.9580373886235],[-93.0877070317925,44.9580371268685],[-93.0877071165669,44.9580369066353],[-93.0877074713018,44.9580354489667],[-93.0877089645868,44.958030440909],[-93.0877107199795,44.9580254767211],[-93.0877127349176,44.9580205617952],[-93.0877150080922,44.9580157042261],[-93.0877157388526,44.9580143177167],[-93.087715822355,44.95801409838],[-93.087715979453,44.9580138612379],[-93.0877175344063,44.9580109093994],[-93.0877203100161,44.9580061854036],[-93.0877233323549,44.9580015385304],[-93.0877265975929,44.957996974169],[-93.0877301006193,44.9579925004041],[-93.0877338350697,44.9579881226183],[-93.087737798382,44.9579838462036],[-93.0877419829198,44.957979677439],[-93.087746383577,44.9579756235095],[-93.0877492284946,44.9579731951008],[-93.0877494348689,44.9579729868802],[-93.0877496536433,44.9579728317802],[-93.0877509939986,44.9579716879981],[-93.0877558090786,44.9579678780898],[-93.0877608199225,44.9579641982606],[-93.0877660214336,44.9579606538962],[-93.0877714059849,44.9579572494759],[-93.0877730216015,44.9579563025644],[-93.0877732403758,44.9579561474644],[-93.0877735313304,44.9579560033491],[-93.0877769646778,44.9579539903752],[-93.0877826924199,44.9579508810802],[-93.0877885777871,44.9579479251604],[-93.0877946156824,44.9579451280015],[-93.0878007959538,44.9579424922765],[-93.0878071097071,44.9579400224614],[-93.087813550592,44.9579377212392],[-93.0878201071845,44.9579355921795],[-93.0878267705949,44.9579336388584],[-93.0878309304476,44.9579325464677],[-93.0878312681253,44.9579324348663],[-93.0878315789171,44.9579323762838],[-93.0878335319431,44.9579318630527],[-93.0878403823396,44.9579302683384],[-93.0878473116415,44.9579288555891],[-93.0878543109639,44.9579276274812],[-93.0878613688921,44.9579265857847],[-93.0878634181311,44.9579263391451],[-93.0878637339966,44.9579262796759],[-93.0878641079727,44.9579262563495],[-93.0878684778177,44.9579257313798],[-93.0878756263212,44.9579250669362],[-93.0878828042691,44.957924591528],[-93.0878900027811,44.9579243069316],[-93.0878972104516,44.9579242131177],[-93.0886250568638,44.9579244198632],[-93.0887022997909,44.9579255749336],[-93.0886991357289,44.9581422367473],[-93.0886983507318,44.9581960305947],[-93.0888462960904,44.9581972232382],[-93.0891171167785,44.9584734005246],[-93.0892090063557,44.9585671075862],[-93.0892306559593,44.9585891843689],[-93.0893122770599,44.9586724199168],[-93.0893166217528,44.9584742557887],[-93.0893552628069,44.9584744210342],[-93.0893784606185,44.9584745203891],[-93.0893926961243,44.9584745822556],[-93.0893878719818,44.9587495085954],[-93.0894807333103,44.9587499187368],[-93.0896043304458,44.9587504637136],[-93.0896181882666,44.9587455792398],[-93.0896219952765,44.9584713269299],[-93.0896529753529,44.9584714957498],[-93.0899281107911,44.9584729926771],[-93.0899201928766,44.9587472227253],[-93.0899279542275,44.9589114070841],[-93.0899311179163,44.9590949353654],[-93.0898927017644,44.9590945738367],[-93.0897321698156,44.9590930604334],[-93.0897249131371,44.9593336339637],[-93.0897258494799,44.9598883511724],[-93.0896292780578,44.9598884337782],[-93.0896292729568,44.9598914184247],[-93.0896293198814,44.9599132541602],[-93.0896297825063,44.9601875137973],[-93.0896300610838,44.9603526182785],[-93.0896301301167,44.9603942003308],[-93.0896037527052,44.9604743187238],[-93.0895963360324,44.9604730875926],[-93.0895699572703,44.9605532059736],[-93.0894507765583,44.9608297930495],[-93.0894132206735,44.9609264849394],[-93.0894126688384,44.9609280761761],[-93.089382740685,44.9610261032191],[-93.0888791528651,44.961024936239],[-93.0887059678589,44.9610279795698],[-93.0885332950506,44.9610379083831],[-93.0883616782428,44.9610546916937],[-93.0881916537554,44.9610782751057],[-93.0880237592754,44.961108585334],[-93.0880183805156,44.9611095728991],[-93.088012940602,44.9611103758454],[-93.0880074534847,44.9611109924092],[-93.0880053766898,44.9611111534986],[-93.0880050025406,44.9611112065187],[-93.088004595671,44.9611112144637],[-93.0880019305702,44.9611114226201],[-93.0879963858132,44.9611116638147],[-93.0879908293528,44.9611117160194]]],[[[-93.0861483356759,44.9593340165436],[-93.0861945011479,44.9593043198588],[-93.0861946257534,44.9593228868041],[-93.086310514544,44.959323250608],[-93.0863089609539,44.9590915309222],[-93.0863067090359,44.958755511855],[-93.0863040805742,44.9583633240191],[-93.0863016362233,44.9579985627654],[-93.0863011354447,44.9579237451804],[-93.0872019186349,44.9579240124373],[-93.0872321858885,44.9579257160364],[-93.087261703411,44.9579307667649],[-93.0872897418767,44.9579390403574],[-93.0873156078639,44.9579503307597],[-93.0873386615512,44.9579643591731],[-93.0873583331589,44.9579807803947],[-93.0873741381334,44.9579991873566],[-93.0873856859445,44.9580191255443],[-93.0873926889103,44.9580401020187],[-93.0873949748013,44.9580615989446],[-93.0873901342536,44.9590940908715],[-93.0873865493559,44.9598586062605],[-93.0873861303778,44.9599479218183],[-93.087383707997,44.9604645505091],[-93.0873871162419,44.9605539083772],[-93.087387230866,44.9605552772808],[-93.0873981769554,44.960643496645],[-93.0873984068211,44.9606448829438],[-93.087417053866,44.9607332761431],[-93.0874432253964,44.9608206774664],[-93.0874437124492,44.9608220815282],[-93.0874770060378,44.9609073957614],[-93.0874775796891,44.960908719065],[-93.0875185044841,44.9609932495422],[-93.0875945969708,44.9611361336442],[-93.0875964358142,44.9611398555119],[-93.0875980221471,44.9611436361124],[-93.0875993509464,44.9611474664346],[-93.0875997490868,44.9611489098568],[-93.0875998592177,44.9611491818839],[-93.0875999070997,44.9611494825434],[-93.0876004197234,44.961151337474],[-93.0876012272572,44.9611552402295],[-93.0876017685244,44.9611591656898],[-93.0876020035202,44.9611625135802],[-93.0876020204722,44.9611626674911],[-93.0876020448339,44.9611631057602],[-93.0876020549739,44.9611670496398],[-93.0876017989813,44.9611709901303],[-93.087601276907,44.9611749173339],[-93.0876010610193,44.9611759875445],[-93.0876010446035,44.9611762223515],[-93.0876009582559,44.9611765010679],[-93.0876004913318,44.9611788222592],[-93.0875994423021,44.9611826959083],[-93.0875981323988,44.9611865292899],[-93.0875970094927,44.9611892419967],[-93.0875969373082,44.961189477559],[-93.0875968452298,44.9611896383858],[-93.0875965667328,44.9611903143188],[-93.0875947466224,44.9611940411006],[-93.0875926771786,44.9611977015503],[-93.0875903622452,44.9612012875795],[-93.087589907848,44.9612019117676],[-93.087589815765,44.9612020734942],[-93.0875896385419,44.9612022790906],[-93.0875878082006,44.9612047911066],[-93.0875850214278,44.96120820315],[-93.0875820070332,44.9612115165244],[-93.0875800783788,44.9612134299139],[-93.087579874379,44.9612136669342],[-93.0875796643754,44.9612138391528],[-93.0875787726581,44.9612147240512],[-93.0875753246855,44.9612178167488],[-93.0875716732821,44.9612207892447],[-93.0875678235543,44.9612236343538],[-93.0875674750887,44.9612238683001],[-93.0875673809381,44.9612239391409],[-93.0875637882129,44.9612263449104],[-93.0875595736224,44.9612289155321],[-93.0875551899587,44.961231339047],[-93.0875529968133,44.9612324365255],[-93.0875526853602,44.9612326201786],[-93.0875523576767,44.9612327560999],[-93.0875506486513,44.9612336109855],[-93.0875459585996,44.9612357259719],[-93.0875411312375,44.961237678637],[-93.0875361767226,44.9612394654078],[-93.0873925259011,44.9612915615857],[-93.0873905461273,44.9612923239865],[-93.0872517387902,44.961349382386],[-93.0872498499342,44.9613502089066],[-93.0871146769524,44.9614127257994],[-93.0869843411688,44.9614801869357],[-93.0869825402233,44.9614811684469],[-93.0868580978739,44.9615529809131],[-93.0868563814947,44.9615540292277],[-93.0867367304609,44.9616308299415],[-93.0867249276637,44.9616388597328],[-93.0865909439453,44.9615472610874],[-93.0865781612176,44.9615383863442],[-93.0865655718586,44.9615293717326],[-93.0865531809193,44.961520220865],[-93.0865409896623,44.9615109346445],[-93.0865290018712,44.9615015166803],[-93.0865216361973,44.9614955470996],[-93.0865211248714,44.9614951660511],[-93.0865207148563,44.9614948005629],[-93.0865172200713,44.9614919687787],[-93.0865056480556,44.9614822927491],[-93.0864942870821,44.9614724903945],[-93.0864831396669,44.9614625653208],[-93.0864722096027,44.9614525193375],[-93.0864614994104,44.9614423551506],[-93.0864583948147,44.9614393111255],[-93.0864579784868,44.9614389411215],[-93.086457563807,44.9614384973378],[-93.0864510116153,44.9614320745664],[-93.0864407487383,44.961421680291],[-93.0864307120326,44.961411175027],[-93.086420905291,44.961400560584],[-93.0864113297623,44.9613898405645],[-93.0864019892392,44.9613790167781],[-93.0863952893217,44.9613710153579],[-93.0863887189517,44.9613629611858],[-93.0863822755945,44.9613548542552],[-93.086373849454,44.9613439167708],[-93.0863656582488,44.9613328890167],[-93.0863577032278,44.9613217745954],[-93.0863499856442,44.9613105762096],[-93.0863478502546,44.9613073556422],[-93.0863474664394,44.9613068255568],[-93.086347078103,44.9613061892825],[-93.0863425080188,44.9612992965654],[-93.0863352728768,44.9612879374688],[-93.0863282802042,44.9612765016196],[-93.0863215325216,44.9612649917235],[-93.0863175578281,44.9612579088961],[-93.0863171719945,44.9612572789268],[-93.0863168909713,44.9612567230145],[-93.0863150323498,44.9612534104868],[-93.0863087784073,44.9612417606054],[-93.0863027744822,44.9612300447887],[-93.0862970218231,44.9612182666392],[-93.0862915204251,44.9612064270569],[-93.086257406434,44.9611310685048],[-93.0862300378525,44.9610706130097],[-93.0862253062083,44.9610601629302],[-93.0862193678731,44.9610470426808],[-93.0862059799667,44.9610174698605],[-93.0861043957591,44.9607930714993],[-93.0859955679836,44.9606302279545],[-93.0859937300153,44.9606275858311],[-93.0858776911542,44.9604672707312],[-93.0857545595299,44.9603096472298],[-93.0857524866819,44.9603070899714],[-93.0856223857361,44.9601523149316],[-93.0856217070503,44.9600689415376],[-93.0856211096312,44.9599955778084],[-93.0856202555248,44.9598910035997],[-93.0856178851295,44.9595997046574],[-93.0856178240466,44.9595921623146],[-93.085617931756,44.9595884922823],[-93.0856183131713,44.9595848301626],[-93.085618865421,44.959581707473],[-93.0856188939124,44.9595815896727],[-93.0856189669645,44.9595811876495],[-93.0856198930796,44.9595775755405],[-93.0856210864007,44.9595740028203],[-93.0856220040344,44.9595717844904],[-93.0856221006535,44.9595714815075],[-93.0856222170841,44.9595712685569],[-93.0856225443372,44.9595704802799],[-93.0856242643032,44.9595670178104],[-93.0856262399154,44.9595636243932],[-93.0856273127469,44.9595620282349],[-93.085627481627,44.9595617209415],[-93.0856276933494,44.9595614614496],[-93.0856284660487,44.9595603108126],[-93.085630935057,44.9595570851468],[-93.0856336430918,44.959553956384],[-93.0856346623937,44.9595529080686],[-93.0856348741206,44.9595526476769],[-93.085635166952,44.9595523883965],[-93.0856365799632,44.9595509343954],[-93.0856397380253,44.9595480272592],[-93.0856431096323,44.9595452430539],[-93.0856439124084,44.9595446476763],[-93.0856441110289,44.9595444709324],[-93.0856444263974,44.9595442647995],[-93.0856466833408,44.9595425889479],[-93.0856504515004,44.9595400739194],[-93.0856544001425,44.9595377033308],[-93.0856549822504,44.9595373818185],[-93.0856552211368,44.9595372609678],[-93.0856585216213,44.9595354852602],[-93.0856628019682,44.9595334250703],[-93.0856672310121,44.9595315290329],[-93.0858183446728,44.959470662462],[-93.0860965530925,44.9593586029701],[-93.0861483356759,44.9593340165436]]],[[[-93.0849029621961,44.9602558471939],[-93.0849025042778,44.9601872833966],[-93.0848563531685,44.9601878132489],[-93.0848572492224,44.9602144291867],[-93.0848586058093,44.96044073961],[-93.0847184002521,44.96025681755],[-93.0846881414255,44.9602151888696],[-93.0846171553437,44.960126109322],[-93.0846142085183,44.9601224906819],[-93.0845409048315,44.960034356114],[-93.0844117900505,44.9598966336047],[-93.0842741037328,44.9597666727122],[-93.0842684587658,44.9597615902036],[-93.0841411344425,44.9596251434988],[-93.0839923744049,44.959490002725],[-93.0838940650079,44.9594075195027],[-93.0837976192481,44.9593271565328],[-93.0837274320144,44.9592710744418],[-93.0836632072527,44.9592163027884],[-93.0836615755212,44.9592149712874],[-93.0835939612392,44.9591622962414],[-93.0835009173837,44.9591000118817],[-93.0835713826992,44.9590513374806],[-93.0836584043549,44.9589912267767],[-93.0837572822016,44.9589319965521],[-93.0837958678569,44.9589044053784],[-93.083892770198,44.9588272969778],[-93.0839633328294,44.9588274911251],[-93.0839493814639,44.9587884037837],[-93.0840117407726,44.9587493591755],[-93.0840719386895,44.9587062723289],[-93.0841530215821,44.9587680497686],[-93.0842281338721,44.958824783376],[-93.0842287738401,44.9588252772481],[-93.0842293204013,44.9588256988908],[-93.0844264062752,44.9589130746315],[-93.0844616707573,44.9589377641342],[-93.0846555100692,44.9590830596634],[-93.0847115856256,44.9591275318328],[-93.084845773983,44.9592373813689],[-93.0850927182419,44.9594562339118],[-93.0853477039442,44.9597184821104],[-93.0854329933559,44.9598022977862],[-93.0854342667788,44.9599929783335],[-93.0854360366356,44.9602576351085],[-93.0854369524465,44.9603947689919],[-93.0854378695244,44.9605319037752],[-93.0854387154606,44.9606585493197],[-93.0854387853393,44.9606690385522],[-93.0854397024259,44.9608061733295],[-93.0854406182543,44.9609433072006],[-93.0852446158756,44.9609435772911],[-93.0852426182561,44.9609426443717],[-93.0851355452866,44.9608032931506],[-93.0850321552455,44.9606682057398],[-93.0849245994514,44.9605305086946],[-93.0849049267847,44.9605030203311],[-93.0849038779988,44.9603929819847],[-93.0849029621961,44.9602558471939]]],[[[-93.0854424380905,44.9612154549578],[-93.0853413380953,44.9610801065754],[-93.0854415353497,44.9610804419718],[-93.0854424380905,44.9612154549578]]]]},"properties":{"kind":"tif","city":"St. Paul","name":"Williams Hill","tifNumber":198,"districtType":null,"creator":"SPPA","certifiedDate":"1999-02-05","decertificationDate":"12/31/2026","incrementReceived":-723,"incrementExpended":99392,"projectArea":"SPPA"}},{"type":"Feature","geometry":{"type":"Polygon","coordinates":[[[-93.1244101043121,44.9292971620439],[-93.1244272914188,44.9277224561282],[-93.1256928008342,44.9277254210603],[-93.125694275158,44.9284011196478],[-93.1246465720109,44.929132167818],[-93.1244101043121,44.9292971620439]]]},"properties":{"kind":"tif","city":"St. Paul","name":"Schmidt Keg House Redevelopment","tifNumber":325,"districtType":"Redevelopment","creator":"HRA","certifiedDate":"2017-12-30","decertificationDate":"12/312043","incrementReceived":77807,"incrementExpended":102442,"projectArea":"Koch-Mobil Area"}},{"type":"Feature","geometry":{"type":"Polygon","coordinates":[[[-93.1243125043346,44.9278193047887],[-93.1243123228495,44.9279468767557],[-93.1243121491214,44.9280693477144],[-93.1243119731642,44.9281925952019],[-93.1243118031985,44.9283136669599],[-93.1243116223632,44.9284408124089],[-93.1243114451948,44.928566298614],[-93.1243112738324,44.9286868358749],[-93.1243110967443,44.9288120224389],[-93.1243109183983,44.9289380512197],[-93.1243107423531,44.9290618799679],[-93.1243081633243,44.9292031802647],[-93.1242456723531,44.9292458503753],[-93.1241842850483,44.9292875691609],[-93.1239322419815,44.9292872211224],[-93.1239321214147,44.9292718161019],[-93.123332583849,44.9292741796951],[-93.1233326659966,44.9296824560434],[-93.1233356562205,44.9297675056937],[-93.123344335745,44.9298585934394],[-93.1230798790042,44.9300383877553],[-93.1230797340273,44.9299261910309],[-93.1228233727414,44.9299263588826],[-93.1225705060657,44.9299260086593],[-93.1225751580643,44.9298875515223],[-93.1221150477106,44.9298834410596],[-93.1221152051246,44.9297736889034],[-93.1221153612754,44.9296639358426],[-93.1221155186883,44.9295541836827],[-93.1221156735713,44.9294444306154],[-93.1221158322496,44.9293346784549],[-93.1221159883981,44.9292249253867],[-93.1221161445419,44.9291151732167],[-93.122116301593,44.9290057791712],[-93.1221164560291,44.9288966820553],[-93.1221166155112,44.9287859149017],[-93.1221168734204,44.928604902497],[-93.1225978072918,44.928605168907],[-93.1226008045957,44.9278286513113],[-93.1230774873412,44.9278213781824],[-93.1232048908871,44.9278203992195],[-93.1233322944287,44.9278194201143],[-93.1238166076463,44.9278193642724],[-93.1243125043346,44.9278193047887]]]},"properties":{"kind":"tif","city":"St. Paul","name":"Schmidt Brewery Redevelopment","tifNumber":304,"districtType":"Housing","creator":"HRA","certifiedDate":"2040-12-31","decertificationDate":"12/31/2040","incrementReceived":349596,"incrementExpended":272519,"projectArea":"Schmidt Brewery"}},{"type":"Feature","geometry":{"type":"Polygon","coordinates":[[[-93.0703448558522,44.9598828731048],[-93.0696837132124,44.9592715558335],[-93.0702521024916,44.9589889034501],[-93.0701467070101,44.9588914097774],[-93.0702748645531,44.9588301885023],[-93.0703631018449,44.9589118208741],[-93.0707376705725,44.9587189921097],[-93.0708582227018,44.9586489861161],[-93.0709888594312,44.9585900374454],[-93.0716519845769,44.9582186499737],[-93.072386413648,44.9588940860969],[-93.0703448558522,44.9598828731048]]]},"properties":{"kind":"tif","city":"St. Paul","name":"East 7th & Bates Housing","tifNumber":318,"districtType":"Housing","creator":"HRA","certifiedDate":"2015-12-31","decertificationDate":"12/31/2042","incrementReceived":370503,"incrementExpended":267333,"projectArea":"Saint Paul Redevelopment Project Area"}},{"type":"Feature","geometry":{"type":"Polygon","coordinates":[[[-93.0904308512562,44.9471727796429],[-93.0902699675995,44.9472500748521],[-93.090109222832,44.9473273809892],[-93.0900947020477,44.9473343603746],[-93.0899483116934,44.9474046774741],[-93.0897874471598,44.9474819432587],[-93.0896557222202,44.9475453673905],[-93.0895520401593,44.9474380493014],[-93.0892381994724,44.9471131979621],[-93.0893686464773,44.9470473334345],[-93.0895277356236,44.9469670070143],[-93.0896868357567,44.9468866750016],[-93.0898459443424,44.9468063373902],[-93.090005062643,44.9467259950829],[-93.0903281917374,44.9470650581667],[-93.0904308512562,44.9471727796429]]]},"properties":{"kind":"tif","city":"St. Paul","name":"Pioneer-Endicott","tifNumber":302,"districtType":"Redevelopment","creator":"HRA","certifiedDate":"2013-01-04","decertificationDate":"12-31-2040","incrementReceived":548494,"incrementExpended":873023,"projectArea":"Saint Paul Redevelopment Project Area"}},{"type":"Feature","geometry":{"type":"Polygon","coordinates":[[[-93.1554707691897,44.955884546298],[-93.1556136960925,44.9558835530133],[-93.1556159802297,44.9562157125366],[-93.1554692050784,44.9562163850087],[-93.1553185608841,44.9562170747549],[-93.1551679293588,44.9562177643276],[-93.1550095673536,44.9562184886217],[-93.1548589231483,44.9562191777611],[-93.1546967098334,44.9562199200035],[-93.1545460656205,44.9562206087299],[-93.1543954290076,44.9562212972725],[-93.1543970157877,44.9558920059584],[-93.1545476668988,44.9558909602217],[-93.1547021604457,44.9558898877929],[-93.1548605179749,44.9558887877997],[-93.1550072873433,44.9558877678761],[-93.1551656245848,44.9558866674188],[-93.1553201193759,44.9558855941558],[-93.1554707691897,44.955884546298]]]},"properties":{"kind":"tif","city":"St. Paul","name":"Hamline Station East","tifNumber":313,"districtType":"Housing","creator":"HRA","certifiedDate":"2014-07-30","decertificationDate":"12/31/2042","incrementReceived":68865,"incrementExpended":64670,"projectArea":"Saint Paul Redevelopment Project Area"}},{"type":"Feature","geometry":{"type":"MultiPolygon","coordinates":[[[[-93.1565561294723,44.9558769961254],[-93.1566874301735,44.9558760809657],[-93.1567105289735,44.9558923755267],[-93.1567090683443,44.9562106993731],[-93.156550706378,44.9562114258061],[-93.1563962058397,44.9562121354047],[-93.1562417053011,44.9562128438942],[-93.1560833369833,44.9562135705658],[-93.1559211237035,44.9562143136492],[-93.1557704807873,44.9562150039945],[-93.1556159802297,44.9562157125366],[-93.1554692050784,44.9562163850087],[-93.1554707691897,44.955884546298],[-93.1556136960925,44.9558835530133],[-93.1557643091418,44.9558825055943],[-93.1559188039141,44.9558814306209],[-93.156081040587,44.9558803024727],[-93.1562432595157,44.9558791731587],[-93.1563938915507,44.9558781249466],[-93.1565561294723,44.9558769961254]]],[[[-93.1565586648579,44.9562474203295],[-93.1567093168676,44.9562463699392],[-93.1567073796999,44.9565235267413],[-93.1565567423197,44.9565242181373],[-93.1563945218302,44.9565249627808],[-93.1562438895115,44.9565256537739],[-93.156241950415,44.9562496257144],[-93.1563964448971,44.9562485500918],[-93.1565586648579,44.9562474203295]]]]},"properties":{"kind":"tif","city":"St. Paul","name":"Hamline Station West","tifNumber":314,"districtType":"Housing","creator":"HRA","certifiedDate":"2014-07-30","decertificationDate":"12/31/2042","incrementReceived":100222,"incrementExpended":87259,"projectArea":"Saint Paul Redevelopment Project Area"}},{"type":"Feature","geometry":{"type":"Polygon","coordinates":[[[-93.0508834495176,44.9679053942498],[-93.050882534828,44.967105608502],[-93.0508834856647,44.9670483421208],[-93.0508880615822,44.9667728910607],[-93.0511215384241,44.9667718658161],[-93.0512708101221,44.966771210582],[-93.0514277352148,44.9667705216234],[-93.0515770056434,44.9667698650853],[-93.0517339332637,44.966769175713],[-93.0518832062204,44.9667685187817],[-93.0520363033322,44.9667678457626],[-93.0521932322141,44.9667671548626],[-93.0523463267836,44.9667664814202],[-93.0524917717604,44.9667658404848],[-93.0531928557573,44.9667608297783],[-93.0534260124783,44.9667599077701],[-93.0539096070636,44.9667580645194],[-93.0553161486492,44.9667526904552],[-93.0557425233946,44.9667678747775],[-93.0557413361027,44.9667820532333],[-93.05564040388,44.9667830618825],[-93.0552496338107,44.9668519999566],[-93.0547820772737,44.9669428671165],[-93.0547978106637,44.9669810696426],[-93.0543105647003,44.9670857856138],[-93.0543003319316,44.9670880245263],[-93.0538185547165,44.9671956209536],[-93.0538087325826,44.9671978601079],[-93.05332459091,44.9673100870331],[-93.053182161653,44.9673303121684],[-93.0531807001061,44.9673305499884],[-93.0530411539755,44.9673554757842],[-93.053038769592,44.9673559484808],[-93.0529017516978,44.9673855667206],[-93.052899178957,44.9673861720404],[-93.0527643340637,44.9674205347931],[-93.0527620984489,44.9674211455853],[-93.0526292016929,44.9674603367893],[-93.0526277833233,44.9674607798835],[-93.0524965625403,44.9675049535243],[-93.0524973072093,44.9674808255478],[-93.0508834495176,44.9679053942498]]]},"properties":{"kind":"tif","city":"St. Paul","name":"Globe","tifNumber":285,"districtType":null,"creator":"SPPA","certifiedDate":null,"decertificationDate":"12/31/2043","incrementReceived":130455,"incrementExpended":98138,"projectArea":"SPPA"}},{"type":"Feature","geometry":{"type":"Polygon","coordinates":[[[-93.1982732600318,44.9595389975974],[-93.1982758777215,44.959263052824],[-93.1985640355513,44.9593418539749],[-93.1988546603039,44.9594159452139],[-93.1991476024931,44.9594852884893],[-93.1992079441133,44.9594992005539],[-93.1994160362431,44.9595431532107],[-93.1999024035711,44.9598395376857],[-93.1999042400006,44.9603386867208],[-93.1999824074907,44.9605853764299],[-93.1999836694732,44.9609282007764],[-93.1991146855676,44.9609305614977],[-93.1982687070972,44.9609328548352],[-93.1982647599882,44.9600806114573],[-93.1982659435104,44.9600798809369],[-93.1983108028345,44.9599888233994],[-93.1983102151371,44.9598165361966],[-93.1983008019334,44.9598033352145],[-93.1982711467404,44.9597617575983],[-93.198271503328,44.9597241913852],[-93.1982732598147,44.9595390650823],[-93.1982732600318,44.9595389975974]]]},"properties":{"kind":"tif","city":"St. Paul","name":"Pelham","tifNumber":292,"districtType":null,"creator":"SPPA","certifiedDate":null,"decertificationDate":"12/31/2040","incrementReceived":183669,"incrementExpended":90000,"projectArea":"SPPA"}},{"type":"Feature","geometry":{"type":"Polygon","coordinates":[[[-93.0860410061252,44.9464785820213],[-93.0862571799786,44.9463635098002],[-93.0863885655956,44.9462351863705],[-93.0865245553538,44.9461036174586],[-93.0866949262728,44.9459753950965],[-93.0868537052188,44.9458715730697],[-93.0870539309978,44.9457352844832],[-93.087159030646,44.9458121050451],[-93.0873143992611,44.9459248863534],[-93.0874264059716,44.9459968386242],[-93.0876662617662,44.9461815011473],[-93.0881528759958,44.9465475843049],[-93.0876815787916,44.9467711208496],[-93.0873137918759,44.9469346629808],[-93.0870677442555,44.9470610610962],[-93.0867988205994,44.9471759986441],[-93.0867073628605,44.9471220144],[-93.0865474126129,44.9470075908186],[-93.0862542788345,44.9467069710307],[-93.0861162081453,44.946571612162],[-93.0860410061252,44.9464785820213]]]},"properties":{"kind":"tif","city":"St. Paul","name":"Custom House/Post Office","tifNumber":317,"districtType":"Redevelopment","creator":"HRA","certifiedDate":"2015-09-14","decertificationDate":"12/31/2042","incrementReceived":1080069,"incrementExpended":708614,"projectArea":"Riverfront"}},{"type":"Feature","geometry":{"type":"MultiPolygon","coordinates":[[[[-93.0840386279336,44.9485105155863],[-93.0843006552233,44.9483811803192],[-93.0844023273106,44.9484867684868],[-93.0844233819134,44.9485086332177],[-93.0845039997759,44.9485923556623],[-93.0845715648556,44.9486625215414],[-93.0846056726142,44.9486979427454],[-93.0841507556281,44.9489207355633],[-93.0840497268044,44.9488154143105],[-93.0839486970836,44.9487100929633],[-93.0838476677325,44.9486047715247],[-93.0840386279336,44.9485105155863]]],[[[-93.084726505806,44.9481709810307],[-93.0848057882548,44.9481318461758],[-93.0850917655969,44.9484282263087],[-93.0849159298263,44.9485142624239],[-93.0847688054017,44.9485862734065],[-93.0844909368383,44.9482872583741],[-93.0846483627616,44.9482095519341],[-93.084726505806,44.9481709810307]]],[[[-93.0849769785718,44.9485504711317],[-93.0851354259595,44.9484734748435],[-93.0854192225152,44.9487675917104],[-93.085260579071,44.9488446832578],[-93.0851019339344,44.9489217745803],[-93.0848185320364,44.9486274654026],[-93.0849769785718,44.9485504711317]]]]},"properties":{"kind":"tif","city":"St. Paul","name":"JJ Hill","tifNumber":236,"districtType":"Redevelopment","creator":"HRA","certifiedDate":"2003-07-15","decertificationDate":"12/31/2028","incrementReceived":445013,"incrementExpended":332231,"projectArea":"Riverfront"}},{"type":"Feature","geometry":{"type":"Polygon","coordinates":[[[-93.073426939443,44.9670382585845],[-93.0713466137705,44.9670532445811],[-93.0713595202256,44.9670486845511],[-93.0713737085934,44.967043805893],[-93.0713878542106,44.9670388632299],[-93.0714019545372,44.9670338574549],[-93.0714160108408,44.9670287885714],[-93.0714300205813,44.9670236574722],[-93.0714439850312,44.9670184632611],[-93.0714579041904,44.967013205938],[-93.0714717742516,44.9670078863924],[-93.0714855990122,44.9670025055345],[-93.0714993734073,44.9669970624506],[-93.0715130999668,44.9669915580475],[-93.0715267774281,44.9669859914219],[-93.0715404057813,44.9669803643735],[-93.0715539824966,44.9669746759956],[-93.0715675101037,44.9669689271948],[-93.0715809848003,44.9669631179609],[-93.0715944078588,44.9669572473975],[-93.0716077779969,44.9669513182005],[-93.0716210964918,44.9669453285738],[-93.0716343608038,44.9669392794103],[-93.0716475709327,44.9669331707101],[-93.0716607256111,44.9669270024697],[-93.0716738260966,44.9669207764922],[-93.0716868711316,44.9669144909745],[-93.0716998594387,44.9669081477128],[-93.071712483486,44.9669018934356],[-93.0717250520632,44.9668955832175],[-93.0717375651704,44.9668892170587],[-93.07175002154,44.9668827949555],[-93.0717624198997,44.9668763178043],[-93.071774761517,44.9668697856088],[-93.0717870451243,44.9668631983653],[-93.0717992694542,44.9668565560705],[-93.0718114357691,44.9668498596276],[-93.0718235415343,44.9668431090297],[-93.071835588017,44.9668363042803],[-93.0718475739401,44.9668294471756],[-93.0718594980508,44.9668225350127],[-93.0718713615969,44.9668155713944],[-93.0718831633256,44.9668085536176],[-93.0718949032223,44.9668014843819],[-93.0719064768852,44.9667944497839],[-93.0719179887162,44.9667873637269],[-93.0719294349176,44.966780225301],[-93.0719408180195,44.9667730354127],[-93.0719521367496,44.9667657949585],[-93.0719633898452,44.9667585030351],[-93.0719745773015,44.9667511605424],[-93.0719856991183,44.9667437674803],[-93.0719967540284,44.9667363238454],[-93.0720077432893,44.9667288314408],[-93.0720186643711,44.9667212893598],[-93.0720295172736,44.9667136976024],[-93.0720403019921,44.9667060570684],[-93.0720510185216,44.9666983686576],[-93.0720614122354,44.9666908404308],[-93.0720717415435,44.9666832679368],[-93.0720820051781,44.9666756511722],[-93.0720922056696,44.9666679910438],[-93.0721023404829,44.9666602875446],[-93.0721124108856,44.9666525406782],[-93.0721224143377,44.9666447513373],[-93.0721323521116,44.9666369186258],[-93.0721422229302,44.9666290443398],[-93.072169265199,44.9666287896464],[-93.0722850116429,44.9666281945751],[-93.0724025686247,44.966627498142],[-93.0725163141303,44.9666268191013],[-93.0726334857964,44.9666261204813],[-93.0727536932039,44.9666254075074],[-93.0728680040231,44.9666247251556],[-93.0729852276378,44.9666240281153],[-93.0734288282741,44.9666213860203],[-93.0734285931084,44.9666734976818],[-93.0734284926441,44.966695435594],[-93.0734281827669,44.9667640000157],[-93.0734278716165,44.9668325653331],[-93.0734275604703,44.9669011297498],[-93.0734272493232,44.9669696941658],[-93.0734270611296,44.9670112062307],[-93.073426939443,44.9670382585845]]]},"properties":{"kind":"tif","city":"St. Paul","name":"848 Payne Avenue","tifNumber":330,"districtType":"Housing","creator":"HRA","certifiedDate":"2020-01-30","decertificationDate":"12/31/2047","incrementReceived":143542,"incrementExpended":203375,"projectArea":"848 Payne Avenue"}},{"type":"Feature","geometry":{"type":"Polygon","coordinates":[[[-93.0774091788701,44.9567578943672],[-93.0774084423606,44.9566843034036],[-93.0774078069928,44.9566207662642],[-93.0781803397756,44.9566189729465],[-93.0781817134992,44.9567561001404],[-93.0781830872293,44.9568932273313],[-93.0781836364688,44.9569480783861],[-93.0781850102034,44.9570852064726],[-93.0781863839492,44.9572223336562],[-93.0781877298307,44.9572983008281],[-93.0777242080506,44.9572991271587],[-93.0775132758477,44.9573000080065],[-93.0775131834903,44.9572995020669],[-93.0775006246605,44.9572239268411],[-93.0774773572858,44.9570868498376],[-93.0774540874876,44.9569497728194],[-93.0774447806113,44.9568949423727],[-93.0774091788701,44.9567578943672]]]},"properties":{"kind":"tif","city":"St. Paul","name":"520 Payne Avenue Housing TIF District","tifNumber":350,"districtType":"Housing","creator":"HRA","certifiedDate":"2022-06-27","decertificationDate":"12/31/2049","incrementReceived":83242,"incrementExpended":38085,"projectArea":"Saint Paul Redevelopment Project Area"}},{"type":"Feature","geometry":{"type":"Polygon","coordinates":[[[-93.0906291741206,44.9519886005541],[-93.0906178183178,44.9519942006195],[-93.0904360706618,44.9518060450253],[-93.0905983482758,44.9517274610576],[-93.0905772988232,44.9517071298729],[-93.0907667211348,44.9516116332366],[-93.09029948834,44.9511517542656],[-93.0905702804492,44.9510160475298],[-93.090603859574,44.9509992190963],[-93.090673324799,44.9509644064651],[-93.0913571341248,44.9516307819379],[-93.0906291741206,44.9519886005541]]]},"properties":{"kind":"tif","city":"St. Paul","name":"North Quadrant - Sibley Court Subdistrict","tifNumber":268,"districtType":"Housing","creator":"HRA","certifiedDate":"2001-12-27","decertificationDate":"12/31/2027","incrementReceived":972995,"incrementExpended":663299,"projectArea":"North Quadrant"}},{"type":"Feature","geometry":{"type":"Polygon","coordinates":[[[-93.09029948834,44.9511517542656],[-93.0907667211348,44.9516116332366],[-93.0905772988232,44.9517071298729],[-93.0905983482758,44.9517274610576],[-93.0904360706618,44.9518060450253],[-93.090347345156,44.9517188057757],[-93.0899535392426,44.9513178273069],[-93.0902646804989,44.9511684633781],[-93.09029948834,44.9511517542656]]]},"properties":{"kind":"tif","city":"St. Paul","name":"North Quadrant - Dakota Subdistrict","tifNumber":233,"districtType":"Housing","creator":"HRA","certifiedDate":"2001-12-27","decertificationDate":"12/31/2027","incrementReceived":972995,"incrementExpended":663299,"projectArea":"North Quadrant"}},{"type":"Feature","geometry":{"type":"Polygon","coordinates":[[[-93.0903346696547,44.9509348207862],[-93.0900241387148,44.9510865457736],[-93.0899800673765,44.9511080791509],[-93.0898184413038,44.9509416587471],[-93.0898032062829,44.9509491113551],[-93.0897007154887,44.9509234307415],[-93.0890180187504,44.9512502213408],[-93.0887766254876,44.9509968143539],[-93.0894566418297,44.9506645690471],[-93.0894643955879,44.950664059032],[-93.0894693845621,44.9506637704465],[-93.0894703313676,44.9506637224959],[-93.0894821479023,44.9506631545586],[-93.0894835521565,44.9506631050867],[-93.0894949267682,44.9506627240698],[-93.089495483113,44.9506627111058],[-93.0895077148152,44.9506624807633],[-93.0895086753385,44.9506624760386],[-93.0895188393913,44.9506624275302],[-93.0895205082418,44.9506624246295],[-93.0895218424912,44.9506624361637],[-93.0895276165897,44.9506624951239],[-93.0895281830808,44.9506624803862],[-93.0895287100839,44.9506625060381],[-93.0895332994501,44.9506625547487],[-93.089534411887,44.9506625783089],[-93.0895449088821,44.9506628401896],[-93.0895460846296,44.9506628729109],[-93.0895577476938,44.9506633258529],[-93.0895588574769,44.9506633728012],[-93.0895703093564,44.9506639898631],[-93.0895716141539,44.9506640616081],[-93.089573274832,44.9506641702618],[-93.0895832108489,44.9506648563038],[-93.0895843470719,44.9506649366128],[-93.0895965014793,44.9506659468974],[-93.0895970524432,44.950665995106],[-93.0895992637911,44.9506662095548],[-93.0895995906058,44.9506662310917],[-93.089599988242,44.9506662798053],[-93.089608314298,44.9506670993709],[-93.0896097251811,44.9506672406739],[-93.08961192372,44.9506674820837],[-93.0896213863755,44.9506685565207],[-93.0896223577013,44.9506686696977],[-93.089634948746,44.9506702803746],[-93.0896462004089,44.9506718921014],[-93.0896474868789,44.9506720789739],[-93.0896591618425,44.9506739248394],[-93.0896599734133,44.9506740565008],[-93.089669521812,44.9506757106311],[-93.0896699193933,44.9506757701419],[-93.0896702345833,44.9506758348396],[-93.0896724007372,44.9506762147354],[-93.0896729387681,44.9506763141993],[-93.0896835484872,44.9506783246848],[-93.0896847599578,44.9506785581538],[-93.0896954511551,44.9506807425109],[-93.0896970511305,44.9506810759586],[-93.0897081338082,44.9506835222664],[-93.0897092666202,44.9506837744287],[-93.0897103234319,44.9506840209965],[-93.089720283844,44.9506863834322],[-93.089721401368,44.9506866517516],[-93.0897324050398,44.9506894334822],[-93.0897334503326,44.9506897025154],[-93.0897377413361,44.9506908590136],[-93.0897382438141,44.9506909727827],[-93.0897387675853,44.9506911351962],[-93.0897442366738,44.9506926114583],[-93.0897454084275,44.9506929303063],[-93.0897469597152,44.9506933689056],[-93.0897562545821,44.9506960373599],[-93.0897572731507,44.9506963288193],[-93.0897685244815,44.9506997455485],[-93.089769034342,44.9506999025272],[-93.0897794244228,44.950703238756],[-93.0897806894857,44.9507036478245],[-93.0897827071893,44.950704314375],[-93.0897897366037,44.950706693558],[-93.0897913986745,44.9507072746115],[-93.089792234799,44.9507075611021],[-93.0898036665034,44.9507116378513],[-93.0899841961666,44.9507777386819],[-93.090239305379,44.9508359667594],[-93.0903036386682,44.9509026539308],[-93.0903346696547,44.9509348207862]]]},"properties":{"kind":"tif","city":"St. Paul","name":"North Quadrant - Sibley Park Subdistrict","tifNumber":260,"districtType":"Housing","creator":"HRA","certifiedDate":"2001-12-27","decertificationDate":"12/31/2027","incrementReceived":972995,"incrementExpended":663299,"projectArea":"North Quadrant"}},{"type":"Feature","geometry":{"type":"Polygon","coordinates":[[[-93.0899800673765,44.9511080791509],[-93.0895092147836,44.951338135318],[-93.0892311747995,44.9514739819214],[-93.0890180187504,44.9512502213408],[-93.0897007154887,44.9509234307415],[-93.0898032062829,44.9509491113551],[-93.0898184413038,44.9509416587471],[-93.0899800673765,44.9511080791509]]]},"properties":{"kind":"tif","city":"St. Paul","name":"North Quadrant - Essex Subdistrict","tifNumber":224,"districtType":"Housing","creator":"HRA","certifiedDate":"2001-12-27","decertificationDate":"12/31/2027","incrementReceived":972995,"incrementExpended":663299,"projectArea":"North Quadrant"}},{"type":"Feature","geometry":{"type":"Polygon","coordinates":[[[-93.091437792977,44.9527591945477],[-93.0909231588185,44.9530111375965],[-93.0905451371452,44.9526205630253],[-93.0905618345899,44.9526124149211],[-93.0905404923471,44.952592036192],[-93.0904935127468,44.9525471744711],[-93.0902727244444,44.9523363467427],[-93.0907476637227,44.9521040493079],[-93.091135907335,44.9524726149276],[-93.091437792977,44.9527591945477]]]},"properties":{"kind":"tif","city":"St. Paul","name":"North Quadrant - Lyons Court & 9th Street Lofts Subdistrict","tifNumber":241,"districtType":"Housing","creator":"HRA","certifiedDate":"2001-12-27","decertificationDate":"12/31/2027","incrementReceived":972995,"incrementExpended":663299,"projectArea":"North Quadrant"}},{"type":"Feature","geometry":{"type":"MultiPolygon","coordinates":[[[[-93.2050651419373,44.9662117890376],[-93.2049398606798,44.9662114897919],[-93.2044847095948,44.9662104021832],[-93.204485848382,44.9660683683752],[-93.2044869215428,44.9659343939906],[-93.2044880195305,44.9657977328321],[-93.2044890925385,44.9656638043312],[-93.2044901879809,44.9655271431627],[-93.2044908248867,44.9654478616719],[-93.2044902000495,44.9654478534943],[-93.204490639175,44.9653877473818],[-93.2044916381389,44.9652511319458],[-93.2044926173365,44.965117203286],[-93.2044933575542,44.965016107141],[-93.2044942865869,44.9650161121961],[-93.2050750898724,44.9650235615695],[-93.2050662829835,44.966075515764],[-93.2050651419373,44.9662117890376]]],[[[-93.2068533183187,44.9664898232033],[-93.2068624525969,44.9665940992068],[-93.2068583301316,44.9671635137165],[-93.2068564190658,44.9674438845877],[-93.2068525667059,44.9674423579651],[-93.206295831053,44.9672201713604],[-93.2061492666822,44.9671616790194],[-93.2061541247808,44.9664923480308],[-93.2063492910104,44.9664918644389],[-93.206402526113,44.9664917328317],[-93.2067815511706,44.966490792862],[-93.2068533183187,44.9664898232033]]]]},"properties":{"kind":"tif","city":"St. Paul","name":"Emerald Park - Metro Lofts Subdistrict","tifNumber":266,"districtType":"Redevelopment","creator":"HRA","certifiedDate":"2003-07-15","decertificationDate":"12/31/2028","incrementReceived":1815991,"incrementExpended":1556124,"projectArea":"Franklin Emerald"}},{"type":"Feature","geometry":{"type":"Polygon","coordinates":[[[-93.2063467445433,44.9663139524954],[-93.2063002500706,44.9663140972323],[-93.2062340180751,44.9663143022025],[-93.2058325193753,44.9663155482244],[-93.2053158415631,44.9663171495081],[-93.2053174393282,44.9662014329305],[-93.2053193297491,44.9660644625774],[-93.2053212183283,44.9659276748781],[-93.2053231088705,44.9657906595289],[-93.2053250367486,44.9656509970163],[-93.2053268517423,44.9655195477205],[-93.2053287781899,44.9653799319892],[-93.2053306684148,44.9652430075072],[-93.2053325572213,44.9651061289099],[-93.2053344475731,44.9649691576322],[-93.2053363377711,44.964832233141],[-93.2053383325481,44.9646877243746],[-93.2058529709582,44.964687563123],[-93.2063624419534,44.964687401435],[-93.2063609962123,44.9648372037047],[-93.2063597050107,44.964970968132],[-93.206358387664,44.9651074607167],[-93.2063570977205,44.9652412242402],[-93.206355754308,44.9653804170854],[-93.2063544072605,44.9655199653437],[-93.2063531123055,44.9656541157655],[-93.206351791058,44.9657910420337],[-93.2063504437531,44.9659306676652],[-93.2063491472795,44.966064893659],[-93.2063478261294,44.9662017821265],[-93.2063471240666,44.9662746461233],[-93.2063467445433,44.9663139524954]]]},"properties":{"kind":"tif","city":"St. Paul","name":"Emerald Park - 808 Berry Subdistrict","tifNumber":267,"districtType":"Redevelopment","creator":"HRA","certifiedDate":"2003-07-15","decertificationDate":"12/31/2028","incrementReceived":1815991,"incrementExpended":1556124,"projectArea":"Franklin Emerald"}},{"type":"Feature","geometry":{"type":"MultiPolygon","coordinates":[[[[-93.1046466305238,44.9367202798112],[-93.1046464239657,44.9367202928037],[-93.104646098156,44.9367203405973],[-93.1046436828133,44.9367204939622],[-93.1046433458593,44.9367204886399],[-93.1046431443728,44.936720500745],[-93.1046426934959,44.9367204762483],[-93.104641258286,44.9367204511462],[-93.1046401275416,44.9367203386067],[-93.1046396538661,44.9367203131544],[-93.1046393627401,44.9367202620538],[-93.1046388575116,44.9367202122296],[-93.1046365096053,44.9367197817827],[-93.1046362552826,44.9367197172748],[-93.10463593522,44.9367196247122],[-93.1046342474873,44.9367191634852],[-93.1046334571283,44.9367188709155],[-93.1046330371564,44.9367187430162],[-93.1046327085006,44.9367185937446],[-93.1046320977129,44.9367183672997],[-93.1046300893756,44.9367174022957],[-93.1039329444503,44.9363381986919],[-93.1037490075228,44.9362381471433],[-93.1044991562089,44.9355409158213],[-93.1046832347431,44.9356408324475],[-93.1054963428766,44.9360821768591],[-93.105498400558,44.9360834155104],[-93.1054994167493,44.9360841621283],[-93.1054997324706,44.9360843662543],[-93.1054998939189,44.9360845124167],[-93.1055002751452,44.9360847931861],[-93.1055019464299,44.9360862972398],[-93.1055023483927,44.9360867436247],[-93.1055025539795,44.9360869312859],[-93.1055027566504,44.9360871981232],[-93.1055033980174,44.9360879123347],[-93.1055046160553,44.9360896213407],[-93.1055046775904,44.9360897330671],[-93.1055047190782,44.9360897988542],[-93.1055055892161,44.9360914089335],[-93.1055060571914,44.9360926140188],[-93.105506183845,44.9360928824706],[-93.1055062123344,44.9360930166116],[-93.1055063061898,44.9360932561896],[-93.105506760729,44.9360951450975],[-93.1055068258744,44.9360958210132],[-93.1055068878727,44.9360960992054],[-93.1055068814457,44.9360963808302],[-93.1055069478622,44.9360970558492],[-93.105506866405,44.9360989713456],[-93.1055068208675,44.9360992195822],[-93.1055068176866,44.9360993536461],[-93.1055067441359,44.9360996315081],[-93.1055065151904,44.9361008708882],[-93.1055060215054,44.936102366969],[-93.1055059674088,44.9361025512982],[-93.1055059006352,44.9361027373962],[-93.1055050279064,44.9361045501865],[-93.1055045313931,44.9361053201141],[-93.1055043830656,44.9361056049924],[-93.1055042135716,44.9361058133354],[-93.1055039046874,44.9361062921816],[-93.1055025424663,44.9361079454131],[-93.1055022255354,44.9361082541757],[-93.105502089174,44.9361084221079],[-93.1055018042306,44.9361086652623],[-93.1055009539853,44.9361094946155],[-93.1054991583202,44.9361109245382],[-93.1046747771537,44.9367035482321],[-93.1046587021967,44.9367155835048],[-93.1046569671308,44.9367167868102],[-93.1046564196601,44.9367170887085],[-93.1046561362514,44.9367172751765],[-93.1046557642215,44.9367174497304],[-93.1046550516233,44.936717842106],[-93.1046535066534,44.9367185077897],[-93.1046532133715,44.936718640245],[-93.1046529785467,44.9367187350511],[-93.1046507758237,44.9367194549159],[-93.1046502900757,44.9367195680049],[-93.1046500172853,44.93671965462],[-93.1046495557421,44.936719739874],[-93.1046484726346,44.9367199927736],[-93.1046470819193,44.9367201972318],[-93.1046466305238,44.9367202798112]]],[[[-93.1054196496516,44.9346299291731],[-93.1056253854525,44.9344363358876],[-93.1056396711017,44.9344560153191],[-93.1056400641694,44.9344564652813],[-93.1056580305311,44.9344741677912],[-93.1056584910031,44.9344745630289],[-93.1056802666694,44.9344904176013],[-93.1057054004397,44.9345039453368],[-93.1057059503029,44.9345041923233],[-93.1057331925453,44.9345147243187],[-93.1057339906582,44.9345149800076],[-93.1057631223037,44.9345224977322],[-93.1057637854401,44.9345226352172],[-93.1057946840413,44.9345270483905],[-93.1058050814745,44.935112631247],[-93.1053037440305,44.9348405108465],[-93.1052565591446,44.9348148988068],[-93.1054196496516,44.9346299291731]]],[[[-93.1056642008985,44.9359880102161],[-93.1056639981567,44.9359880205203],[-93.1056636825212,44.9359880611432],[-93.1056613307305,44.9359881777921],[-93.1056610090041,44.9359881680108],[-93.1056608062623,44.9359881783149],[-93.1056603516119,44.935988149314],[-93.1056589747713,44.9359881081702],[-93.1056578858745,44.9359879894439],[-93.1056574172979,44.9359879586095],[-93.1056571312505,44.9359879057241],[-93.1056566450428,44.9359878532513],[-93.105654369393,44.9359874176023],[-93.1056541239401,44.9359873531183],[-93.1056538152681,44.9359872632857],[-93.1056521744077,44.9359868048871],[-93.1056514081014,44.9359865168821],[-93.1056510020544,44.9359863917198],[-93.1056506847797,44.9359862469779],[-93.1056500904469,44.9359860241778],[-93.1056481402742,44.935985083628],[-93.1047857244194,44.9355169765196],[-93.104782815176,44.9355152759728],[-93.104780085244,44.9355134327941],[-93.104779201803,44.9355127449816],[-93.1047789315528,44.9355125697585],[-93.1047786881449,44.9355123451114],[-93.1047775459813,44.9355114560094],[-93.1047752125457,44.9355093546537],[-93.104773325633,44.9355073902597],[-93.1047732639082,44.9355073181242],[-93.1047730950108,44.935507141349],[-93.1047712047296,44.935504826021],[-93.1047695530426,44.9355024212946],[-93.1047691963118,44.9355017923562],[-93.1047690566161,44.9355016021551],[-93.1047689363057,44.9355013328182],[-93.104768146227,44.9354999388828],[-93.1047669918226,44.9354973914014],[-93.104766378431,44.9354956118792],[-93.1047662731697,44.9354953740723],[-93.1047662435245,44.935495217433],[-93.1047660973649,44.9354947923658],[-93.1047654653263,44.9354921543795],[-93.104765099442,44.9354894909487],[-93.1047650838238,44.935489053603],[-93.1047650541785,44.9354888969637],[-93.1047650680574,44.9354886468505],[-93.1047650021803,44.9354868155766],[-93.1047651734713,44.9354841426601],[-93.1047654201138,44.9354826522776],[-93.1047654366919,44.9354823679782],[-93.1047655010598,44.9354821557803],[-93.104765613254,44.9354814847962],[-93.1047663176626,44.9354788554727],[-93.1047672853608,44.9354762690834],[-93.1047674146752,44.9354759868589],[-93.1047674964951,44.9354758331912],[-93.1047685099489,44.9354737391095],[-93.1047699850409,44.9354712763334],[-93.1047707566419,44.9354702065444],[-93.1047709099384,44.9354699423747],[-93.1047711060882,44.9354697233002],[-93.1047717029661,44.9354688951332],[-93.1047736548004,44.9354666071847],[-93.1047758341573,44.9354644232699],[-93.1052637155576,44.9350109416305],[-93.1052660740541,44.935008904812],[-93.1052686270445,44.9350069908418],[-93.1052689472927,44.935006781067],[-93.1052690706408,44.9350066841882],[-93.1052693361518,44.9350065291684],[-93.1052713618176,44.9350052086869],[-93.1052742669244,44.9350035682173],[-93.1052750249929,44.9350031984439],[-93.1052752714499,44.9350030541753],[-93.105275644651,44.9350028967186],[-93.105277327133,44.9350020756945],[-93.1052805284653,44.9350007400826],[-93.1052818088507,44.9350002888],[-93.1052821757091,44.9350001331274],[-93.1052825727705,44.9350000189197],[-93.105283851889,44.9349995676339],[-93.1052872847102,44.9349985637162],[-93.1052892099083,44.9349981104061],[-93.1052896247308,44.9349979908428],[-93.1052899442223,44.934997937633],[-93.105290807901,44.9349977336819],[-93.1052944037047,44.9349970819869],[-93.1052974459624,44.9349966826889],[-93.1052976233954,44.934996666025],[-93.1052980556442,44.9349966103907],[-93.1053017459629,44.9349963233488],[-93.1053054543966,44.9349962199122],[-93.1053089162255,44.9349962913373],[-93.105312363346,44.9349965228926],[-93.1053137433979,44.9349966810238],[-93.1053140790099,44.934996699838],[-93.1053144068343,44.9349967573251],[-93.1053157843526,44.93499691545],[-93.1053191589898,44.934997466261],[-93.1053224771363,44.9349981726012],[-93.105325722337,44.9349990317312],[-93.1053288806701,44.9350000409176],[-93.1053301059714,44.9350005028071],[-93.1053304234702,44.9350005998606],[-93.1053307141926,44.9350007328413],[-93.1053319407608,44.9350011947339],[-93.1053348861625,44.9350024886408],[-93.1053377067714,44.9350039163152],[-93.1057296986011,44.9352166862681],[-93.1057424691378,44.9359360189606],[-93.1056761425244,44.9359836995039],[-93.1056743939533,44.9359848227089],[-93.1056738542173,44.9359850994362],[-93.1056735632581,44.9359852768902],[-93.1056731824118,44.9359854424279],[-93.1056724813914,44.9359858015451],[-93.1056709506397,44.9359864150882],[-93.1056706586872,44.9359865358518],[-93.1056704276978,44.9359866243707],[-93.105668259532,44.9359872795529],[-93.1056677852543,44.9359873800769],[-93.1056675150373,44.9359874595021],[-93.10566706115,44.9359875348811],[-93.1056660009937,44.9359877608519],[-93.1056646433757,44.9359879366091],[-93.1056642008985,44.9359880102161]]],[[[-93.1037559293739,44.9364337314528],[-93.1037597417647,44.9364336319203],[-93.1037632821861,44.9364337107832],[-93.1037668078725,44.936433954275],[-93.1037682145316,44.9364341178889],[-93.1037685602817,44.9364341376323],[-93.1037688944381,44.936434196939],[-93.1037703036309,44.936434360559],[-93.1037737542593,44.9364349295978],[-93.1037771458447,44.9364356568582],[-93.1037804619273,44.9364365405004],[-93.1037836898606,44.9364375759943],[-93.103784936668,44.936438047851],[-93.1037852668185,44.9364381494388],[-93.1037855701866,44.9364382878531],[-93.1037868157272,44.9364387597066],[-93.1037898268851,44.9364400862074],[-93.1037927081629,44.9364415491609],[-93.1045047565565,44.9368288604401],[-93.1045065981911,44.9368299798061],[-93.1045074274937,44.9368306018022],[-93.1045077305822,44.9368307987016],[-93.1045078983206,44.9368309538789],[-93.104508265638,44.9368312292187],[-93.1045097399602,44.9368325951344],[-93.1045100208848,44.9368329215522],[-93.1045101861026,44.9368330740239],[-93.1045103736219,44.9368333300282],[-93.1045110060255,44.9368340631193],[-93.1045120499772,44.936835616943],[-93.1045128604967,44.9368372394814],[-93.1045131452529,44.9368380823993],[-93.1045132655693,44.9368383508366],[-93.1045133014048,44.9368385371848],[-93.1045134275365,44.9368389127137],[-93.1045137461122,44.9368406195315],[-93.1045137607281,44.9368410019863],[-93.1045137965418,44.9368411928335],[-93.1045137786779,44.9368414807289],[-93.1045138125191,44.9368423401299],[-93.1045136255777,44.9368440565096],[-93.1045131891799,44.9368457497844],[-93.1045128443612,44.936846583065],[-93.1045127594207,44.9368468572993],[-93.1045126584998,44.9368470307158],[-93.1045125046796,44.9368474019612],[-93.1045115823075,44.9368489932694],[-93.1045113285779,44.9368493291779],[-93.1045112238303,44.936849507984],[-93.1045110072878,44.9368497513031],[-93.1045104310056,44.9368505084339],[-93.1045090635247,44.9368519303896],[-93.1039088595362,44.9374086090229],[-93.1038535067139,44.9374654826452],[-93.1038061988181,44.9375259086079],[-93.1038000109228,44.9375346287948],[-93.1037936257475,44.937543276513],[-93.1037870458303,44.937551850869],[-93.1037802711886,44.9375603482637],[-93.1037733056316,44.9375687669065],[-93.1037661504348,44.9375771050011],[-93.1037588056069,44.9375853607477],[-93.1037512762328,44.9375935305597],[-93.1029525496296,44.9371590693313],[-93.103716834194,44.936448724529],[-93.1037192551538,44.9364466312078],[-93.1037218794594,44.9364446643583],[-93.1037222086065,44.9364444510105],[-93.1037223345157,44.9364443496406],[-93.1037226089359,44.9364441883476],[-93.1037246905984,44.9364428329383],[-93.1037276771126,44.936441148617],[-93.1037284479132,44.9364407716866],[-93.1037287096214,44.9364406193605],[-93.1037291056869,44.936440452067],[-93.1037308237783,44.9364396158564],[-93.1037341153412,44.9364382454165],[-93.1037354363745,44.9364377807537],[-93.1037358095891,44.936437623302],[-93.103736213002,44.9364375082155],[-93.1037375327685,44.9364370435495],[-93.1037410621031,44.9364360147202],[-93.1037430355444,44.9364355525562],[-93.1037434668709,44.93643542854],[-93.1037438041249,44.9364353717788],[-93.1037446855748,44.9364351660834],[-93.1037483829013,44.9364345002889],[-93.1037511653334,44.9364341444858],[-93.1037515089215,44.9364340877401],[-93.1037516939297,44.9364340773959],[-93.1037521375965,44.9364340208956],[-93.1037559293739,44.9364337314528]]],[[[-93.1028978432495,44.9382890605542],[-93.1028966454082,44.9382891925806],[-93.1028962511031,44.9382892554977],[-93.1028959837472,44.9382892647383],[-93.1028954475712,44.9382893237073],[-93.1028930274325,44.9382894068383],[-93.1028924916468,44.9382893857253],[-93.1028922192235,44.9382893949534],[-93.1028918165327,44.9382893588708],[-93.1028906068997,44.9382893109063],[-93.1028882151106,44.9382890359828],[-93.1028858748511,44.9382885857231],[-93.1028847425147,44.9382882743044],[-93.1028843577968,44.9382881896762],[-93.1028841149849,44.9382881017977],[-93.1028836152414,44.938287963798],[-93.1028814577788,44.9382871783587],[-93.1028810115812,44.9382869712052],[-93.10288076624,44.9382868824207],[-93.1028804402362,44.9382867079559],[-93.1028794277567,44.9382862384654],[-93.1028775479391,44.9382851522725],[-93.1026822280603,44.9381592816163],[-93.1025907168787,44.9381003078593],[-93.1025278029671,44.9380597641456],[-93.1024648891442,44.938019220397],[-93.102401745563,44.9379785284785],[-93.1022429758284,44.9378762105069],[-93.1022283338738,44.9378667732136],[-93.1022255763447,44.9378648678196],[-93.1022230120278,44.93786282973],[-93.1022224873605,44.9378623488385],[-93.1022222816197,44.9378621935642],[-93.1022220434068,44.93786194283],[-93.1022206535389,44.9378606697734],[-93.1022185134936,44.9378583987788],[-93.1022175879581,44.9378572501404],[-93.1022173371382,44.9378569867779],[-93.1022171787018,44.9378567434388],[-93.1022166007117,44.9378560266657],[-93.1022149252663,44.9378535660564],[-93.1022136315441,44.9378512836503],[-93.1022135964372,44.9378512088796],[-93.1022134947014,44.937851028667],[-93.1022123165565,44.9378484271133],[-93.1022113971087,44.9378457731085],[-93.1022113027183,44.9378453859578],[-93.1022112439016,44.9378452373442],[-93.1022112021034,44.9378449762965],[-93.1022107388257,44.9378430801557],[-93.1022103454466,44.9378403608615],[-93.1022102987193,44.9378392935722],[-93.1022102507627,44.9378389965168],[-93.1022102712206,44.9378386987303],[-93.1022102219683,44.9378376296352],[-93.1022103658,44.9378348981678],[-93.1022106577282,44.9378329705954],[-93.1022106741436,44.9378327222884],[-93.1022107166443,44.9378325802232],[-93.1022107768712,44.9378321808562],[-93.1022114538536,44.9378294902944],[-93.1022123928806,44.9378268399701],[-93.1022125069095,44.9378265784066],[-93.1022125862279,44.9378264202356],[-93.1022135888277,44.9378242415682],[-93.1022150378238,44.937821709476],[-93.1022155520176,44.9378209630014],[-93.1022156862369,44.9378207176842],[-93.102215909259,44.9378204473911],[-93.102216730944,44.9378192553689],[-93.1022186592587,44.9378168918225],[-93.1022199352102,44.9378155506516],[-93.1022201467601,44.9378152947273],[-93.1022203337784,44.9378151332224],[-93.1022208163939,44.9378146269192],[-93.1022231896066,44.9378124759244],[-93.1022257687223,44.9378104469113],[-93.102237153036,44.9378020950403],[-93.1023312000051,44.9377330990171],[-93.1023488333095,44.9377201627028],[-93.1023898657165,44.9376820272654],[-93.1024722103427,44.9376054969901],[-93.1025191412337,44.9375618799926],[-93.1026012042663,44.937485610775],[-93.1026574760425,44.9374333119513],[-93.1027395374415,44.9373570426295],[-93.1027884252097,44.9373116082199],[-93.1028462431785,44.9373430583866],[-93.1030163238935,44.9374355738056],[-93.1030898993576,44.9374755945655],[-93.103163474924,44.9375156152777],[-93.1032370505884,44.9375556368419],[-93.1033351512155,44.9376089979526],[-93.1035884061026,44.9377467530175],[-93.1035529552088,44.9377796314902],[-93.1035469149428,44.9377850731193],[-93.1035406687697,44.9377903927687],[-93.1035342154315,44.9377955886358],[-93.1029102743197,44.9382840224889],[-93.1029085505367,44.9382852329939],[-93.1029076028186,44.9382857723493],[-93.1029073066929,44.9382859659801],[-93.1029070806874,44.9382860689026],[-93.1029066589143,44.9382863090146],[-93.1029046197796,44.9382872389035],[-93.1029041400643,44.9382874104876],[-93.1029039102493,44.9382875152003],[-93.1029035321723,44.9382876276468],[-93.1029024547174,44.9382880128158],[-93.1029001878374,44.9382886227123],[-93.1028978432495,44.9382890605542]]],[[[-93.1050963262618,44.9376496202834],[-93.1058478290895,44.9375202965147],[-93.105851711762,44.9377675654999],[-93.1058525352833,44.9378132661249],[-93.1058530199885,44.9378401680068],[-93.105854662733,44.9379314108786],[-93.1056745062367,44.938019416549],[-93.1054815184474,44.9381136902457],[-93.1052836576456,44.9382100572916],[-93.1050945729429,44.9383012166097],[-93.1049242368361,44.9383833360018],[-93.1049216071719,44.9383853532546],[-93.1047259103383,44.9384789496031],[-93.104535943647,44.9385760679785],[-93.1043519335238,44.9386621455482],[-93.1042706672628,44.9386087383324],[-93.1041468366224,44.9385273570898],[-93.1040384977297,44.9384561562958],[-93.1041897251388,44.9383490892367],[-93.1043538889672,44.9382303344991],[-93.1044970822447,44.9381127502047],[-93.1046435526863,44.9379924761082],[-93.1047883830188,44.9378735457322],[-93.1049283845418,44.9377585823434],[-93.1046644480256,44.9377477042991],[-93.1050331627827,44.9376811106916],[-93.1050963262618,44.9376496202834]]],[[[-93.1017982799413,44.9379575561297],[-93.1019306924635,44.9378675302944],[-93.1021025312821,44.9379782716492],[-93.1027426224291,44.9383907721152],[-93.1027443267448,44.9383919964493],[-93.1027450861189,44.9383926704749],[-93.1027453587435,44.9383928799013],[-93.1027455036517,44.9383930404239],[-93.1027458404476,44.9383933399891],[-93.1027471509389,44.9383947883068],[-93.1027473925138,44.9383951299287],[-93.102747539947,44.9383952922571],[-93.1027476957569,44.9383955553848],[-93.1027482418242,44.9383963260651],[-93.1027490992514,44.9383979361338],[-93.1027497169693,44.938399601401],[-93.1027499028219,44.9384004584767],[-93.1027499901685,44.9384007322337],[-93.1027500031914,44.9384009194261],[-93.1027500862022,44.9384013029491],[-93.1027502032415,44.9384030218731],[-93.1027501735102,44.9384034033191],[-93.1027501865068,44.9384035959104],[-93.1027501357039,44.9384038819248],[-93.1027500681706,44.9384047410767],[-93.1027496810904,44.9384064398647],[-93.1027490471472,44.938408102053],[-93.1027486061262,44.9384089116964],[-93.1027484895341,44.9384091795528],[-93.1027483683703,44.9384093457196],[-93.1027481727764,44.9384097069618],[-93.1027470669204,44.9384112393166],[-93.102746771433,44.9384115616213],[-93.1027466489892,44.9384117304843],[-93.1027464084463,44.9384119566446],[-93.1027457423358,44.9384126811523],[-93.1027442130369,44.9384140163069],[-93.1021067143212,44.9389130481476],[-93.1021049459726,44.9389142972224],[-93.102104115075,44.9389147783715],[-93.1021038049461,44.938914984563],[-93.1021035319216,44.9389151161619],[-93.1021030122967,44.9389154163169],[-93.1021009310911,44.9389163928778],[-93.1021006569404,44.93891649568],[-93.1021005007454,44.9389165708789],[-93.102100126406,44.9389166950295],[-93.1020987251993,44.938917218863],[-93.1020972459168,44.9389176462246],[-93.1020968842725,44.9389177650076],[-93.1020967105348,44.9389178005716],[-93.1020964149352,44.9389178853247],[-93.1020940231334,44.9389183860203],[-93.1020933651812,44.9389184752788],[-93.1020930481503,44.9389185383836],[-93.1020926261051,44.9389185733354],[-93.102091572624,44.9389187156073],[-93.1020890887579,44.9389188714488],[-93.1020865943518,44.9389188509016],[-93.1020855293059,44.9389187672927],[-93.1020851036932,44.9389187545458],[-93.10208478086,44.9389187087594],[-93.1020841160014,44.9389186558309],[-93.1020816765061,44.9389182871928],[-93.1020813677273,44.9389182171461],[-93.102081195551,44.9389181924267],[-93.1020808336911,44.9389180961547],[-93.1020793011857,44.9389177486488],[-93.1020778401224,44.9389172996406],[-93.1020774618151,44.938917198829],[-93.1020772999718,44.9389171336437],[-93.1020770115554,44.9389170447512],[-93.1020748316415,44.9389161845572],[-93.1020742755493,44.9389159105438],[-93.1020739961197,44.9389157973786],[-93.102073672697,44.93891561302],[-93.1020727829503,44.9389151744186],[-93.102070885699,44.9389140251828],[-93.1013678067392,44.9384420615528],[-93.1011985260317,44.9383284244404],[-93.1014821420834,44.9381550763342],[-93.1015807745214,44.93809478712],[-93.1016217791831,44.9380697234241],[-93.1016587528757,44.9380469379752],[-93.1017949131369,44.9379597775479],[-93.1017982799413,44.9379575561297]]],[[[-93.1025716746242,44.9388548250102],[-93.102529302486,44.9388189541841],[-93.1036920617609,44.9379087299502],[-93.1036951945587,44.9379064179216],[-93.1036985129363,44.9379042395197],[-93.1037016815091,44.9379023864815],[-93.1037017666069,44.9379023416996],[-93.1037020041817,44.9379022037113],[-93.1037056568667,44.9379003158675],[-93.1037094582924,44.9378985822554],[-93.1037124209063,44.9378973999699],[-93.1037126710447,44.9378972836079],[-93.1037128474039,44.9378972291518],[-93.1037133970222,44.9378970100458],[-93.1037174578276,44.9378956046001],[-93.1037216267556,44.9378943694832],[-93.1037243728357,44.9378936878605],[-93.103724719211,44.9378935807324],[-93.1037249880155,44.9378935337015],[-93.1037258911117,44.937893310063],[-93.1037302356805,44.9378924290016],[-93.1037346439755,44.9378917298576],[-93.1037370980092,44.9378914461343],[-93.1037374771172,44.9378913813775],[-93.1037377989808,44.9378913650701],[-93.103739103315,44.9378912152996],[-93.1037435972213,44.9378908870867],[-93.1037481104922,44.9378907451817],[-93.1037501791832,44.9378907664488],[-93.1037505745373,44.9378907476221],[-93.1037509468651,44.9378907746292],[-93.1037526279124,44.9378907922466],[-93.1037571330261,44.9378910255418],[-93.1037616118933,44.9378914459329],[-93.1037632627933,44.9378916713323],[-93.1037636338542,44.9378916983362],[-93.1037640160764,44.937891774857],[-93.1037660480541,44.9378920515798],[-93.1037704263147,44.9378928406458],[-93.1037747340199,44.9378938104005],[-93.1037759574662,44.9378941427292],[-93.1037762789406,44.9378942065038],[-93.1037766419371,44.9378943288677],[-93.1037789521888,44.9378949562981],[-93.1037830706954,44.9378962765145],[-93.1037870718343,44.9378977647073],[-93.1037878999178,44.9378981176625],[-93.1037881414932,44.9378981992374],[-93.1037884410116,44.9378983493398],[-93.1037909454882,44.9378994172528],[-93.1037946752231,44.9379012269121],[-93.1037982496591,44.9379031891583],[-93.1037987233126,44.9379034818574],[-93.1037988825513,44.9379035614308],[-93.1037990971819,44.9379037131248],[-93.103801657434,44.9379052958653],[-93.1038048846385,44.9379075416002],[-93.1038079224528,44.9379099164434],[-93.1038081179801,44.9379100887862],[-93.1038081848698,44.9379101411391],[-93.1038107595102,44.9379124131686],[-93.1038133857107,44.9379150245527],[-93.103815792239,44.9379177397764],[-93.1038213771685,44.9379246630992],[-93.1038267209296,44.9379316821105],[-93.1038318248109,44.9379387923142],[-93.1038366799707,44.93794598829],[-93.1038412864263,44.9379532664387],[-93.1038432655066,44.9379566095811],[-93.1038434957631,44.9379569349765],[-93.1038436613226,44.9379572782096],[-93.1038456416657,44.937960622255],[-93.1038497419059,44.9379680521305],[-93.1038535846393,44.9379755506603],[-93.1038571686206,44.9379831133422],[-93.1038604913339,44.937990736571],[-93.1038635502712,44.9379984149415],[-93.1038856538748,44.9380478713347],[-93.1039137726193,44.9380957632927],[-93.1039476866044,44.9381417222503],[-93.1040959326617,44.9380648870065],[-93.1041677891114,44.9380276443151],[-93.1041624038192,44.9380200358432],[-93.1041572482133,44.93801234875],[-93.1041523248187,44.9380045848413],[-93.1041476348846,44.9379967477194],[-93.1041431809229,44.9379888418895],[-93.1041389641829,44.9379808709539],[-93.1041349884519,44.9379728376216],[-93.1041312537124,44.9379647454914],[-93.1041277624718,44.9379565999686],[-93.1041245159882,44.9379484028559],[-93.1040998323337,44.9378951420967],[-93.1040994970751,44.9378945249065],[-93.1040670225071,44.9378438194221],[-93.1040664674676,44.937843067622],[-93.1040264199754,44.9377951635873],[-93.1040259094867,44.9377946296501],[-93.1039784549489,44.9377498073041],[-93.1045933114164,44.9377512943881],[-93.1043850737606,44.9379150248539],[-93.1043056119268,44.9379759158666],[-93.1041486638404,44.9381000960541],[-93.1039930850578,44.9382223483872],[-93.1038506854853,44.9383337936952],[-93.103729061619,44.9382550277469],[-93.1035187955762,44.9383639703584],[-93.1036795625954,44.9384679326867],[-93.1035251812402,44.9385889473779],[-93.1033616109473,44.9387171638756],[-93.1032036928163,44.9388409489606],[-93.1030455997734,44.9389648710673],[-93.1028894022321,44.9390873066302],[-93.1027348382386,44.9392084601695],[-93.1024507744471,44.9390260634312],[-93.1023568862867,44.9389661370447],[-93.1025461075015,44.9388680747573],[-93.1025716746242,44.9388548250102]]],[[[-93.1037117905705,44.9387122532601],[-93.1038673660151,44.9385903018434],[-93.1039369012205,44.9386360007409],[-93.1040486657801,44.9387093317671],[-93.1041204104646,44.9387563892742],[-93.1041451740354,44.9387726311595],[-93.1039796280816,44.9388841828322],[-93.1037895430597,44.9389819133448],[-93.1035994569229,44.9390792188282],[-93.1034029276877,44.9391752817431],[-93.1032110469198,44.9392766295175],[-93.1030176585883,44.9393770482606],[-93.1029149575878,44.9394279490929],[-93.1028120007247,44.9394754236294],[-93.1026323927274,44.9395526641269],[-93.102762766604,44.9394561482993],[-93.102772228519,44.9394487310488],[-93.1029339034732,44.9393220035271],[-93.1030894822107,44.9392000540827],[-93.1030939748107,44.939196634147],[-93.1032450602887,44.9390781044237],[-93.1034006377116,44.9389561536505],[-93.1035562144708,44.9388342035625],[-93.1035891523953,44.9388083842329],[-93.1037117905705,44.9387122532601]]],[[[-93.1008818956408,44.9395731732923],[-93.1008816241599,44.9395732473042],[-93.1008811956511,44.9395733074302],[-93.1008799250223,44.9395735499319],[-93.1008773314875,44.939573844946],[-93.1008747097683,44.9395739455313],[-93.1008734076183,44.9395738991161],[-93.1008729591041,44.9395739052039],[-93.1008726640736,44.9395738729801],[-93.1008720864693,44.9395738517539],[-93.100869491996,44.939573563689],[-93.1008689249508,44.9395734561074],[-93.1008686375172,44.9395734248021],[-93.1008682287934,44.9395733257108],[-93.1008669529353,44.9395730850017],[-93.1008644996706,44.9395724202662],[-93.100862156233,44.9395715776404],[-93.1008610527036,44.9395710728141],[-93.100860668307,44.939570921594],[-93.1008604409031,44.9395707914583],[-93.1008599491831,44.9395705661881],[-93.10085790381,44.9395693958699],[-93.1008574934889,44.939569106015],[-93.1008572610307,44.9395689731673],[-93.1008569670117,44.9395687348896],[-93.1008560415801,44.9395680811359],[-93.1008543814306,44.9395666355301],[-93.100362062609,44.9390874149251],[-93.1003608718561,44.9390861009487],[-93.1003605485561,44.9390856349452],[-93.1003603570967,44.9390854095179],[-93.1003602214863,44.9390851626337],[-93.1003598994443,44.9390846984329],[-93.1003591566783,44.9390832272014],[-93.100358654867,44.9390817061784],[-93.1003585699746,44.9390811930764],[-93.1003584952407,44.939080932846],[-93.1003584838773,44.9390806673741],[-93.100358398985,44.9390801542721],[-93.1003583927354,44.9390785912875],[-93.1003586360167,44.9390770379201],[-93.1003588019707,44.9390765245406],[-93.1003588513599,44.9390762709169],[-93.1003589602349,44.9390760291382],[-93.1003591261976,44.9390755139591],[-93.1003598581088,44.9390740400873],[-93.100360818993,44.9390726342692],[-93.1003612139023,44.9390721925426],[-93.1003613822586,44.9390719635088],[-93.1003616011705,44.9390717588953],[-93.1003619986224,44.9390713153754],[-93.1003633829726,44.9390701013674],[-93.1007155402594,44.9387953564887],[-93.100736931862,44.9387788044032],[-93.1007585128733,44.9387623769566],[-93.1007802794925,44.9387460741394],[-93.1008022317108,44.9387298977511],[-93.1008243682614,44.9387138477884],[-93.1008466866016,44.9386979260445],[-93.1008691867271,44.9386821334192],[-93.1008918660996,44.9386664708058],[-93.1009147234479,44.938650939101],[-93.1009377587633,44.9386355401042],[-93.1009609669781,44.9386202738026],[-93.1009843506174,44.9386051420023],[-93.1010079046093,44.9385901455902],[-93.1010316302163,44.9385752854692],[-93.1010555249046,44.9385605616329],[-93.1011451696108,44.9385057699857],[-93.1011469530337,44.9385048071025],[-93.1011475966672,44.9385045369523],[-93.1011479014783,44.9385043820393],[-93.1011482403007,44.9385042668021],[-93.1011488813915,44.9385039984452],[-93.1011509293117,44.9385033511495],[-93.101153067599,44.9385028768408],[-93.1011537990702,44.9385027787715],[-93.1011541630225,44.9385027058875],[-93.1011545394183,44.9385026789245],[-93.1011552696226,44.938502580852],[-93.101157504956,44.938502467607],[-93.1011596254066,44.9385025304403],[-93.1011601508822,44.9385025875284],[-93.1011604687993,44.938502601812],[-93.1011608852847,44.9385026667287],[-93.101161723513,44.9385027578834],[-93.1011629588442,44.9385029912906],[-93.1011633702622,44.9385030561948],[-93.1011635246125,44.9385030988676],[-93.1011637752224,44.9385031462777],[-93.1011657539484,44.938503691958],[-93.1011659853656,44.9385037780124],[-93.1011661384534,44.9385038197823],[-93.1011664949947,44.9385039664335],[-93.1011676369182,44.9385043885694],[-93.1011683472509,44.9385047259555],[-93.1011687101133,44.9385048753218],[-93.1011689552014,44.9385050153985],[-93.1011694001012,44.9385052279542],[-93.1011710245517,44.938506198368],[-93.1019194781889,44.9390086230328],[-93.1019212997133,44.9390099727417],[-93.1019220615493,44.9390106611758],[-93.1019223581256,44.9390108949581],[-93.1019225320261,44.9390110852469],[-93.1019229268159,44.9390114425454],[-93.1019243443647,44.9390130180096],[-93.1019245519912,44.9390133064608],[-93.1019246943871,44.9390134624792],[-93.1019248804194,44.9390137625747],[-93.1019255410414,44.93901468201],[-93.1019263171198,44.9390160849279],[-93.1019264214081,44.9390162615478],[-93.1019265042387,44.9390164219182],[-93.1019272251765,44.9390182197164],[-93.101927406673,44.939018929214],[-93.1019275129406,44.9390192192147],[-93.1019275496224,44.9390194901479],[-93.101927695066,44.9390200591862],[-93.1019279127236,44.9390219232285],[-93.1019279091382,44.9390221382741],[-93.1019279250047,44.9390222615871],[-93.1019279008412,44.9390225395686],[-93.1019278744502,44.9390237911384],[-93.1019276770615,44.9390250359877],[-93.1019276516356,44.9390253130663],[-93.1019276130396,44.9390254335455],[-93.1019275790491,44.9390256485161],[-93.1019270329427,44.9390274773812],[-93.1019267857291,44.9390280301541],[-93.1019267020883,44.9390282944917],[-93.1019265423426,44.9390285775376],[-93.1019262374858,44.9390292597409],[-93.1019252028972,44.9390309785239],[-93.1019251302232,44.9390310728246],[-93.1019250919353,44.9390311303179],[-93.1019239381241,44.9390326175558],[-93.1019231066023,44.9390334847203],[-93.1019228797912,44.9390337514042],[-93.1019227207715,44.9390338859833],[-93.1019224546388,44.939034162468],[-93.1019207664561,44.9390355970984],[-93.1019203088093,44.9390359172013],[-93.1019201052684,44.9390360885628],[-93.1019197698051,44.9390362937915],[-93.1019188913784,44.9390369079938],[-93.1019168446654,44.9390380834943],[-93.1008894517721,44.9395705285665],[-93.100887251236,44.9395715453011],[-93.1008860823332,44.9395719698163],[-93.1008857052721,44.9395721308483],[-93.1008854325199,44.9395722057569],[-93.1008849121634,44.9395723943282],[-93.1008824612122,44.939573064916],[-93.1008818956408,44.9395731732923]]],[[[-93.1019693130041,44.9391754068663],[-93.1021194591417,44.9390577176327],[-93.1022074693887,44.9391141555637],[-93.1025472855189,44.939332064363],[-93.1025637101464,44.9393425974689],[-93.1024140970466,44.9394598692833],[-93.1022536198433,44.9395856560206],[-93.1021160021761,44.9396935233995],[-93.1020931432097,44.9397114416331],[-93.1019400295125,44.9398314549099],[-93.1017903897026,44.9399487456335],[-93.1017869164479,44.9399514670822],[-93.1016959375404,44.9400227773296],[-93.1016316839262,44.9400731411608],[-93.1016157092789,44.940062554145],[-93.1015925908852,44.9400472317826],[-93.101512453857,44.9399941205383],[-93.1013827326782,44.9399081471264],[-93.1011940337944,44.9397830830564],[-93.1013443522482,44.9396652630005],[-93.1015000726398,44.939543207193],[-93.1016540487574,44.9394225181744],[-93.1018155086272,44.9392959626641],[-93.1018519182696,44.9392674232816],[-93.1019693130041,44.9391754068663]]],[[[-93.0998089558363,44.9393396293766],[-93.0999500400778,44.939229571545],[-93.1006515202365,44.9396897811902],[-93.1006519491805,44.9396901484756],[-93.1006522854205,44.9396905605217],[-93.100652521408,44.9396910065121],[-93.1006526495993,44.9396914747307],[-93.1006526675311,44.9396919507743],[-93.1006525727273,44.9396924229393],[-93.1006523690592,44.9396928768383],[-93.1006520629187,44.9396933007896],[-93.1006516619691,44.939693682215],[-93.1006511763898,44.9396940121415],[-93.0996598213038,44.940207757323],[-93.0995262774123,44.9402769624077],[-93.0991331514613,44.9400190466642],[-93.0992418858157,44.9399335656862],[-93.0991661935874,44.9398839065274],[-93.0993435625633,44.9397242199663],[-93.0993712133754,44.9396994639614],[-93.0993990536692,44.9396748154988],[-93.0994270809105,44.9396502745719],[-93.0994552963619,44.9396258420836],[-93.0994634338739,44.9396188726152],[-93.0994647431946,44.9396177223179],[-93.0994663105017,44.9396164088973],[-93.0994836974851,44.9396015189274],[-93.0995122855423,44.9395773060058],[-93.0995410579998,44.9395532033126],[-93.0995700135818,44.939529212644],[-93.0995878361861,44.9395146080816],[-93.0995894200237,44.9395132812033],[-93.0995908178574,44.9395121644176],[-93.099599153555,44.9395053340031],[-93.0996284753857,44.9394815673834],[-93.0996579777936,44.939457915481],[-93.0996876620543,44.9394343764993],[-93.0997175243495,44.939410954028],[-93.0998089558363,44.9393396293766]]],[[[-93.1008697296443,44.940040802877],[-93.1010236491152,44.9399177408749],[-93.101168140862,44.940013505167],[-93.1012999784297,44.9401008823581],[-93.1013801053061,44.9401539874271],[-93.1011841468205,44.9402491877146],[-93.1009924875676,44.9403472381049],[-93.1008007013772,44.9404452050765],[-93.1006101734261,44.940542228245],[-93.1004171373398,44.9406395580084],[-93.1002250060608,44.9407374826652],[-93.100144718186,44.9406847057194],[-93.1001006159166,44.9406557168459],[-93.100254525955,44.9405326666594],[-93.1004084340683,44.9404096162598],[-93.1004796031829,44.9403527160541],[-93.1005618887187,44.9402869280507],[-93.1007158095107,44.9401638655689],[-93.1008697296443,44.940040802877]]]]},"properties":{"kind":"tif","city":"St. Paul","name":"Riverfront Renaissance - Upper Landing Subdistrict","tifNumber":225,"districtType":"Redevelopment","creator":"HRA","certifiedDate":"2002-01-07","decertificationDate":"12/31/2028","incrementReceived":3899423,"incrementExpended":2319862,"projectArea":"Riverfront"}},{"type":"Feature","geometry":{"type":"MultiPolygon","coordinates":[[[[-93.0883762932016,44.9405533067792],[-93.0883276298389,44.9405015507547],[-93.0884219056595,44.9404605013605],[-93.0885272097298,44.9405866488431],[-93.0887824884486,44.9408924670646],[-93.0890501768931,44.941213175265],[-93.0891163933228,44.9412925131203],[-93.0892706428236,44.9411684725906],[-93.0894437781784,44.9410292458333],[-93.089929468795,44.9412781831019],[-93.0896685839324,44.9414462071809],[-93.0895629786263,44.9414484907233],[-93.0894398580948,44.9414966004353],[-93.089145126447,44.9413269329582],[-93.0893274260807,44.9415453080425],[-93.0884161217168,44.9419039007526],[-93.0882413593787,44.9417002664008],[-93.0882440602146,44.9414495792352],[-93.0884554235239,44.9413628280785],[-93.0888987691864,44.9411808620157],[-93.0883762932016,44.9405533067792]]],[[[-93.0896671063735,44.9401042893494],[-93.0897021583364,44.9400893590594],[-93.089936561195,44.9404152488154],[-93.0899302176693,44.9404179895161],[-93.0897588661391,44.9404920061017],[-93.0896002990431,44.9405605008258],[-93.0895508088886,44.9405818779289],[-93.0892872878065,44.940266067581],[-93.0893369629095,44.9402449088223],[-93.0894966380685,44.940176897815],[-93.0896671063735,44.9401042893494]]],[[[-93.0900469108152,44.9412401073357],[-93.0899814337993,44.9412692205741],[-93.0898233642232,44.9410808572402],[-93.0897754436861,44.9410274391056],[-93.0898451049345,44.9409996243778],[-93.0898505374749,44.9410060989878],[-93.0899328984875,44.9411042434342],[-93.0900469108152,44.9412401073357]]]]},"properties":{"kind":"tif","city":"St. Paul","name":"Riverfront Renaissance - Llewlyn Subdistrict","tifNumber":264,"districtType":"Redevelopment","creator":"HRA","certifiedDate":"2002-01-07","decertificationDate":"12/31/2028","incrementReceived":3899423,"incrementExpended":2319862,"projectArea":"Riverfront"}},{"type":"Feature","geometry":{"type":"MultiPolygon","coordinates":[[[[-93.0878116866024,44.9426376329276],[-93.0868774772428,44.9430469428591],[-93.0867936054183,44.9429614247278],[-93.0865317435732,44.942694420801],[-93.0864968446462,44.9426588352091],[-93.0862661182753,44.9424235777653],[-93.0857957633491,44.9419439699363],[-93.0857197696149,44.9418526731672],[-93.0856544397059,44.9418804642897],[-93.0855890197417,44.9418020029149],[-93.0852058211761,44.941342411352],[-93.0861333976333,44.9409478159504],[-93.0865754892389,44.9414780316323],[-93.0873534516867,44.9424110417241],[-93.0875492270098,44.9423228741923],[-93.0878116866024,44.9426376329276]]],[[[-93.0859956738718,44.9407826190885],[-93.0850680877121,44.9411772169498],[-93.084418712953,44.9403983567893],[-93.0853462910149,44.940003763261],[-93.0859956738718,44.9407826190885]]]]},"properties":{"kind":"tif","city":"St. Paul","name":"Riverfront Renaissance - US Bank Subdistrict","tifNumber":261,"districtType":"Redevelopment","creator":"HRA","certifiedDate":"2002-01-07","decertificationDate":"12/31/2028","incrementReceived":3899423,"incrementExpended":2319862,"projectArea":"Riverfront"}},{"type":"Feature","geometry":{"type":"Polygon","coordinates":[[[-93.0821228918783,44.9376447930398],[-93.0820225911277,44.9375227396924],[-93.0819251705972,44.9374057220051],[-93.0818444464423,44.9373087556492],[-93.0817702194556,44.9372194350047],[-93.0816948152021,44.9371290188269],[-93.0815398168643,44.9369428357548],[-93.0814577707993,44.93681797509],[-93.0813789485128,44.9366980745545],[-93.0812976128172,44.9365743746046],[-93.08139524352,44.9365786363447],[-93.0813905516947,44.9366627922053],[-93.0815385083737,44.9366068052449],[-93.0814813595286,44.9365276695498],[-93.0814417206331,44.9365121229942],[-93.0814323574248,44.9365080193706],[-93.0815041662428,44.9365223904268],[-93.081627021997,44.9365469797506],[-93.0818222322721,44.9365860483174],[-93.0819370029417,44.9366090169707],[-93.0820168239766,44.9366249925409],[-93.0822083356731,44.9366633209282],[-93.0822616987136,44.9366739985752],[-93.0824717467764,44.9367160376736],[-93.0825078748047,44.9367232675598],[-93.0825081899197,44.9367233304778],[-93.0825901904977,44.9367397415033],[-93.082631052866,44.9367479187361],[-93.0826333459848,44.9367483782859],[-93.0826963755687,44.9367614099218],[-93.0827955745727,44.9367815274569],[-93.082899913021,44.9368026563323],[-93.0830964273763,44.9368424450958],[-93.0832862485014,44.936880920186],[-93.0832957312276,44.9368827906415],[-93.083476612933,44.9369194764709],[-93.0837057283038,44.9369696455116],[-93.0837479143953,44.9369788830977],[-93.0840603568477,44.9370549319422],[-93.0843696207627,44.9371372756717],[-93.0844152419473,44.937150576559],[-93.0845649125432,44.937195934896],[-93.0847135124647,44.9372430359021],[-93.0849172893614,44.9373107787425],[-93.0849338602084,44.9373260972744],[-93.0844576637688,44.9375335156319],[-93.0845109030158,44.9375843675282],[-93.084667016923,44.9375170368842],[-93.0849951123097,44.937375530211],[-93.085068199788,44.9373440084356],[-93.0851632998053,44.9373844174061],[-93.085179499062,44.9373915169629],[-93.0851465248188,44.9374057890393],[-93.0852133719942,44.9374524330634],[-93.0852757286002,44.9375021157375],[-93.0853333214583,44.9375546194159],[-93.0853858982566,44.9376097140946],[-93.085335350238,44.9376163612177],[-93.0849275301074,44.9376699927102],[-93.0848278828606,44.9376830959606],[-93.084805379405,44.9376860559307],[-93.0846906854215,44.9377011379549],[-93.084342555236,44.93774691711],[-93.0841789861239,44.9377684265143],[-93.0840129156553,44.9377902638498],[-93.0838106056029,44.9378168665633],[-93.0837043620712,44.9378327346253],[-93.0836755174886,44.9378377058879],[-93.0835637005123,44.9378597336753],[-93.0834535482978,44.9378858589669],[-93.0833536292407,44.9379131737066],[-93.0832557921283,44.9379440573687],[-93.0831602894568,44.9379784302503],[-93.0830673676994,44.9380162036435],[-93.083031831719,44.9380313006905],[-93.0829807409511,44.9379726353106],[-93.0828774854143,44.9378540932054],[-93.082770680243,44.9377302732606],[-93.0826974299025,44.9376410790779],[-93.082637056583,44.9376415057147],[-93.0827287204895,44.9377499009281],[-93.0828355861298,44.9378718350689],[-93.0829414182817,44.9379899196952],[-93.0829931773652,44.9380477230345],[-93.0825990957461,44.9382151400036],[-93.0825500424609,44.9381564609075],[-93.0824521925904,44.9380392508957],[-93.0823538395217,44.9379214383956],[-93.0822546206824,44.9378025878406],[-93.0821546267263,44.9376828083446],[-93.0821228918783,44.9376447930398]]]},"properties":{"kind":"tif","city":"St. Paul","name":"Riverfront Renaissance - Drake Marble Subdistrict","tifNumber":262,"districtType":"Redevelopment","creator":"HRA","certifiedDate":"2002-01-07","decertificationDate":"12/31/2028","incrementReceived":3899423,"incrementExpended":2319862,"projectArea":"Riverfront"}},{"type":"Feature","geometry":{"type":"MultiPolygon","coordinates":[[[[-93.0855035592015,44.9398694418482],[-93.0854269975028,44.9397776151749],[-93.0853402345977,44.9398145255056],[-93.0852282360972,44.9398621711419],[-93.0848969602999,44.9400030969671],[-93.0847147582952,44.9400806066603],[-93.0846950826718,44.940057007124],[-93.0845967073123,44.9399390129962],[-93.0846189756208,44.9399295396256],[-93.0843628736188,44.939617780966],[-93.0840193003233,44.939199534544],[-93.083920680099,44.9390794777024],[-93.083765390292,44.9388904346823],[-93.0837271055633,44.938843826543],[-93.0836094972468,44.938700652913],[-93.0835116164325,44.9385814965573],[-93.0834158018903,44.938464850619],[-93.0833190309646,44.938347043126],[-93.0832665328984,44.9382831273834],[-93.0832854042926,44.9382751111266],[-93.0833203124646,44.938260651215],[-93.0834108957367,44.938226316919],[-93.0835041083681,44.9381957380723],[-93.0835996432545,44.9381690173396],[-93.0836971819763,44.9381462411601],[-93.083813130468,44.9381245075306],[-93.0838879268899,44.9381135129709],[-93.0839369073208,44.9381070720294],[-93.0843976747465,44.9380464824424],[-93.0844224970488,44.9380432190944],[-93.0844470746772,44.938039987493],[-93.0849908028552,44.9379684858117],[-93.0850359456032,44.9379625499523],[-93.0851594495016,44.9379463082598],[-93.0856475136609,44.9378821245537],[-93.085789501572,44.9380509583894],[-93.0857815195335,44.938054287561],[-93.0858211964596,44.9381094648377],[-93.085910504524,44.9382313115842],[-93.0859645670497,44.9382965466036],[-93.0860938631893,44.9382416262632],[-93.0863399413111,44.9381367923973],[-93.086447106066,44.9380911387637],[-93.0865270794111,44.9381862930549],[-93.0868296698091,44.9385465037598],[-93.087452745565,44.9393021444614],[-93.0874826274105,44.9392894302698],[-93.0875426656916,44.9393584502258],[-93.0875436346147,44.939359732268],[-93.087770204217,44.939657503377],[-93.0879862599534,44.9399695042811],[-93.087904129313,44.940003882989],[-93.087816979015,44.9400412297037],[-93.0877405553479,44.9400744299309],[-93.0876532930999,44.9401113317245],[-93.0871429891513,44.9403291241136],[-93.0870421496886,44.9403717039776],[-93.0869559968548,44.9404060508606],[-93.0865748364225,44.9405682035097],[-93.0865271929577,44.940588472843],[-93.0862141137912,44.9407216601719],[-93.086108584843,44.9405950951458],[-93.0861055289444,44.9405914294563],[-93.0860173524439,44.9404856735672],[-93.0856631060027,44.9400608015728],[-93.0855978140169,44.9399824889782],[-93.0855035592015,44.9398694418482]]],[[[-93.0883102205134,44.9405817075715],[-93.0883762932016,44.9405533067792],[-93.0884797307821,44.9406775490793],[-93.0884132411858,44.9407054548577],[-93.0882508576687,44.9407736031131],[-93.0882525381147,44.9406065019972],[-93.0883102205134,44.9405817075715]]],[[[-93.0913368337899,44.941723920187],[-93.0925114227952,44.941607112057],[-93.0925410584443,44.9416090331168],[-93.0925698250511,44.9416144477134],[-93.0925969125558,44.9416232008151],[-93.0926215569571,44.9416350484274],[-93.0926430656594,44.9416496558575],[-93.0926608326076,44.9416666112497],[-93.0926743559601,44.9416854382277],[-93.0926832583061,44.9417056067434],[-93.0926872853257,44.9417265474703],[-93.0926863259576,44.9417476725505],[-93.0926804072815,44.9417683854793],[-93.0926696944011,44.9417881045],[-93.0926544903899,44.9418062734013],[-93.0921504164734,44.9421957732289],[-93.0918015636449,44.9423292435518],[-93.0915985516031,44.9424069152791],[-93.0913849532126,44.942488635689],[-93.0913147446172,44.9425154970541],[-93.0912598364653,44.9425365047007],[-93.0911003603986,44.9425522163547],[-93.0904898011504,44.9427921396402],[-93.0891095496807,44.9430855341146],[-93.0890748180614,44.9430869868027],[-93.089040243549,44.9430842278779],[-93.0890068304589,44.9430773373153],[-93.0889755533485,44.9430665155885],[-93.0889473190441,44.9430520763736],[-93.0889229502018,44.9430344402072],[-93.0889031537022,44.9430141209079],[-93.0888885068057,44.9429917075434],[-93.0888794356745,44.9429678526779],[-93.0888762015474,44.9429432507399],[-93.0888789008553,44.9429186155278],[-93.0888874538984,44.9428946648832],[-93.088901612587,44.9428720937173],[-93.0889209655841,44.9428515596268],[-93.0902516627793,44.9421165990331],[-93.0908422518684,44.9418880030005],[-93.0909158357238,44.9418595210222],[-93.0911076396045,44.9417852797617],[-93.0912417288793,44.9417333766495],[-93.0913368337899,44.941723920187]]]]},"properties":{"kind":"tif","city":"St. Paul","name":"Riverfront Renaissance - West Side Flats Uncommitted Subdistrict","tifNumber":263,"districtType":"Redevelopment","creator":"HRA","certifiedDate":"2002-01-07","decertificationDate":"12/31/2028","incrementReceived":3899423,"incrementExpended":2319862,"projectArea":"Riverfront"}},{"type":"Feature","geometry":{"type":"MultiPolygon","coordinates":[[[[-93.0881224229236,44.9401020865038],[-93.0881226626955,44.9401020232379],[-93.088293985777,44.9403072622991],[-93.0884219056595,44.9404605013605],[-93.0883276298389,44.9405015507547],[-93.0883762932016,44.9405533067792],[-93.0882525381147,44.9406065019972],[-93.0882518423205,44.9405450359939],[-93.0880598591278,44.9406488712429],[-93.0880588785784,44.9406034337118],[-93.088056189205,44.9405302947132],[-93.0880539336636,44.9404926021427],[-93.0880420252368,44.9403660724601],[-93.0880418647424,44.9403647592222],[-93.088024488935,44.9402593438153],[-93.0879982425259,44.9401548583363],[-93.0881224229236,44.9401020865038]]],[[[-93.0884132411858,44.9407054548577],[-93.0884797307821,44.9406775490793],[-93.088503316482,44.9407058784638],[-93.0887058502415,44.9409491452156],[-93.088898769191,44.9411808611159],[-93.0884554235193,44.9413628289783],[-93.0883944306044,44.9412525273974],[-93.0883615981769,44.941180288567],[-93.0883327724862,44.9411071926715],[-93.0883038939283,44.9410187242826],[-93.0882811266747,44.9409293610849],[-93.0882645278919,44.9408393146853],[-93.0882503637717,44.9408227251467],[-93.0882504724432,44.940811910615],[-93.0882508576687,44.9407736031131],[-93.0884132411858,44.9407054548577]]]]},"properties":{"kind":"tif","city":"St. Paul","name":"Riverfront Renaissance - HRA Subdistrict","tifNumber":265,"districtType":"Redevelopment","creator":"HRA","certifiedDate":"2002-01-07","decertificationDate":"12/31/2028","incrementReceived":3899423,"incrementExpended":2319862,"projectArea":"Riverfront"}},{"type":"Feature","geometry":{"type":"Polygon","coordinates":[[[-93.1759116004474,44.8989891166601],[-93.1758263009552,44.8990385590633],[-93.1758137450327,44.8990458372823],[-93.1755519526227,44.899137945663],[-93.1754605889433,44.8991974078456],[-93.1751885136547,44.8990062636239],[-93.1751302972798,44.8989653643129],[-93.1747788065468,44.8989668138223],[-93.1747789125093,44.8989256727968],[-93.1747808090587,44.8981895001675],[-93.1770818691839,44.8981800638759],[-93.1770818319359,44.8982106097387],[-93.1765513559346,44.8986182858176],[-93.1759116004474,44.8989891166601]]]},"properties":{"kind":"tif","city":"St. Paul","name":"Shepard-Davern - Owner-Occupied Housing #1 Subdistrict","tifNumber":243,"districtType":"Redevelopment","creator":"HRA","certifiedDate":"2006-01-12","decertificationDate":"12/31/2030","incrementReceived":390126,"incrementExpended":346798,"projectArea":"Shepard-Davern"}},{"type":"Feature","geometry":{"type":"Polygon","coordinates":[[[-93.1736136459323,44.8990538816575],[-93.1746513550128,44.899049609845],[-93.1747671206423,44.8990491333666],[-93.1747785946574,44.8990490859746],[-93.1747787005875,44.8990079539477],[-93.1747788065468,44.8989668138223],[-93.1751302972798,44.8989653643129],[-93.1751885136547,44.8990062636239],[-93.1754605889433,44.8991974078456],[-93.1751763790171,44.8993823791973],[-93.1748512833215,44.8995765332356],[-93.1747649835304,44.8996230756188],[-93.1746489841495,44.8996856360145],[-93.1745348124288,44.899747211646],[-93.1744660196844,44.8997791810173],[-93.1733918617874,44.8997832967601],[-93.1733903877693,44.899600750929],[-93.1733920423782,44.8995737597558],[-93.1733974252549,44.8995470152341],[-93.1734064841633,44.8995207768718],[-93.1734191311979,44.8994952992649],[-93.1734352436376,44.8994708296275],[-93.1734546651361,44.8994476053927],[-93.1734772072398,44.899425851909],[-93.1735026512158,44.8994057802538],[-93.1735280951503,44.8993857085818],[-93.1735506371834,44.8993639550774],[-93.173570058587,44.8993407308207],[-93.1735861709139,44.8993162611629],[-93.1735988178264,44.8992907835391],[-93.1736078766134,44.8992645451647],[-93.1736132593802,44.8992378006367],[-93.1736149139019,44.8992108094627],[-93.1736136459323,44.8990538816575]]]},"properties":{"kind":"tif","city":"St. Paul","name":"Shepard-Davern - Senior Rental Housing #1 Subdistrict","tifNumber":245,"districtType":"Housing","creator":"HRA","certifiedDate":"2006-01-12","decertificationDate":"12/31/2030","incrementReceived":145844,"incrementExpended":129628,"projectArea":"Shepard-Davern"}},{"type":"Feature","geometry":{"type":"MultiPolygon","coordinates":[[[[-93.1745474954264,44.8988854963459],[-93.1722781216281,44.8988948241253],[-93.1722793502351,44.8981997059836],[-93.1745492901393,44.8981904467522],[-93.1745474954264,44.8988854963459]]],[[[-93.1736136459323,44.8990538816575],[-93.1736149139019,44.8992108094627],[-93.1736104740616,44.8992538933063],[-93.1735965719684,44.8992959483505],[-93.1735735507043,44.8993359287414],[-93.1735419835659,44.8993728448354],[-93.1735026512158,44.8994057802538],[-93.1734633188206,44.8994387156585],[-93.1734317515552,44.8994756317214],[-93.1734087301048,44.899515612078],[-93.173394827801,44.899557667096],[-93.1733903877693,44.899600750929],[-93.1733918617874,44.8997832967601],[-93.1722765433984,44.8997875592292],[-93.1722778299734,44.8990593659797],[-93.1736136459323,44.8990538816575]]]]},"properties":{"kind":"tif","city":"St. Paul","name":"Shepard-Davern - Rental Housing #2 Subdistrict","tifNumber":244,"districtType":"Housing","creator":"HRA","certifiedDate":"2006-01-12","decertificationDate":"12/31/2031","incrementReceived":731981,"incrementExpended":2349061,"projectArea":"Shepard-Davern"}},{"type":"Feature","geometry":{"type":"Polygon","coordinates":[[[-93.0873651335189,44.9421020963344],[-93.0868186197051,44.9414466621437],[-93.0866502057895,44.9412446803766],[-93.0863321741513,44.9408632539544],[-93.0871603629321,44.9405109263056],[-93.0879982425259,44.9401548583363],[-93.088024488495,44.94025934386],[-93.0880418647424,44.9403647592222],[-93.0880420252368,44.9403660724601],[-93.0880539336636,44.9404926021427],[-93.088056189205,44.9405302947132],[-93.0880588785784,44.9406034337118],[-93.0880631916928,44.9408033187111],[-93.0880965651682,44.9423502695808],[-93.0878604427019,44.9425884469665],[-93.0878116866024,44.9426376329276],[-93.0875492270098,44.9423228741923],[-93.0875628942349,44.9423090945584],[-93.0875740779311,44.9422942282014],[-93.0875826091407,44.9422784997177],[-93.0875883589789,44.9422621467281],[-93.0875912872248,44.942244847935],[-93.0875911033318,44.9422274250708],[-93.0875878102715,44.9422101593983],[-93.0875814612074,44.9421933296427],[-93.087572158637,44.9421772074918],[-93.0875600527368,44.9421620532101],[-93.0875453389378,44.9421481114373],[-93.0875282547703,44.942135607239],[-93.0874957111662,44.9421186770299],[-93.0874589246464,44.9421069187714],[-93.0874167442997,44.9421006456642],[-93.087390870303,44.9421001398476],[-93.0873651335189,44.9421020963344]]]},"properties":{"kind":"tif","city":"St. Paul","name":"West Side Flats Phase III","tifNumber":340,"districtType":"Housing","creator":"HRA","certifiedDate":"2006-01-12","decertificationDate":"12/31/2047","incrementReceived":710563,"incrementExpended":733399,"projectArea":"Riverfront"}},{"type":"Feature","geometry":{"type":"MultiPolygon","coordinates":[[[[-93.1957299003001,44.9161087994937],[-93.197089945088,44.9160103935099],[-93.1970890304826,44.9166801957745],[-93.1970866245803,44.9167016460004],[-93.1970795271241,44.9167225657734],[-93.1970679094798,44.9167424379823],[-93.1970520606953,44.9167607745014],[-93.1970323697455,44.9167771242602],[-93.1970093204352,44.916791083133],[-93.1969834824877,44.9168023083219],[-93.1969554912651,44.916810523722],[-93.1969260350834,44.9168155262004],[-93.1968958412558,44.9168171936713],[-93.1956413463476,44.9168163188167],[-93.1956611878284,44.9165799013505],[-93.1956907140904,44.9163439947063],[-93.1957299003001,44.9161087994937]]],[[[-93.1961375732252,44.9169647896922],[-93.1970886381904,44.9169654491066],[-93.197088352645,44.9171738696814],[-93.1961680882576,44.9171732311385],[-93.1959231314589,44.9171730618405],[-93.1959229137738,44.9173293907617],[-93.1956295529452,44.9173291853575],[-93.1956297679266,44.9171739299037],[-93.1956338601921,44.9169644367188],[-93.1961375732252,44.9169647896922]]]]},"properties":{"kind":"tif","city":"St. Paul","name":"Ford Site Housing #1","tifNumber":345,"districtType":"Housing","creator":"HRA","certifiedDate":"2021-08-17","decertificationDate":"12/31/2049","incrementReceived":985581,"incrementExpended":447087,"projectArea":"Ford Site Redevelopment"}},{"type":"Feature","geometry":{"type":"MultiPolygon","coordinates":[[[[-93.191372860443,44.9161138775754],[-93.1922838227373,44.9161145473607],[-93.1922834334599,44.9163833243316],[-93.1913724669122,44.9163826545431],[-93.191372860443,44.9161138775754]]],[[[-93.1946874329292,44.9161162818789],[-93.1954481252508,44.9161168198369],[-93.1954109729412,44.9163465933551],[-93.1953828159603,44.9165770115483],[-93.1953636765257,44.9168078962973],[-93.1944298903611,44.9168072349215],[-93.1944301130031,44.9166498586143],[-93.1946874329292,44.9161162818789]]]]},"properties":{"kind":"tif","city":"St. Paul","name":"Ford Site Housing #2","tifNumber":346,"districtType":"Housing","creator":"HRA","certifiedDate":"2021-08-17","decertificationDate":"12/31/2049","incrementReceived":698074,"incrementExpended":202734,"projectArea":"Ford Site Redevelopment"}},{"type":"Feature","geometry":{"type":"MultiPolygon","coordinates":[[[[-93.0425907191588,44.9740327901794],[-93.0430392461223,44.9740341274196],[-93.0430384671167,44.974165771341],[-93.0425033309076,44.974164174607],[-93.0425037104349,44.9741001391835],[-93.0425041111329,44.9740325315891],[-93.0425907191588,44.9740327901794]]],[[[-93.042546244892,44.974273988304],[-93.0433383246737,44.9742763505096],[-93.0433379355147,44.9743421720192],[-93.0434152115538,44.9743424030836],[-93.0434142550902,44.9745042133923],[-93.0425448959113,44.9745016210121],[-93.042546244892,44.974273988304]]],[[[-93.0436772502675,44.9742803145678],[-93.043677921224,44.9741667168532],[-93.043142786256,44.974165123121],[-93.0431435650175,44.9740334800988],[-93.0436786987658,44.9740350729275],[-93.0436784368185,44.9740794227276],[-93.0440182725348,44.9740638680757],[-93.0440558943974,44.9740621461079],[-93.0440716346291,44.9742354030074],[-93.0441181095823,44.9747469472115],[-93.0438504921466,44.9749630913511],[-93.0436182308025,44.9748181459877],[-93.0436234064278,44.9747559703495],[-93.0437138292859,44.974682940281],[-93.0436772502675,44.9742803145678]]],[[[-93.0426482671454,44.9747657133706],[-93.0433572507237,44.9747281917781],[-93.0433742015253,44.9748895560214],[-93.0432971375863,44.9748936356375],[-93.0433040348505,44.974959275491],[-93.0426721112478,44.9749927176057],[-93.0426482671454,44.9747657133706]]],[[[-93.0426754496972,44.9752417013935],[-93.0426762295431,44.9751100583978],[-93.0431955387729,44.9751114046745],[-93.0436278973049,44.9749227988854],[-93.0436747620763,44.9749520453042],[-93.0437411813011,44.9750278204016],[-93.0432818757979,44.9752306541653],[-93.0432096898625,44.9751482939288],[-93.0432092053177,44.9752430763228],[-93.0426754496972,44.9752417013935]]],[[[-93.0367354851607,44.9758094237526],[-93.0367358291032,44.9757189177182],[-93.0355733040558,44.9757164767591],[-93.0355777695017,44.9746653105646],[-93.0355781368041,44.974574805482],[-93.0355804598285,44.9740038821969],[-93.0367423370953,44.9740062582356],[-93.0368816114258,44.9740065416034],[-93.037040113493,44.9740068642439],[-93.0371946642892,44.9740071791807],[-93.0373455312977,44.9740074854409],[-93.0375078071623,44.9740078161721],[-93.0376547178304,44.9740081145352],[-93.0378093586468,44.9740084271126],[-93.0379639981864,44.9740087412762],[-93.0381186377277,44.9740090552304],[-93.0382672597269,44.9740093570812],[-93.0382660104166,44.9743424123964],[-93.038265805509,44.9743972640148],[-93.0382645561062,44.9747303319056],[-93.0382642132416,44.9748221165812],[-93.0382638781201,44.9749113431274],[-93.0382626300708,44.9752443929979],[-93.0382624238836,44.9752992455041],[-93.0382611769878,44.9756323115532],[-93.0382604977128,44.975813322744],[-93.038105932396,44.9758129291386],[-93.037951367092,44.9758125335242],[-93.0377968030471,44.975812139504],[-93.0376422390097,44.9758117443746],[-93.0375629350282,44.975811541956],[-93.0374876737067,44.9758113490322],[-93.0373331096736,44.9758109534842],[-93.0371785443694,44.975810558623],[-93.0370993773065,44.9758103553977],[-93.0370239790782,44.9758101617528],[-93.0368694150461,44.9758097664767],[-93.0367354851607,44.9758094237526]]],[[[-93.0427020412366,44.9763801738109],[-93.0423156461441,44.9763790083494],[-93.0422112348437,44.9763786990554],[-93.0416676733706,44.9763770507905],[-93.0416723429513,44.9755988084986],[-93.0416980635307,44.9755985651549],[-93.0417360541651,44.9755985402887],[-93.042176620268,44.9755982518014],[-93.04232030848,44.9755981574963],[-93.0429863349353,44.975597717737],[-93.0429995662366,44.975597667209],[-93.0429991049734,44.9760382417454],[-93.0429990696267,44.9760729165863],[-93.0427165772281,44.9763651373316],[-93.0427020412366,44.9763801738109]]],[[[-93.0367307940494,44.9770439147688],[-93.0367310758694,44.9767109079437],[-93.0367422066837,44.976711089311],[-93.0367538882053,44.9767307468674],[-93.0367697294773,44.9767488774831],[-93.0367893477609,44.9767650417885],[-93.0368122636828,44.9767788478104],[-93.0368379240098,44.9767899582393],[-93.0368657040928,44.9767981057343],[-93.0368967941143,44.9768033253996],[-93.036928672238,44.9768048285469],[-93.0369604614333,44.9768025747223],[-93.0369912903958,44.9767966251682],[-93.0370203112901,44.9767871437775],[-93.0370447646907,44.9767755339766],[-93.0370664454345,44.9767614187956],[-93.0370848495215,44.9767451269362],[-93.037099548707,44.9767270386192],[-93.0371007078544,44.9767252803136],[-93.0371082186964,44.9767120885342],[-93.037175158603,44.9767122762645],[-93.0373297248195,44.9767127116171],[-93.037484289776,44.9767131458567],[-93.0375250046697,44.9767132593165],[-93.037638854735,44.976713579887],[-93.0377934196962,44.976714013708],[-93.0379479859274,44.9767144473235],[-93.0381025508933,44.9767148807259],[-93.0382571158561,44.9767153148188],[-93.0382558663905,44.9770483762829],[-93.0381013019028,44.9770479250962],[-93.0379467374175,44.9770474737001],[-93.0377921716724,44.9770470211912],[-93.0376376071866,44.9770465702763],[-93.0375195730866,44.9770462253331],[-93.0374830414408,44.9770461182485],[-93.0373284769653,44.9770456660153],[-93.0371739099568,44.9770452135651],[-93.0370985102771,44.977044992076],[-93.0370193454861,44.9770447609133],[-93.0368647810178,44.9770443080521],[-93.0367307940494,44.9770439147688]]],[[[-93.0415616114253,44.977418923366],[-93.0413393004017,44.9774182503043],[-93.0413336349587,44.9774182342293],[-93.0411056585029,44.9774175437376],[-93.0406448743244,44.9774161477833],[-93.0406024587731,44.9773858508218],[-93.0406049142721,44.9765548454508],[-93.0411099076406,44.97655872174],[-93.0413378911494,44.9765572275244],[-93.0413544710816,44.9765571179345],[-93.0415641512289,44.9765577504581],[-93.0415629030789,44.9769718808813],[-93.041562630112,44.977062387101],[-93.041563372991,44.9770623893253],[-93.0415616114253,44.977418923366]]],[[[-93.0396600046559,44.9774405831231],[-93.0393109332344,44.9774390636803],[-93.0392875624674,44.9774390526273],[-93.0391329452291,44.9774389788009],[-93.0389783912181,44.9774385081411],[-93.0388238384772,44.9774380372759],[-93.0386692844766,44.9774375652977],[-93.0384862536943,44.9774370070811],[-93.0384875008145,44.9771039042418],[-93.038487706788,44.9770490526514],[-93.0384889550727,44.9767159641911],[-93.0384893111205,44.9765348278783],[-93.0384929833996,44.9756326297026],[-93.0396057863378,44.9756354598831],[-93.0405644225737,44.975637890133],[-93.0404908928963,44.9757036575245],[-93.0404248965238,44.9757733355657],[-93.0403668467974,44.9758464900048],[-93.0403171026833,44.9759226648309],[-93.0402759763515,44.9760013867947],[-93.0402437217657,44.9760821653742],[-93.0402205397261,44.9761644972886],[-93.0402065765797,44.9762478700935],[-93.0402019178639,44.9763317648606],[-93.0402022877132,44.9763726099966],[-93.0402012881662,44.9765399071424],[-93.0402007938261,44.9766263626767],[-93.0402002973358,44.9767127534172],[-93.04019808173,44.9770798021571],[-93.0401958937803,44.9774422115556],[-93.0398928771246,44.9774412903336],[-93.0396600046559,44.9774405831231]]],[[[-93.0422524184387,44.9771580878563],[-93.0429992715334,44.9763909430166],[-93.0429972526777,44.9774506831431],[-93.0422699022067,44.9774484896371],[-93.0422524184387,44.9771580878563]]],[[[-93.0441780363739,44.9771137424753],[-93.0441792622745,44.9770574272371],[-93.0440177581762,44.9770582672618],[-93.0438679087141,44.9770590454404],[-93.0437679245546,44.9770595641653],[-93.0437630182664,44.9770595909606],[-93.0437630945953,44.9770636250197],[-93.0435544634777,44.9770647218933],[-93.0435543872432,44.9770606743372],[-93.0435528380252,44.9770606823228],[-93.0434118236617,44.9770618425259],[-93.0432530170263,44.9770633670559],[-93.0432533387826,44.9768936375278],[-93.0432536510759,44.9767293661928],[-93.0432539951838,44.9765483540484],[-93.0432546292221,44.9762143531567],[-93.0432547343007,44.9761595012627],[-93.0432547923004,44.9761284725063],[-93.0432553683356,44.9758254994497],[-93.0432555310216,44.9757403278402],[-93.0432996563106,44.9757404934939],[-93.043387016628,44.9756435242098],[-93.043539343695,44.9756452546116],[-93.0436958490105,44.9754813032529],[-93.0437960661454,44.9754408626715],[-93.0438916178304,44.975395083972],[-93.0439477879694,44.9753644110302],[-93.0440018569625,44.9753318917098],[-93.04464732924,44.9749247171473],[-93.0447902911117,44.9748345325378],[-93.0449147064348,44.9748348034147],[-93.0450266402296,44.9749255604108],[-93.045084810737,44.9749727306136],[-93.0451115934931,44.9749944458311],[-93.0453667576564,44.9752012879657],[-93.0453666162744,44.9753252125095],[-93.0453627458595,44.9757404509729],[-93.0453660275416,44.9758360741296],[-93.0453656492645,44.976165313999],[-93.0453655854979,44.9762201660113],[-93.0453652009152,44.9765545761287],[-93.045364992764,44.9767355877623],[-93.0453646081744,44.977069997851],[-93.0453645775578,44.9770974238568],[-93.0447993753146,44.9770899757853],[-93.044800780687,44.9771178469557],[-93.0448014071789,44.9774561040022],[-93.0446466667262,44.9774556395648],[-93.0445190821082,44.9774552564274],[-93.0444880622697,44.9774551625474],[-93.0443410561731,44.977454722455],[-93.0441825417192,44.97745424708],[-93.0441824621042,44.9774481857481],[-93.0441780363739,44.9771137424753]]],[[[-93.0348069231014,44.9776085916957],[-93.0353265673409,44.9776090092358],[-93.0353267139468,44.9779930525724],[-93.0347544680674,44.9779916358],[-93.0344272717584,44.9779908250917],[-93.0339281616061,44.9779895854153],[-93.0339293095634,44.9776078819093],[-93.0344258454232,44.9776082841002],[-93.0347568828486,44.9776085522684],[-93.0348069231014,44.9776085916957]]]]},"properties":{"kind":"tif","city":"St. Paul","name":"Phalen Village - Uncommitted Subdistrict","tifNumber":234,"districtType":"Redevelopment","creator":"HRA","certifiedDate":"2003-07-30","decertificationDate":"12/31/2028","incrementReceived":1089598,"incrementExpended":1445760,"projectArea":"Phalen Village"}},{"type":"Feature","geometry":{"type":"Polygon","coordinates":[[[-93.1872263752149,44.9112371942035],[-93.187540730423,44.9112362479913],[-93.1883051851424,44.9112345141654],[-93.1883059880607,44.9114127832652],[-93.1885874793793,44.9114121432672],[-93.1889113589286,44.9115470125136],[-93.1889100655127,44.9124204363146],[-93.1899733659593,44.9124212439613],[-93.1902435386035,44.9124214462876],[-93.1902440229603,44.912096194525],[-93.1916837267257,44.9120972640471],[-93.1920026209814,44.9120975027037],[-93.1924878940715,44.9123891202569],[-93.1924878219375,44.912418137212],[-93.1936206824234,44.9120866788038],[-93.193501115915,44.9118575285021],[-93.1924923827738,44.910607236307],[-93.1922980016075,44.9102823959646],[-93.1925214130409,44.9103138459444],[-93.1926577066328,44.9102415636504],[-93.1927167464866,44.9100206779433],[-93.1927961127221,44.9095305021074],[-93.1930693100947,44.9091994825786],[-93.1932884531965,44.9090513739564],[-93.1935219770859,44.9089619879945],[-93.1937117019184,44.9088932459519],[-93.1939109968234,44.9088694074424],[-93.1943677455557,44.9088667128387],[-93.1945620231242,44.9088912044953],[-93.1947755990774,44.9089571631131],[-93.1951006725501,44.909102720944],[-93.1954348686867,44.9094312954211],[-93.1957775821334,44.9101293405315],[-93.195941675263,44.9104714455862],[-93.1996388851209,44.9095361071338],[-93.1998671047089,44.9097319197088],[-93.2000820219872,44.9101061598998],[-93.2001179879613,44.9102917765601],[-93.2000854381999,44.9105915409919],[-93.1999926243327,44.9107511863571],[-93.1999550566042,44.911092718146],[-93.1995231432232,44.9115734651014],[-93.1989189218986,44.9121308475809],[-93.1987959283373,44.9123372899315],[-93.1987345321058,44.9125314721031],[-93.1989577249806,44.9136349038313],[-93.1980342051153,44.9140278751775],[-93.1984407492732,44.9145395604779],[-93.1986823661636,44.9149612033011],[-93.1986045273178,44.914988699572],[-93.1986527112016,44.9151165343912],[-93.1987345800424,44.9153480089036],[-93.1988258258154,44.9156865389609],[-93.1989424753501,44.9156798216243],[-93.1989759383522,44.9158525194802],[-93.1990040007083,44.9161943997587],[-93.1990132226536,44.9163497937559],[-93.1989981133326,44.9165155070216],[-93.1989781103466,44.9166915709747],[-93.1989269629737,44.9171624430698],[-93.1986802540723,44.9173259413735],[-93.1981867361047,44.9177024581134],[-93.1977771414528,44.9180098743879],[-93.1975871057964,44.9180097611392],[-93.1975871005749,44.9180129491547],[-93.1975484552905,44.9180267774502],[-93.1971914000858,44.9180280568376],[-93.1956913541862,44.9180334175543],[-93.1947257651364,44.9180368589146],[-93.1925959922303,44.9180444180588],[-93.1923643866948,44.9180452379479],[-93.1912317941334,44.9180492400193],[-93.1912313734119,44.9177753337316],[-93.1912292731468,44.916408992857],[-93.189967435104,44.9164082708422],[-93.1899682742959,44.9158455304007],[-93.1899705163038,44.9143399814386],[-93.1899706405616,44.9142569930814],[-93.1899714607381,44.9135950861692],[-93.1872257914197,44.9135936153315],[-93.1872259366843,44.9134993019877],[-93.1872261895353,44.9133347460516],[-93.1872279845718,44.9123695263658],[-93.1872263752149,44.9112371942035]],[[-93.1956297679266,44.9171739299037],[-93.1956295529452,44.9173291853575],[-93.1959229137738,44.9173293907617],[-93.1959231314589,44.9171730618405],[-93.1961680882576,44.9171732311385],[-93.197088352645,44.9171738696814],[-93.1970886381904,44.9169654491066],[-93.1961375732252,44.9169647896922],[-93.1956338601921,44.9169644367188],[-93.1956297679266,44.9171739299037]],[[-93.1957299003001,44.9161087994937],[-93.1956996067143,44.9162851214482],[-93.1956747423455,44.9164618716078],[-93.1956553191152,44.9166389655824],[-93.1956413463476,44.9168163188167],[-93.1968958412558,44.9168171936713],[-93.1969334975945,44.9168145851361],[-93.1969697141111,44.9168068068483],[-93.1970030989807,44.916794157733],[-93.1970323692026,44.916777123904],[-93.1970563999076,44.9167563599823],[-93.1970742675875,44.9167326639379],[-93.1970852855851,44.9167069464229],[-93.1970890304826,44.9166801957745],[-93.197089945088,44.9160103935099],[-93.1957299003001,44.9161087994937]],[[-93.1954481252508,44.9161168198369],[-93.1946874329292,44.9161162818789],[-93.1944301130031,44.9166498586143],[-93.1944298903611,44.9168072349215],[-93.1953636765257,44.9168078962973],[-93.1953771849118,44.9166346958683],[-93.1953957682683,44.9164617329615],[-93.1954194184845,44.9162890826416],[-93.1954481252508,44.9161168198369]],[[-93.1922834334599,44.9163833243316],[-93.1922838227373,44.9161145473607],[-93.191372860443,44.9161138775754],[-93.1913724669122,44.9163826545431],[-93.1922834334599,44.9163833243316]]]},"properties":{"kind":"tif","city":"St. Paul","name":"Ford Site Redevelopment","tifNumber":322,"districtType":"Redevelopment","creator":"HRA","certifiedDate":"2016-05-28","decertificationDate":"12/31/2047","incrementReceived":4867764,"incrementExpended":5350587,"projectArea":"Ford Site Redevelopment"}},{"type":"Feature","geometry":{"type":"Polygon","coordinates":[[[-93.0874993053515,44.9483807265765],[-93.0876092486225,44.9483292825145],[-93.087619311197,44.9483400226192],[-93.0876415475421,44.9483624503975],[-93.0877081004427,44.9484307950753],[-93.0877733909815,44.9484994810696],[-93.0878254321326,44.9485512837907],[-93.0879651752939,44.9486947872239],[-93.0876089090712,44.9488614923466],[-93.0874702676257,44.9487174730469],[-93.0874192578278,44.9486644850923],[-93.0873538610159,44.9485965517607],[-93.0872878316523,44.9485279616884],[-93.0872734234181,44.9485119589942],[-93.0873170069532,44.9484902310319],[-93.087299407975,44.9484742641525],[-93.0873993186417,44.9484275128559],[-93.0874993053515,44.9483807265765]]]},"properties":{"kind":"tif","city":"St. Paul","name":"Straus Building","tifNumber":232,"districtType":"Housing","creator":"HRA","certifiedDate":"2003-03-25","decertificationDate":"12/31/2028","incrementReceived":77390,"incrementExpended":51799,"projectArea":"North Quadrant"}},{"type":"Feature","geometry":{"type":"MultiPolygon","coordinates":[[[[-93.0937046410474,44.94838185048],[-93.0936600119057,44.9483359261254],[-93.0936568085785,44.9483374566643],[-93.093635974108,44.9483159838218],[-93.093386163346,44.9480585204769],[-93.0933163818293,44.9479922080826],[-93.0930147444606,44.9476841427817],[-93.0931577293183,44.9476093680423],[-93.0933134765439,44.9475279174954],[-93.0934710565498,44.9474455085976],[-93.0935798391775,44.9473886183003],[-93.0939641661189,44.9472022590315],[-93.0939663670906,44.9472045132358],[-93.0939711518236,44.9472021930681],[-93.0943474780056,44.9475875514659],[-93.0943458877078,44.9475883302709],[-93.0945967464757,44.9478452057053],[-93.0946254669358,44.9478746157449],[-93.0946625165992,44.9479127444013],[-93.0947134263987,44.9479651376811],[-93.0947570740704,44.9480100567557],[-93.0949849055837,44.9482457320632],[-93.0952438359966,44.948513575302],[-93.0952750717322,44.9485458862082],[-93.0952718620559,44.9485474257743],[-93.0953243233921,44.9486016933924],[-93.0948781188236,44.9488158191337],[-93.0943292223763,44.9490792183867],[-93.0942743267517,44.9490228134002],[-93.0943079266902,44.9490066902791],[-93.0942824511205,44.9489805150997],[-93.0939712651025,44.9486607693922],[-93.0937949872263,44.9484796406316],[-93.0937884221121,44.9484728952027],[-93.0937916254478,44.9484713637603],[-93.0937556020912,44.948434293804],[-93.0937046410474,44.94838185048]]],[[[-93.0952973687825,44.9446498423137],[-93.096364967263,44.9445227930475],[-93.096496349487,44.9450658080635],[-93.0957890075804,44.9450819236549],[-93.0956799989755,44.9450428985736],[-93.0952973687825,44.9446498423137]]],[[[-93.095958320499,44.9452427079158],[-93.0965357499382,44.9452295517444],[-93.0965964548897,44.945483726645],[-93.0966326192032,44.945635150064],[-93.0966519934735,44.9457162697157],[-93.0967095704959,44.945957343558],[-93.096548816839,44.9459418002783],[-93.0963747751745,44.9457609959805],[-93.0963041615037,44.9456876377961],[-93.0961280629791,44.945504695389],[-93.0959247238698,44.9452934507767],[-93.095958320499,44.9452427079158]]],[[[-93.0917063554632,44.9463362306059],[-93.0918659884686,44.9462590624481],[-93.09195664373,44.9462152384886],[-93.0919995515444,44.9462276727526],[-93.0920213708962,44.9462503019743],[-93.0920692584851,44.9462271524922],[-93.0921019869242,44.9462610967515],[-93.0922616776196,44.9461838993943],[-93.0924213678865,44.9461067018127],[-93.0923885885426,44.9460727818096],[-93.0923558092375,44.9460388617968],[-93.0921961698752,44.9461160351223],[-93.0920365288175,44.9461932082202],[-93.0919819824123,44.9461366347197],[-93.0918223829273,44.9462137869291],[-93.0916627842767,44.9462909398174],[-93.0914232278231,44.9460419213745],[-93.0915823570721,44.9459645633623],[-93.0917369602689,44.9458894043899],[-93.0917414858931,44.9458872051271],[-93.0919006142908,44.9458098457693],[-93.092059740989,44.9457324870851],[-93.0922188697934,44.9456551281845],[-93.0923779969073,44.9455777681579],[-93.0927079168912,44.9459184093295],[-93.0927642587341,44.9459765815178],[-93.0930378407773,44.9462590504287],[-93.0928776399627,44.9463360631097],[-93.0927174387192,44.9464130755647],[-93.092557237047,44.9464900877939],[-93.0923970349458,44.9465670997972],[-93.0922368324158,44.9466441115746],[-93.0920766281897,44.9467211231229],[-93.0918679219681,44.9465041770981],[-93.0917499267139,44.9463815222773],[-93.0917063554632,44.9463362306059]]],[[[-93.0944358961419,44.9457916916912],[-93.09444474212,44.9457875029874],[-93.0947636550298,44.9461258085842],[-93.0948913501416,44.9462619063493],[-93.0949131278572,44.9462847292683],[-93.0950779576428,44.9464602054417],[-93.0949209008163,44.9465403512639],[-93.0947585389652,44.9466158314404],[-93.0946693945765,44.9466568198471],[-93.0945973060504,44.9466899672297],[-93.0944371134055,44.9467665412075],[-93.0942769215967,44.9468431158625],[-93.0940366318215,44.9469579765186],[-93.0939365332762,44.9468537317588],[-93.0938277329015,44.9467404226494],[-93.0937189342225,44.9466271134374],[-93.0936871960417,44.9465940611721],[-93.0936101334333,44.946513805013],[-93.0935013343443,44.9464004955862],[-93.0933968879803,44.9462917177541],[-93.0936366645073,44.9461763262468],[-93.0937047306307,44.9461435696718],[-93.0937965149924,44.9460993979943],[-93.0939563663171,44.94602246952],[-93.0941162159474,44.9459455408176],[-93.0942345069955,44.9458886110102],[-93.0942760651502,44.9458686118903],[-93.0944358961419,44.9457916916912]]],[[[-93.0962111998553,44.9461266706621],[-93.0963086331939,44.9460797244782],[-93.0964143612594,44.9460933426973],[-93.0967011898449,44.9463874985047],[-93.0970308524628,44.9467255772507],[-93.0968698404663,44.9468029516099],[-93.0967088293083,44.9468803248443],[-93.0965834328541,44.9469405830365],[-93.0965478164456,44.9469576987471],[-93.0965123422757,44.9469747446191],[-93.0963868031544,44.947035071522],[-93.0962257894301,44.9471124440686],[-93.0960647752683,44.9471898172869],[-93.0958488580177,44.9469667687414],[-93.0957371523922,44.9468513719869],[-93.095409532099,44.9465129266247],[-93.0955698667648,44.9464356758854],[-93.095730199733,44.9463584249166],[-93.0958905335376,44.9462811737247],[-93.0960508669117,44.9462039223065],[-93.0962111998553,44.9461266706621]]],[[[-93.0930891551825,44.9464330960247],[-93.0931687101164,44.9463948513711],[-93.0933874027163,44.9466226117953],[-93.0934412023357,44.9466786410323],[-93.0934638513226,44.9467022285794],[-93.0934950007974,44.9467346693405],[-93.0935487993593,44.9467906985227],[-93.093602599293,44.9468467276821],[-93.0938212953329,44.9470744863586],[-93.0937418614488,44.9471127479684],[-93.0936618190535,44.947151303115],[-93.0935817765554,44.9471898573054],[-93.0935017352126,44.9472284123425],[-93.0933416496801,44.9473055204413],[-93.093181563714,44.9473826292145],[-93.0930214773187,44.947459737762],[-93.0928613917614,44.9475368460872],[-93.0925343658945,44.9471969227981],[-93.0925028748127,44.9471641893675],[-93.0924798628045,44.9471402686759],[-93.0924253585548,44.9470836145239],[-93.0924035578977,44.9470609530382],[-93.0922343058924,44.9468850235102],[-93.0922073451589,44.9468569985567],[-93.0922875109367,44.9468184618385],[-93.0923676753399,44.9467799250604],[-93.0924478396313,44.9467413891256],[-93.0925280050868,44.9467028522377],[-93.0926081691635,44.9466643161898],[-93.0926883344042,44.9466257791888],[-93.092848663292,44.9465487059135],[-93.092928826939,44.9465101696393],[-93.0930089917502,44.946471632412],[-93.0930891551825,44.9464330960247]]],[[[-93.0966785203837,44.9470935797896],[-93.0971613804648,44.9468615436835],[-93.0972693939054,44.9469752138431],[-93.0973774077729,44.9470888838985],[-93.0974854220672,44.9472025538496],[-93.0975391703438,44.947259116395],[-93.0975934367838,44.9473162245962],[-93.0976471852773,44.9473727861898],[-93.0977014519317,44.9474298943386],[-93.0978094675064,44.9475435639769],[-93.0974247514437,44.9477284397072],[-93.0973282580117,44.947774807917],[-93.096848116636,44.9480055351212],[-93.0967393730369,44.9478922154745],[-93.0966306285992,44.9477788957189],[-93.0965218845898,44.9476655758577],[-93.0964131410132,44.947552254991],[-93.0963043978605,44.9474389349184],[-93.0961956564033,44.9473256147433],[-93.0966785203837,44.9470935797896]]],[[[-93.1054074722795,44.9481861700114],[-93.1055801481855,44.9480790562853],[-93.1056954041127,44.9481733163753],[-93.1055245907841,44.9482801648676],[-93.1054257589699,44.9483419866164],[-93.1054052521076,44.9483546095564],[-93.1052863627553,44.9482612959165],[-93.1054074722795,44.9481861700114]]],[[[-93.0931031414459,44.9481033239391],[-93.093120943378,44.9480946752757],[-93.0931318773327,44.9481059371981],[-93.0931140766613,44.9481145867662],[-93.0928769985662,44.9482297707786],[-93.092719426496,44.9483080073614],[-93.0925618360973,44.94838652622],[-93.0925509790217,44.9483751069729],[-93.0927085630549,44.9482965908125],[-93.0928661218018,44.9482184801837],[-93.0931031414459,44.9481033239391]]],[[[-93.0948253827569,44.9477687848203],[-93.0958568846758,44.9472655325928],[-93.095873879614,44.9472830964875],[-93.0960051098243,44.947418720478],[-93.0961117697926,44.9475304132385],[-93.0962043805118,44.9476269231628],[-93.0963053602087,44.9477321534134],[-93.0964047356179,44.9478357103926],[-93.0965139687332,44.9479475217134],[-93.0965479308398,44.9479822830068],[-93.0967124446276,44.9481506762608],[-93.0966945118154,44.9481561983204],[-93.0966764885277,44.9481615680822],[-93.096658376032,44.9481667855494],[-93.0966401768712,44.9481718489288],[-93.0966218948423,44.9481767591295],[-93.0966135465881,44.9481789210841],[-93.0966127230748,44.948179155664],[-93.0966118782096,44.9481793523983],[-93.0966035312261,44.9481815134555],[-93.0965850898193,44.948186112816],[-93.0965665718937,44.9481905563142],[-93.0965479812595,44.9481948421603],[-93.0965293204467,44.9481989712602],[-93.0965105907313,44.9482029418176],[-93.0964917278918,44.948206673588],[-93.0964728037571,44.9482102459351],[-93.096453822124,44.9482136597683],[-93.0964347842644,44.9482169141908],[-93.0964156939841,44.9482200083124],[-93.096406987455,44.9482213424269],[-93.0964061301376,44.9482214950378],[-93.0964052603512,44.9482216071259],[-93.0963965525501,44.9482229421362],[-93.0963773650357,44.9482257147753],[-93.0963581314409,44.9482283262295],[-93.0963388568342,44.9482307765117],[-93.0963195424916,44.9482330638253],[-93.0963001909388,44.9482351899763],[-93.0962808367012,44.9482370920651],[-93.0961823660016,44.948247935297],[-93.0961799138568,44.9482482521562],[-93.0960823852766,44.948262760793],[-93.0959789829501,44.9482827379843],[-93.095877303847,44.9483067640623],[-93.0957612966668,44.9483406068359],[-93.0957594742092,44.9483411880174],[-93.0956476205,44.9483795797783],[-93.0956458610612,44.9483802277026],[-93.0955364409308,44.9484237588979],[-93.0954620476313,44.948459839782],[-93.0953776577916,44.9483749665437],[-93.0952694678064,44.9482661549343],[-93.0951612782306,44.9481573432204],[-93.0950530890684,44.9480485305023],[-93.0949424849935,44.9479372398004],[-93.094810657849,44.9478019055234],[-93.0948424889092,44.9477863734437],[-93.0948253827569,44.9477687848203]]],[[[-93.0904352377518,44.9481616374216],[-93.0901616924194,44.9478833825413],[-93.0908129188037,44.9475703506117],[-93.0910636595572,44.9478246466036],[-93.0904899588508,44.9481023185456],[-93.0905118410217,44.948124578389],[-93.0910856707612,44.9478469705545],[-93.0914158573241,44.9481818329409],[-93.0907633121049,44.948495355305],[-93.0904352377518,44.9481616374216]]],[[[-93.0896896362145,44.9481102870773],[-93.0900849253329,44.9479202825525],[-93.090710854885,44.9485569836251],[-93.0905358912484,44.9486410447391],[-93.0903137576693,44.948747768495],[-93.0900951741672,44.9485245087661],[-93.0896896362145,44.9481102870773]]],[[[-93.0978876473241,44.9478702640718],[-93.0980476715176,44.9477933645129],[-93.098371841995,44.9481301712025],[-93.0986960150008,44.9484669769499],[-93.098536128672,44.9485439803348],[-93.0983762406527,44.9486209825917],[-93.098216354735,44.9486979855298],[-93.0981361737348,44.9487362915113],[-93.0980564671223,44.9487749882397],[-93.0978965790816,44.9488519907245],[-93.0977366906173,44.9489289920846],[-93.09746572358,44.948645261676],[-93.0974121822367,44.9485901582192],[-93.0973055683395,44.9484800207888],[-93.0971959079254,44.9483667361838],[-93.097087517388,44.948254762078],[-93.0972475437249,44.9481778627463],[-93.097407570901,44.9481009631924],[-93.0974165621219,44.9480966423515],[-93.0975675951108,44.9480240643066],[-93.0977276214313,44.9479471643019],[-93.0978876473241,44.9478702640718]]],[[[-93.0959031489892,44.9485486886598],[-93.0959266942835,44.9485393044894],[-93.0959403621662,44.9485353158778],[-93.0959540564266,44.9485313732212],[-93.096082586903,44.9484944322509],[-93.0960848790151,44.9484939395282],[-93.0961040322269,44.9484896830679],[-93.096123259345,44.9484855968543],[-93.0961425565682,44.9484816808776],[-93.0961619200954,44.9484779351284],[-93.0961813473836,44.9484743613997],[-93.096200837166,44.9484709596884],[-93.0962203843697,44.9484677308815],[-93.096239986461,44.9484646749726],[-93.0962596409056,44.9484617919552],[-93.0962793451606,44.9484590836226],[-93.0962990941625,44.9484565490622],[-93.0963188866352,44.9484541900703],[-93.0963387202917,44.9484519571518],[-93.0963585923466,44.9484499006888],[-93.0963784990078,44.9484480188722],[-93.0965540345821,44.9484326902119],[-93.0965289119101,44.9484527467717],[-93.0963943204835,44.9485675874003],[-93.0963707471466,44.9485483118027],[-93.0959358787969,44.9489587345641],[-93.0958977029021,44.9489174667623],[-93.0956529504709,44.9486528911007],[-93.0956897709465,44.9486369889487],[-93.0957267173685,44.9486212355707],[-93.0957637884698,44.9486056309634],[-93.0957865117537,44.9485961880619],[-93.0957890208703,44.948595123614],[-93.0957912643875,44.9485942141635],[-93.0958009842507,44.9485901751266],[-93.095838302177,44.948574868054],[-93.095875739697,44.948559713338],[-93.0959031489892,44.9485486886598]]],[[[-93.0889392808665,44.9494057107514],[-93.0887857850281,44.9492476618213],[-93.0887537775764,44.9492630135963],[-93.088257785121,44.9487541678389],[-93.0882897911547,44.9487388161986],[-93.0887541339106,44.9485160996394],[-93.0889234409646,44.9484315335582],[-93.0890986259293,44.9483508650597],[-93.089449778428,44.9481823901908],[-93.0895516536674,44.948286448197],[-93.0895575743462,44.9482924948601],[-93.0897800267705,44.9485225339498],[-93.0900984253079,44.9488497295171],[-93.0897682321486,44.9490085882627],[-93.0897360569222,44.9490236222487],[-93.0897011927869,44.9490399126362],[-93.0893399854239,44.949213515561],[-93.0892045075272,44.9492784969612],[-93.0889479883591,44.9494015338138],[-93.0889392808665,44.9494057107514]]],[[[-93.0912050798776,44.9485314566041],[-93.0915803113599,44.9483511710744],[-93.0917546364167,44.9485348924363],[-93.0919488677565,44.9487395903122],[-93.092218534819,44.9490237876727],[-93.0914323025237,44.9494023913992],[-93.0914163325822,44.9494099638167],[-93.0911325587903,44.9495440592594],[-93.0910253408808,44.949432612381],[-93.0907257198216,44.9491211683713],[-93.0904892601072,44.9488753746553],[-93.0907716018546,44.9487397231617],[-93.0912050798776,44.9485314566041]]],[[[-93.0933247876771,44.9486912708321],[-93.0935808428271,44.9485683039611],[-93.0936834271751,44.9486740714871],[-93.0937860131673,44.9487798389224],[-93.0938373056736,44.9488327221532],[-93.0938885982697,44.9488856062604],[-93.0939911837537,44.9489913726045],[-93.0940937696104,44.9490971397545],[-93.0938380955331,44.9492216861006],[-93.0936782964524,44.9492995278314],[-93.093518500745,44.9493773684473],[-93.0931028025179,44.9495798618349],[-93.0929933968855,44.9494660222602],[-93.0929386935981,44.9494091024312],[-93.0928292873526,44.949295261793],[-93.0927198815401,44.9491814210479],[-93.0925885966553,44.9490448123763],[-93.0930047178271,44.9488449799606],[-93.0931647523346,44.9487681250576],[-93.0932447700593,44.948729697973],[-93.0933247876771,44.9486912708321]]],[[[-93.0952952505754,44.9488176558719],[-93.0954591210512,44.9487413500272],[-93.0957182752337,44.9490008038094],[-93.0956480513183,44.9490520993839],[-93.0954194164084,44.9492191047113],[-93.0952989265493,44.9493071167552],[-93.09510349316,44.9494498690529],[-93.0948818333594,44.9496117773119],[-93.0947922694961,44.9495207448864],[-93.0944758942242,44.9491991788582],[-93.0946397668734,44.9491228741949],[-93.0948036390834,44.9490465701952],[-93.0949675095915,44.9489702659559],[-93.0951313809366,44.9488939605838],[-93.0952952505754,44.9488176558719]]],[[[-93.0986679344963,44.948679331807],[-93.098827767678,44.9486023542004],[-93.099047679393,44.9488257902781],[-93.0990868228157,44.9488655603512],[-93.0991596443204,44.9489395485237],[-93.0991916959759,44.9489721141276],[-93.099491523586,44.9492767418605],[-93.0993316881516,44.9493537203856],[-93.0991718535567,44.949430698689],[-93.0989621703412,44.9495316844814],[-93.0989520688596,44.9495365488595],[-93.0988522122939,44.949584641197],[-93.0988132974297,44.949603382537],[-93.0986923751488,44.9496616188227],[-93.0985325388385,44.9497385971266],[-93.0982005202747,44.9494014690546],[-93.0978685056019,44.9490643399985],[-93.09802834219,44.9489873635198],[-93.0981781734435,44.9489152045774],[-93.0981881783548,44.9489103859164],[-93.0983482668452,44.9488332872454],[-93.0985081008824,44.9487563100885],[-93.0986679344963,44.948679331807]]],[[[-93.093996025378,44.9494307792677],[-93.0942833630144,44.9492908091002],[-93.0943361112088,44.949344424633],[-93.0944460064523,44.9494561226122],[-93.0945559008508,44.9495678213803],[-93.0946657969432,44.9496795200437],[-93.0947173847532,44.9497319537104],[-93.0944665631967,44.9499153791825],[-93.0942692196412,44.9500596953765],[-93.0938712304568,44.9503507388443],[-93.0938444432937,44.9503471688252],[-93.0936685584576,44.950165299485],[-93.0935599361635,44.9500529804351],[-93.0934513130263,44.9499406612765],[-93.0933426915805,44.9498283420157],[-93.0932905535886,44.9497744288414],[-93.0937682847051,44.9495417174079],[-93.093996025378,44.9494307792677]]],[[[-93.0994795675252,44.9494813320641],[-93.0996382002965,44.9494049325182],[-93.0999652392397,44.9497445031922],[-93.1001462030637,44.9499323969123],[-93.0999825930817,44.9500111926849],[-93.0998189826559,44.9500899873222],[-93.0996546795453,44.9501691156309],[-93.0994937025229,44.9502466422218],[-93.0993255156345,44.9503276400932],[-93.0991638454871,44.950405499222],[-93.0989854833756,44.9502163579051],[-93.0986633795293,44.9498744149624],[-93.0988254959627,44.9497963398977],[-93.0988490370123,44.9497850016321],[-93.0989894816239,44.9497173631547],[-93.0991462447712,44.9496418648396],[-93.0991534681064,44.9496383852784],[-93.0993174541343,44.9495594080653],[-93.0994795675252,44.9494813320641]]]]},"properties":{"kind":"tif","city":"St. Paul","name":"Minnesota Events District","tifNumber":282,"districtType":"Redevelopment","creator":"HRA","certifiedDate":"2009-01-02","decertificationDate":"12/31/2033","incrementReceived":4567510,"incrementExpended":3667933,"projectArea":"Downtown and 7th Place"}},{"type":"Feature","geometry":{"type":"Polygon","coordinates":[[[-93.0934802658471,44.9381730268461],[-93.0933848669375,44.938260168522],[-93.0933248109399,44.938309133768],[-93.0931734963548,44.938129005636],[-93.093140580433,44.9380898215611],[-93.0930657320783,44.9380007191002],[-93.0929470236876,44.9378594032443],[-93.0927155436806,44.9375838380849],[-93.0926838889352,44.9375461534706],[-93.0924524114482,44.937270587764],[-93.09233370607,44.9371292712538],[-93.092102587056,44.9368541259369],[-93.0920709318466,44.9368164411449],[-93.0919389819893,44.9366594147961],[-93.0920384854702,44.9366172267086],[-93.0921378235344,44.9365749031406],[-93.0923027111916,44.936504827446],[-93.0923402792782,44.9364892908934],[-93.0923499792167,44.9364853285806],[-93.0923597219574,44.9364814194648],[-93.092369507491,44.9364775653458],[-93.0923793358268,44.936473764424],[-93.0923892044266,44.9364700175926],[-93.0923991132859,44.9364663257515],[-93.0924090624092,44.9364626880008],[-93.0924190517874,44.9364591061402],[-93.0924290788915,44.9364555792633],[-93.0924391449884,44.9364521073734],[-93.0924492488066,44.936448691367],[-93.0924593890794,44.936445331241],[-93.0924695658068,44.9364420269952],[-93.0924804693324,44.9364382935928],[-93.0924914143569,44.9364346205824],[-93.0925023996089,44.9364310088606],[-93.0925134250886,44.9364274584275],[-93.0925244882623,44.9364239692764],[-93.0925355891255,44.9364205423073],[-93.0925467289496,44.9364171766235],[-93.092557903925,44.9364138740149],[-93.0925691165945,44.9364106326885],[-93.0925803631487,44.936407454434],[-93.0925916461257,44.9364043383581],[-93.0926029617205,44.936401285351],[-93.0926143112,44.9363982954159],[-93.0926256932929,44.9363953694492],[-93.0926371067414,44.9363925056482],[-93.0926485527989,44.9363897067155],[-93.0926600276738,44.9363869708419],[-93.0926715338955,44.9363842989335],[-93.0926830689303,44.9363816909838],[-93.0926946315067,44.9363791478895],[-93.0927062228964,44.9363766687539],[-93.092717840561,44.9363742544705],[-93.0927294845052,44.9363719041394],[-93.0927411534531,44.9363696195569],[-93.0927528486761,44.9363673998264],[-93.0927645663738,44.9363652449384],[-93.0927763090754,44.936363155799],[-93.0927880742472,44.9363611324018],[-93.0927998606269,44.9363591738437],[-93.0928116682101,44.9363572810245],[-93.0928217037052,44.9363553458987],[-93.0928317629466,44.936353474719],[-93.0928418459253,44.936351669285],[-93.0928519526414,44.9363499295967],[-93.0928620805657,44.9363482547478],[-93.0928722296938,44.9363466456382],[-93.0928823987588,44.9363451022645],[-93.0928925864941,44.9363436246237],[-93.0929027941663,44.9363422127188],[-93.0929130179752,44.9363408665403],[-93.0929232604499,44.9363395869944],[-93.0929335177898,44.9363383740713],[-93.0929437899997,44.9363372268712],[-93.092954077075,44.9363361462941],[-93.0929643764821,44.9363351323333],[-93.0929746894878,44.9363341849923],[-93.0929850148254,44.9363333042676],[-93.0929953499567,44.9363324910526],[-93.0930056948909,44.9363317435479],[-93.0930160496189,44.9363310635528],[-93.0932500356382,44.9363211454863],[-93.0933186556048,44.9363202582045],[-93.0935906256859,44.936316741881],[-93.0938334516128,44.9363136008472],[-93.0938369806609,44.9363139220384],[-93.0938405175454,44.9363141964591],[-93.0938440610084,44.9363144223067],[-93.09384761105,44.9363145995811],[-93.0938511638606,44.9363147300724],[-93.0938648161076,44.93631481241],[-93.093878468685,44.9363148290608],[-93.0938921215837,44.9363147818242],[-93.0939057735415,44.9363146697972],[-93.0939194245537,44.9363144938797],[-93.0939330733625,44.9363142522689],[-93.0939467199634,44.9363139458645],[-93.0939603618181,44.9363135755598],[-93.0939740014648,44.9363131404617],[-93.0940023423639,44.9363127741476],[-93.0936083473491,44.9366574423996],[-93.0941027287138,44.9369151708349],[-93.0941119406799,44.9369203195112],[-93.0944641729658,44.9371313816135],[-93.094495216507,44.9371461487258],[-93.0944003623664,44.9372303997472],[-93.0943743098423,44.9372500409544],[-93.0943503453167,44.9372709804729],[-93.0943285966478,44.9372931065861],[-93.094309179872,44.9373163012462],[-93.0942021826841,44.9374211611728],[-93.0934802658471,44.9381730268461]]]},"properties":{"kind":"tif","city":"St. Paul","name":"Farwell Yards","tifNumber":352,"districtType":"Redevelopment","creator":"HRA","certifiedDate":"2024-07-09","decertificationDate":"12/31/2050","incrementReceived":0,"incrementExpended":1505,"projectArea":"Riverfront"}},{"type":"Feature","geometry":{"type":"Polygon","coordinates":[[[-93.2076158386702,44.966325779045],[-93.2075426091582,44.9663258867194],[-93.2065945610741,44.9663272685101],[-93.2065980995045,44.9659338975426],[-93.2066054289128,44.9651193664257],[-93.2066091664659,44.9647040414089],[-93.2076302826517,44.9647023896441],[-93.2076265533984,44.9651215604512],[-93.2076193056272,44.9659360917368],[-93.2076163950225,44.9662631590672],[-93.2076158386702,44.966325779045]]]},"properties":{"kind":"tif","city":"St. Paul","name":"Emerald Park - Emerald Gardens Subdistrict","tifNumber":228,"districtType":"Redevelopment","creator":"HRA","certifiedDate":"2003-07-15","decertificationDate":"12/31/2028","incrementReceived":1815991,"incrementExpended":1556124,"projectArea":"Franklin Emerald"}},{"type":"Feature","geometry":{"type":"Polygon","coordinates":[[[-93.0382577951524,44.9765343036551],[-93.0381837293441,44.9765339447439],[-93.0381070888712,44.9765335725987],[-93.0379521356443,44.9765332765964],[-93.0378013549153,44.9765333322419],[-93.0376389808355,44.9765333921684],[-93.0374881975706,44.9765334473926],[-93.0373296875195,44.9765335050897],[-93.0371793395089,44.9765341209051],[-93.0370203211191,44.9765341748315],[-93.0368689859511,44.976531987944],[-93.0367327467913,44.9765300185601],[-93.0367340114479,44.9761971604597],[-93.0367341157351,44.9761697625575],[-93.0367342203639,44.9761423079683],[-93.0367354851607,44.9758094237526],[-93.0368694150461,44.9758097664767],[-93.0370239803405,44.9758101626564],[-93.0370993773065,44.9758103553977],[-93.0371785443694,44.975810558623],[-93.0373331096736,44.9758109534842],[-93.0374876737067,44.9758113490322],[-93.0375629350282,44.975811541956],[-93.0376422390097,44.9758117443746],[-93.0377968030471,44.975812139504],[-93.037951367092,44.9758125335242],[-93.0381059324014,44.9758129282388],[-93.0382604977128,44.975813322744],[-93.038259248281,44.9761463851579],[-93.0382590433605,44.97620123676],[-93.0382580010041,44.9764792972922],[-93.0382577951524,44.9765343036551]]]},"properties":{"kind":"tif","city":"St. Paul","name":"Phalen Village - Rose Hill Subdistrict","tifNumber":269,"districtType":"Redevelopment","creator":"HRA","certifiedDate":"2003-07-30","decertificationDate":"12/31/2028","incrementReceived":1089598,"incrementExpended":1445760,"projectArea":"Phalen Village"}},{"type":"Feature","geometry":{"type":"Polygon","coordinates":[[[-93.096364967263,44.9445227930475],[-93.0952973687825,44.9446498423137],[-93.0950549199581,44.9444007827614],[-93.0955732754665,44.9443390265743],[-93.0962995618293,44.9442524941754],[-93.096364967263,44.9445227930475]]]},"properties":{"kind":"tif","city":"St. Paul","name":"Landmark Towers Redevelopment","tifNumber":358,"districtType":"Redevelopment","creator":"HRA","certifiedDate":"2024-07-09","decertificationDate":"12/31/2051","incrementReceived":0,"incrementExpended":7529,"projectArea":"Downtown and 7th Place"}},{"type":"Feature","geometry":{"type":"Polygon","coordinates":[[[-93.0051730924086,44.991808075851],[-93.0051747550459,44.9912775331891],[-93.0053549773667,44.9912756897037],[-93.0054829832101,44.9912756896011],[-93.0057468327088,44.9912756896923],[-93.0059950065715,44.9912756895554],[-93.0061543611389,44.9912756897258],[-93.0063241650018,44.9912775372883],[-93.0064782946386,44.9912756895474],[-93.0066167494458,44.9912682992629],[-93.0068179010737,44.9912590622321],[-93.0069380711053,44.9912535197459],[-93.0070634636182,44.9912461299466],[-93.0071993068492,44.991233197442],[-93.0072149810671,44.9912682992235],[-93.0072332679128,44.9913126398192],[-93.0072567798369,44.9913551323249],[-93.0072776775098,44.9914068626212],[-93.0073011887612,44.9914548970199],[-93.0073220871804,44.9915047800078],[-93.0073455987437,44.9915731365152],[-93.0073638869166,44.9916248662981],[-93.0073769473,44.9916895288704],[-93.0073873963945,44.9917412580294],[-93.0073952337591,44.9918022249932],[-93.0073952333826,44.9918558021368],[-93.0073377628419,44.9918576500491],[-93.0071444473636,44.9918558021176],[-93.0070242781374,44.9918558020226],[-93.006893660649,44.9918576506465],[-93.0066925084376,44.9918594977084],[-93.0061674220959,44.9918576500367],[-93.0059767199529,44.9918594979655],[-93.0058043032692,44.991861344854],[-93.0055900901273,44.9918594980718],[-93.0054072240529,44.9918594975788],[-93.0052349894014,44.9918519799286],[-93.0051730924086,44.991808075851]]]},"properties":{"kind":"tif","city":"St. Paul","name":"The Heights JO Companies Housing TIF District","tifNumber":361,"districtType":"Housing","creator":"HRA","certifiedDate":null,"decertificationDate":"8/13/1905","incrementReceived":null,"incrementExpended":null,"projectArea":"Saint Paul Redevelopment Project Area"}},{"type":"Feature","geometry":{"type":"MultiPolygon","coordinates":[[[[-93.0084197381965,44.9865144556552],[-93.0083619845573,44.9865088212448],[-93.0077665311172,44.9865088209743],[-93.0070515888353,44.9865045960439],[-93.0061972430021,44.9865031877949],[-93.0055539934813,44.9865017790451],[-93.0051897327427,44.9864989651163],[-93.0051983127188,44.9838615033596],[-93.0056701718594,44.9838609283365],[-93.0062819562238,44.9838609278869],[-93.0072428633006,44.9838626588546],[-93.0082163578594,44.9838628502339],[-93.0082163581855,44.9842061923233],[-93.0088386962772,44.9842061921428],[-93.0088324737388,44.9846639791299],[-93.0088169137886,44.9862287884556],[-93.0088220177757,44.9865919239896],[-93.0087503239772,44.9865933327212],[-93.0087124862183,44.9865919245397],[-93.0086547330813,44.9865834729846],[-93.0086029547759,44.9865679793297],[-93.0085471928746,44.9865454432835],[-93.0084854571161,44.9865257237858],[-93.0084197381965,44.9865144556552]]],[[[-93.0091180242834,44.9812167859444],[-93.0099898065905,44.9812140860096],[-93.0099798361116,44.9828544596879],[-93.0091052863201,44.9828571937456],[-93.0091180242834,44.9812167859444]]],[[[-93.0091435226406,44.983019465245],[-93.0099788335199,44.983019014042],[-93.0099688720794,44.9846577037145],[-93.0091358754669,44.9846637952998],[-93.0091435226406,44.983019465245]]]]},"properties":{"kind":"tif","city":"St. Paul","name":"The Heights Habitat for Humanity Phase I Housing TIF District","tifNumber":360,"districtType":"Housing","creator":"HRA","certifiedDate":null,"decertificationDate":"8/13/1905","incrementReceived":null,"incrementExpended":null,"projectArea":"Saint Paul Redevelopment Project Area"}},{"type":"Feature","geometry":{"type":"Polygon","coordinates":[[[-93.0091377059122,44.9918554373103],[-93.007734841449,44.991857650505],[-93.0077243923669,44.9917800555588],[-93.0077191676118,44.9917098517078],[-93.0077061054763,44.9916525783768],[-93.0076930441152,44.9915860694378],[-93.0076721444346,44.9915103224928],[-93.0076329590967,44.9914179472449],[-93.0075937738788,44.9913255728819],[-93.0075598129209,44.991247977016],[-93.0075258526534,44.9911722293426],[-93.0075963867597,44.9911574491275],[-93.0076643086505,44.9911426692718],[-93.0077296177683,44.9911223469731],[-93.0078053761981,44.9911001766129],[-93.0079412185423,44.991059530998],[-93.0080404883782,44.9910207337856],[-93.0081554336543,44.9909782412068],[-93.0082520898034,44.9909320532132],[-93.0083121748033,44.990902493107],[-93.0084088319692,44.9908526103806],[-93.0084872038414,44.9908064224303],[-93.0085629621637,44.9907602339455],[-93.0091406525971,44.9912712290996],[-93.0091377059122,44.9918554373103]]]},"properties":{"kind":"tif","city":"St. Paul","name":"The Heights Sherman Associates Phase I Housing TIF District","tifNumber":359,"districtType":"Housing","creator":"HRA","certifiedDate":null,"decertificationDate":"8/13/1905","incrementReceived":null,"incrementExpended":null,"projectArea":"Saint Paul Redevelopment Project Area"}},{"type":"Feature","geometry":{"type":"Polygon","coordinates":[[[-93.1667571853914,44.955513303574],[-93.1655179620182,44.9555163227886],[-93.1650267019726,44.9555175164647],[-93.1649202682477,44.9555177752771],[-93.1648584675717,44.9555179251024],[-93.1637906453076,44.9555205103812],[-93.1635202820532,44.9555211631965],[-93.1620400753128,44.9555247266072],[-93.1620209196444,44.9555250232817],[-93.1620207414005,44.9554946050277],[-93.1620201237559,44.9549235659484],[-93.1620199169329,44.9547315984263],[-93.1620191935044,44.9540635501729],[-93.1620189566667,44.9538441412057],[-93.1620183872986,44.9533178763828],[-93.1620164608994,44.952248090407],[-93.1636390056563,44.9521927370904],[-93.1636999872404,44.9521907867447],[-93.1644104978088,44.9521726525978],[-93.1666056586406,44.9521621569216],[-93.1667972500336,44.9522977443449],[-93.166803553223,44.9536002585739],[-93.1667963539277,44.95551288752],[-93.1667571853914,44.955513303574]]]},"properties":{"kind":"tif","city":"St. Paul","name":"Snelling Midway Redevelopment TIF District","tifNumber":362,"districtType":"Redevelopment","creator":"HRA","certifiedDate":"2024-07-09","decertificationDate":"12/31/2050","incrementReceived":0,"incrementExpended":4333,"projectArea":"Saint Paul Redevelopment Project Area"}}]}