{"type":"FeatureCollection","features":[{"type":"Feature","geometry":{"type":"Point","coordinates":[-93.2295488538751,44.9477943834868]},"properties":{"kind":"vacant","city":"Minneapolis","address":"3015 29TH AVE S","category":null,"dwellingType":null,"vacantSince":"2023-12-08","ward":"9","neighborhood":"Longfellow","owner":"HELLO HOMES LLC"}},{"type":"Feature","geometry":{"type":"Point","coordinates":[-93.2334232382882,44.9481141625418]},"properties":{"kind":"vacant","city":"Minneapolis","address":"2629 LAKE ST E","category":null,"dwellingType":null,"vacantSince":"2023-05-18","ward":"9","neighborhood":"Longfellow","owner":"Private individual (name withheld — see source)"}},{"type":"Feature","geometry":{"type":"Point","coordinates":[-93.2280085126574,44.9437714467895]},"properties":{"kind":"vacant","city":"Minneapolis","address":"3237 30TH AVE S","category":null,"dwellingType":null,"vacantSince":"2024-03-01","ward":"9","neighborhood":"Longfellow","owner":"Private individual (name withheld — see source)"}},{"type":"Feature","geometry":{"type":"Point","coordinates":[-93.2464921599086,44.9455841120012]},"properties":{"kind":"vacant","city":"Minneapolis","address":"3124 LONGFELLOW AVE","category":null,"dwellingType":null,"vacantSince":"2024-07-02","ward":"9","neighborhood":"Corcoran","owner":"THE FAIR TRADESMEN LLC"}},{"type":"Feature","geometry":{"type":"Point","coordinates":[-93.2426452504685,44.9388358494964]},"properties":{"kind":"vacant","city":"Minneapolis","address":"3516 21ST AVE S","category":null,"dwellingType":null,"vacantSince":"2020-02-14","ward":"9","neighborhood":"Corcoran","owner":"Private individual (name withheld — see source)"}},{"type":"Feature","geometry":{"type":"Point","coordinates":[-93.2298120117443,45.0248949996858]},"properties":{"kind":"vacant","city":"Minneapolis","address":"3126 BENJAMIN ST NE","category":null,"dwellingType":null,"vacantSince":"2024-06-11","ward":"1","neighborhood":"Waite Park","owner":"Private individual (name withheld — see source)"}},{"type":"Feature","geometry":{"type":"Point","coordinates":[-93.231092517961,45.0256544875567]},"properties":{"kind":"vacant","city":"Minneapolis","address":"3154 CLEVELAND ST NE","category":null,"dwellingType":null,"vacantSince":"2023-10-30","ward":"1","neighborhood":"Waite Park","owner":"US BANK NATIONAL ASSOCIATION"}},{"type":"Feature","geometry":{"type":"Point","coordinates":[-93.2515753020966,44.9457275615106]},"properties":{"kind":"vacant","city":"Minneapolis","address":"3126 16TH AVE S","category":null,"dwellingType":null,"vacantSince":"2018-01-08","ward":"9","neighborhood":"Powderhorn Park","owner":"HEIGHTS TITLE AGENCY INC"}},{"type":"Feature","geometry":{"type":"Point","coordinates":[-93.2566506487046,44.9468126620388]},"properties":{"kind":"vacant","city":"Minneapolis","address":"3046 13TH AVE S","category":null,"dwellingType":null,"vacantSince":"2024-08-01","ward":"9","neighborhood":"Powderhorn Park","owner":"GMHF RE HOLDINGS I LLC"}},{"type":"Feature","geometry":{"type":"Point","coordinates":[-93.2541402329812,44.9470873874247]},"properties":{"kind":"vacant","city":"Minneapolis","address":"3042 15TH AVE S","category":null,"dwellingType":null,"vacantSince":"2022-07-06","ward":"9","neighborhood":"Powderhorn Park","owner":"SIBET RENOVATIONS LLC"}},{"type":"Feature","geometry":{"type":"Point","coordinates":[-93.2578636231715,44.9480387869827]},"properties":{"kind":"vacant","city":"Minneapolis","address":"1119 LAKE ST E","category":null,"dwellingType":null,"vacantSince":"2021-09-29","ward":"9","neighborhood":"Powderhorn Park","owner":"LUL & OSMAN PROPERTIES, LLC"}},{"type":"Feature","geometry":{"type":"Point","coordinates":[-93.2647403560288,44.9437659958367]},"properties":{"kind":"vacant","city":"Minneapolis","address":"3229 PARK AVE","category":null,"dwellingType":null,"vacantSince":"2024-07-16","ward":"9","neighborhood":"Central","owner":"NAQ, INC"}},{"type":"Feature","geometry":{"type":"Point","coordinates":[-93.2629553397789,44.9403848073564]},"properties":{"kind":"vacant","city":"Minneapolis","address":"3424 CHICAGO AVE","category":null,"dwellingType":null,"vacantSince":"2006-12-12","ward":"9","neighborhood":"Central","owner":"Private individual (name withheld — see source)"}},{"type":"Feature","geometry":{"type":"Point","coordinates":[-93.2672170130638,44.9401213944217]},"properties":{"kind":"vacant","city":"Minneapolis","address":"3433 PORTLAND AVE","category":null,"dwellingType":null,"vacantSince":"2022-06-06","ward":"9","neighborhood":"Central","owner":"Private individual (name withheld — see source)"}},{"type":"Feature","geometry":{"type":"Point","coordinates":[-93.2634424081226,44.93749319512]},"properties":{"kind":"vacant","city":"Minneapolis","address":"3605 COLUMBUS AVE","category":null,"dwellingType":null,"vacantSince":"2016-01-19","ward":"8","neighborhood":"Central","owner":"M&M STAFFING LLC"}},{"type":"Feature","geometry":{"type":"Point","coordinates":[-93.2646021592055,44.9346261889007]},"properties":{"kind":"vacant","city":"Minneapolis","address":"3737 PARK AVE","category":null,"dwellingType":null,"vacantSince":"2020-09-02","ward":"8","neighborhood":"Central","owner":"HENNEPIN COUNTY TAX FORFEITED LANDS"}},{"type":"Feature","geometry":{"type":"Point","coordinates":[-93.2671379029283,44.9347476219923]},"properties":{"kind":"vacant","city":"Minneapolis","address":"3733 PORTLAND AVE","category":null,"dwellingType":null,"vacantSince":"2024-07-16","ward":"8","neighborhood":"Central","owner":"Private individual (name withheld — see source)"}},{"type":"Feature","geometry":{"type":"Point","coordinates":[-93.2732229720853,44.9475581411709]},"properties":{"kind":"vacant","city":"Minneapolis","address":"3020 3RD AVE S","category":null,"dwellingType":null,"vacantSince":"2021-07-15","ward":"8","neighborhood":"Central","owner":"Private individual (name withheld — see source)"}},{"type":"Feature","geometry":{"type":"Point","coordinates":[-93.2775263801999,44.9415816162947]},"properties":{"kind":"vacant","city":"Minneapolis","address":"6 34TH ST E","category":null,"dwellingType":null,"vacantSince":"2022-09-26","ward":"8","neighborhood":"Lyndale","owner":"Private individual (name withheld — see source)"}},{"type":"Feature","geometry":{"type":"Point","coordinates":[-93.269314718491,44.9425365756199]},"properties":{"kind":"vacant","city":"Minneapolis","address":"3316 5TH AVE S","category":null,"dwellingType":null,"vacantSince":"2021-10-26","ward":"8","neighborhood":"Central","owner":"Private individual (name withheld — see source)"}},{"type":"Feature","geometry":{"type":"Point","coordinates":[-93.284125742942,44.9431428638901]},"properties":{"kind":"vacant","city":"Minneapolis","address":"320 33RD ST W","category":null,"dwellingType":null,"vacantSince":"2024-08-23","ward":"8","neighborhood":"Lyndale","owner":"MHC HOLDINGS LLC"}},{"type":"Feature","geometry":{"type":"Point","coordinates":[-93.2685518278293,44.9390808914044]},"properties":{"kind":"vacant","city":"Minneapolis","address":"3515 5TH AVE S","category":null,"dwellingType":null,"vacantSince":"2023-02-03","ward":"8","neighborhood":"Central","owner":"Private individual (name withheld — see source)"}},{"type":"Feature","geometry":{"type":"Point","coordinates":[-93.2731286283192,44.9385980791621]},"properties":{"kind":"vacant","city":"Minneapolis","address":"3528 3RD AVE S","category":null,"dwellingType":null,"vacantSince":"2021-01-05","ward":"8","neighborhood":"Central","owner":"Private individual (name withheld — see source)"}},{"type":"Feature","geometry":{"type":"Point","coordinates":[-93.2775224500706,44.9363390621216]},"properties":{"kind":"vacant","city":"Minneapolis","address":"3637 NICOLLET AVE","category":null,"dwellingType":null,"vacantSince":"2023-03-22","ward":"8","neighborhood":"King Field","owner":"Private individual (name withheld — see source)"}},{"type":"Feature","geometry":{"type":"Point","coordinates":[-93.2773685911203,44.9357208923885]},"properties":{"kind":"vacant","city":"Minneapolis","address":"9 37TH ST E","category":null,"dwellingType":null,"vacantSince":"2024-08-20","ward":"8","neighborhood":"King Field","owner":"Private individual (name withheld — see source)"}},{"type":"Feature","geometry":{"type":"Point","coordinates":[-93.2690874914366,44.937543990584]},"properties":{"kind":"vacant","city":"Minneapolis","address":"425 36TH ST E","category":null,"dwellingType":null,"vacantSince":"2024-08-29","ward":"8","neighborhood":"Central","owner":"Private individual (name withheld — see source)"}},{"type":"Feature","geometry":{"type":"Point","coordinates":[-93.2692182421245,44.9346417227407]},"properties":{"kind":"vacant","city":"Minneapolis","address":"3744 5TH AVE S","category":null,"dwellingType":null,"vacantSince":"2016-11-08","ward":"8","neighborhood":"Central","owner":"Private individual (name withheld — see source)"}},{"type":"Feature","geometry":{"type":"Point","coordinates":[-93.2869528857698,45.0223668746366]},"properties":{"kind":"vacant","city":"Minneapolis","address":"3707 6TH ST N","category":null,"dwellingType":null,"vacantSince":"2023-12-11","ward":"4","neighborhood":"McKinley","owner":"Private individual (name withheld — see source)"}},{"type":"Feature","geometry":{"type":"Point","coordinates":[-93.2876250474862,45.0237863360107]},"properties":{"kind":"vacant","city":"Minneapolis","address":"3758 LYNDALE AVE N","category":null,"dwellingType":null,"vacantSince":"2023-08-11","ward":"4","neighborhood":"McKinley","owner":"HENNEPIN COUNTY TAX FORFEITED LANDS"}},{"type":"Feature","geometry":{"type":"Point","coordinates":[-93.286093990357,45.0228070954865]},"properties":{"kind":"vacant","city":"Minneapolis","address":"3718 6TH ST N","category":null,"dwellingType":null,"vacantSince":"2024-09-27","ward":"4","neighborhood":"McKinley","owner":"Private individual (name withheld — see source)"}},{"type":"Feature","geometry":{"type":"Point","coordinates":[-93.2967622101947,45.0351795268803]},"properties":{"kind":"vacant","city":"Minneapolis","address":"1321 44TH AVE N","category":null,"dwellingType":null,"vacantSince":"2023-05-11","ward":"4","neighborhood":"Webber - Camden","owner":"GS NMINN HOLDINGS LLC"}},{"type":"Feature","geometry":{"type":"Point","coordinates":[-93.2953889169923,45.0311618937727]},"properties":{"kind":"vacant","city":"Minneapolis","address":"4140 FREMONT AVE N","category":null,"dwellingType":null,"vacantSince":"2013-10-28","ward":"4","neighborhood":"Webber - Camden","owner":"MPLS CITY PROPERTY (PREV MCDA)"}},{"type":"Feature","geometry":{"type":"Point","coordinates":[-93.2922659122289,45.0278935481544]},"properties":{"kind":"vacant","city":"Minneapolis","address":"4007 COLFAX AVE N","category":null,"dwellingType":null,"vacantSince":"2024-03-06","ward":"4","neighborhood":"Webber - Camden","owner":"Private individual (name withheld — see source)"}},{"type":"Feature","geometry":{"type":"Point","coordinates":[-93.2928120780402,45.0280309755677]},"properties":{"kind":"vacant","city":"Minneapolis","address":"4010 DUPONT AVE N","category":null,"dwellingType":null,"vacantSince":"2018-08-16","ward":"4","neighborhood":"Webber - Camden","owner":"ROC INVESTMENT GROUP INC"}},{"type":"Feature","geometry":{"type":"Point","coordinates":[-93.2928234039993,45.0298527901164]},"properties":{"kind":"vacant","city":"Minneapolis","address":"4106 DUPONT AVE N","category":null,"dwellingType":null,"vacantSince":"2024-03-06","ward":"4","neighborhood":"Webber - Camden","owner":"Private individual (name withheld — see source)"}},{"type":"Feature","geometry":{"type":"Point","coordinates":[-93.300503961051,45.0342435877996]},"properties":{"kind":"vacant","city":"Minneapolis","address":"4330 JAMES AVE N","category":null,"dwellingType":null,"vacantSince":"2024-06-03","ward":"4","neighborhood":"Webber - Camden","owner":"Private individual (name withheld — see source)"}},{"type":"Feature","geometry":{"type":"Point","coordinates":[-93.3013029514108,45.0342488441511]},"properties":{"kind":"vacant","city":"Minneapolis","address":"4331 JAMES AVE N","category":null,"dwellingType":null,"vacantSince":"2024-01-10","ward":"4","neighborhood":"Webber - Camden","owner":"PROGRESSIVE REAL ESTATE INVESTMENTS INC."}},{"type":"Feature","geometry":{"type":"Point","coordinates":[-93.300454937291,45.0295822208729]},"properties":{"kind":"vacant","city":"Minneapolis","address":"4100 JAMES AVE N","category":null,"dwellingType":null,"vacantSince":"2023-04-04","ward":"4","neighborhood":"Webber - Camden","owner":"Private individual (name withheld — see source)"}},{"type":"Feature","geometry":{"type":"Point","coordinates":[-93.3035758238269,45.0230261839608]},"properties":{"kind":"vacant","city":"Minneapolis","address":"3727 LOGAN AVE N","category":null,"dwellingType":null,"vacantSince":"2024-03-22","ward":"4","neighborhood":"Folwell","owner":"WHITE PINE GROUP LLC"}},{"type":"Feature","geometry":{"type":"Point","coordinates":[-93.3022714915939,45.022578630437]},"properties":{"kind":"vacant","city":"Minneapolis","address":"3711 KNOX AVE N","category":null,"dwellingType":null,"vacantSince":"2022-03-28","ward":"4","neighborhood":"Folwell","owner":"Private individual (name withheld — see source)"}},{"type":"Feature","geometry":{"type":"Point","coordinates":[-93.2927882529223,45.0272340402906]},"properties":{"kind":"vacant","city":"Minneapolis","address":"3950 DUPONT AVE N","category":null,"dwellingType":null,"vacantSince":"2022-02-28","ward":"4","neighborhood":"Webber - Camden","owner":"THAT PROPERTY PLACE LLC"}},{"type":"Feature","geometry":{"type":"Point","coordinates":[-93.2978221332967,45.0269671722321]},"properties":{"kind":"vacant","city":"Minneapolis","address":"3938 HUMBOLDT AVE N","category":null,"dwellingType":null,"vacantSince":"2016-06-09","ward":"4","neighborhood":"Webber - Camden","owner":"HANG TOUGH BUILDING & INVESTING LLC"}},{"type":"Feature","geometry":{"type":"Point","coordinates":[-93.2964924847424,45.0233023641039]},"properties":{"kind":"vacant","city":"Minneapolis","address":"3738 GIRARD AVE N","category":null,"dwellingType":null,"vacantSince":"2022-09-29","ward":"4","neighborhood":"Folwell","owner":"FYR SFR TRS LLC"}},{"type":"Feature","geometry":{"type":"Point","coordinates":[-93.2946961425334,45.0207133908382]},"properties":{"kind":"vacant","city":"Minneapolis","address":"3611 EMERSON AVE N","category":null,"dwellingType":null,"vacantSince":"2022-10-14","ward":"4","neighborhood":"Folwell","owner":"CTW GROUP INC"}},{"type":"Feature","geometry":{"type":"Point","coordinates":[-93.309373047614,45.0298693660336]},"properties":{"kind":"vacant","city":"Minneapolis","address":"4110 QUEEN AVE N","category":null,"dwellingType":null,"vacantSince":"2019-09-25","ward":"4","neighborhood":"Victory","owner":"PRAIRIE CAPITAL INC"}},{"type":"Feature","geometry":{"type":"Point","coordinates":[-93.3100967510682,45.0300868136373]},"properties":{"kind":"vacant","city":"Minneapolis","address":"4119 QUEEN AVE N","category":null,"dwellingType":null,"vacantSince":"2018-12-10","ward":"4","neighborhood":"Victory","owner":"HENNEPIN COUNTY TAX FORFEITED LANDS"}},{"type":"Feature","geometry":{"type":"Point","coordinates":[-93.3155304760672,45.0208507815166]},"properties":{"kind":"vacant","city":"Minneapolis","address":"3610 VINCENT AVE N","category":null,"dwellingType":null,"vacantSince":"2022-06-13","ward":"4","neighborhood":"Cleveland","owner":"Private individual (name withheld — see source)"}},{"type":"Feature","geometry":{"type":"Point","coordinates":[-93.2097802025426,44.9470634842149]},"properties":{"kind":"vacant","city":"Minneapolis","address":"3039 44TH AVE S","category":null,"dwellingType":null,"vacantSince":"2024-10-04","ward":"12","neighborhood":"Cooper","owner":"Private individual (name withheld — see source)"}},{"type":"Feature","geometry":{"type":"Point","coordinates":[-93.2174747221088,44.9453348849678]},"properties":{"kind":"vacant","city":"Minneapolis","address":"3149 38TH AVE S","category":null,"dwellingType":null,"vacantSince":"2021-03-19","ward":"12","neighborhood":"Cooper","owner":"Private individual (name withheld — see source)"}},{"type":"Feature","geometry":{"type":"Point","coordinates":[-93.218775143077,44.9362919952083]},"properties":{"kind":"vacant","city":"Minneapolis","address":"3649 37TH AVE S","category":null,"dwellingType":null,"vacantSince":"2019-07-19","ward":"12","neighborhood":"Howe","owner":"HENNEPIN COUNTY TAX FORFEITED LANDS"}},{"type":"Feature","geometry":{"type":"Point","coordinates":[-93.2176595019695,44.9380796904963]},"properties":{"kind":"vacant","city":"Minneapolis","address":"3800 36TH ST E","category":null,"dwellingType":null,"vacantSince":"2021-12-08","ward":"12","neighborhood":"Howe","owner":"Private individual (name withheld — see source)"}},{"type":"Feature","geometry":{"type":"Point","coordinates":[-93.2080180789594,44.9297606272992]},"properties":{"kind":"vacant","city":"Minneapolis","address":"4028 46TH AVE S","category":null,"dwellingType":null,"vacantSince":"2024-09-16","ward":"12","neighborhood":"Hiawatha","owner":"Private individual (name withheld — see source)"}},{"type":"Feature","geometry":{"type":"Point","coordinates":[-93.2227550759427,44.9332354401023]},"properties":{"kind":"vacant","city":"Minneapolis","address":"3835 MINNEHAHA AVE","category":null,"dwellingType":null,"vacantSince":"2024-06-28","ward":"12","neighborhood":"Howe","owner":"Private individual (name withheld — see source)"}},{"type":"Feature","geometry":{"type":"Point","coordinates":[-93.2234287486254,44.9327296043781]},"properties":{"kind":"vacant","city":"Minneapolis","address":"3848 MINNEHAHA AVE","category":null,"dwellingType":null,"vacantSince":"2023-09-18","ward":"12","neighborhood":"Howe","owner":"Private individual (name withheld — see source)"}},{"type":"Feature","geometry":{"type":"Point","coordinates":[-93.3286983345397,44.9297565640032]},"properties":{"kind":"vacant","city":"Minneapolis","address":"4021 FRANCE AVE S","category":null,"dwellingType":null,"vacantSince":"2021-10-08","ward":"13","neighborhood":"Linden Hills","owner":"CENTURY REAL ESTATE INVESTMENTS, LLC"}},{"type":"Feature","geometry":{"type":"Point","coordinates":[-93.3098863458657,45.0171226512467]},"properties":{"kind":"vacant","city":"Minneapolis","address":"3407 QUEEN AVE N","category":null,"dwellingType":null,"vacantSince":"2024-09-27","ward":"4","neighborhood":"Cleveland","owner":"Private individual (name withheld — see source)"}},{"type":"Feature","geometry":{"type":"Point","coordinates":[-93.3117129244689,45.0170482141083]},"properties":{"kind":"vacant","city":"Minneapolis","address":"3400 SHERIDAN AVE N","category":null,"dwellingType":null,"vacantSince":"2018-07-31","ward":"4","neighborhood":"Cleveland","owner":"HENNEPIN COUNTY TAX FORFEITED LANDS"}},{"type":"Feature","geometry":{"type":"Point","coordinates":[-93.3116894389141,45.0099917499029]},"properties":{"kind":"vacant","city":"Minneapolis","address":"2910 SHERIDAN AVE N","category":null,"dwellingType":null,"vacantSince":"2023-12-04","ward":"4","neighborhood":"Jordan","owner":"MNA RENTALS II LLC"}},{"type":"Feature","geometry":{"type":"Point","coordinates":[-93.3124104914398,45.0111922752852]},"properties":{"kind":"vacant","city":"Minneapolis","address":"2955 SHERIDAN AVE N","category":null,"dwellingType":null,"vacantSince":"2021-12-06","ward":"4","neighborhood":"Jordan","owner":"Private individual (name withheld — see source)"}},{"type":"Feature","geometry":{"type":"Point","coordinates":[-93.3086033234679,45.0111883060305]},"properties":{"kind":"vacant","city":"Minneapolis","address":"2955 PENN AVE N","category":null,"dwellingType":null,"vacantSince":"2019-03-07","ward":"5","neighborhood":"Jordan","owner":"M&M STAFFING, LLC"}},{"type":"Feature","geometry":{"type":"Point","coordinates":[-93.3085984806502,45.0101963806497]},"properties":{"kind":"vacant","city":"Minneapolis","address":"2919 PENN AVE N","category":null,"dwellingType":null,"vacantSince":"2018-07-09","ward":"5","neighborhood":"Jordan","owner":"CITY OF MINNEAPOLIS"}},{"type":"Feature","geometry":{"type":"Point","coordinates":[-93.3111409105336,45.0130827613057]},"properties":{"kind":"vacant","city":"Minneapolis","address":"3125 RUSSELL AVE N","category":null,"dwellingType":null,"vacantSince":"2021-12-21","ward":"4","neighborhood":"Jordan","owner":"Private individual (name withheld — see source)"}},{"type":"Feature","geometry":{"type":"Point","coordinates":[-93.3142388397241,45.0120384150412]},"properties":{"kind":"vacant","city":"Minneapolis","address":"3018 UPTON AVE N","category":null,"dwellingType":null,"vacantSince":"2022-01-19","ward":"4","neighborhood":"Jordan","owner":"TRANQUIL HOLDINGS LLC"}},{"type":"Feature","geometry":{"type":"Point","coordinates":[-93.3155224343488,45.0095083492048]},"properties":{"kind":"vacant","city":"Minneapolis","address":"2758 VINCENT AVE N","category":null,"dwellingType":null,"vacantSince":"2020-12-23","ward":"4","neighborhood":"Willard - Hay","owner":"PE REIN CONSTRUCTION LLC"}},{"type":"Feature","geometry":{"type":"Point","coordinates":[-93.30985917093,45.008173336911]},"properties":{"kind":"vacant","city":"Minneapolis","address":"2711 QUEEN AVE N","category":null,"dwellingType":null,"vacantSince":"2016-08-02","ward":"4","neighborhood":"Jordan","owner":"MNHOMES2GO, LLC"}},{"type":"Feature","geometry":{"type":"Point","coordinates":[-93.3111425616371,45.0085101211084]},"properties":{"kind":"vacant","city":"Minneapolis","address":"2723 RUSSELL AVE N","category":null,"dwellingType":null,"vacantSince":"2024-07-08","ward":"4","neighborhood":"Jordan","owner":"LEYA COPPER"}},{"type":"Feature","geometry":{"type":"Point","coordinates":[-93.3123342307604,45.0073162902368]},"properties":{"kind":"vacant","city":"Minneapolis","address":"2647 SHERIDAN AVE N","category":null,"dwellingType":null,"vacantSince":"2018-11-13","ward":"4","neighborhood":"Jordan","owner":"BIG D EXTERIORS LLC"}},{"type":"Feature","geometry":{"type":"Point","coordinates":[-93.3085940429727,45.00949232882]},"properties":{"kind":"vacant","city":"Minneapolis","address":"2759 PENN AVE N","category":null,"dwellingType":null,"vacantSince":"2024-04-11","ward":"5","neighborhood":"Jordan","owner":"ASSERTIVE MPLS PROPERTIES V LLC"}},{"type":"Feature","geometry":{"type":"Point","coordinates":[-93.3085921062049,45.0089428748599]},"properties":{"kind":"vacant","city":"Minneapolis","address":"2739 PENN AVE N","category":null,"dwellingType":null,"vacantSince":"2024-08-07","ward":"5","neighborhood":"Jordan","owner":"ASSERTIVE MPLS PROPERTIES V LLC"}},{"type":"Feature","geometry":{"type":"Point","coordinates":[-93.3092756477794,45.009493463743]},"properties":{"kind":"vacant","city":"Minneapolis","address":"2756 QUEEN AVE N","category":null,"dwellingType":null,"vacantSince":"2007-10-30","ward":"5","neighborhood":"Jordan","owner":"CITY OF MINNEAPOLIS - CPED"}},{"type":"Feature","geometry":{"type":"Point","coordinates":[-93.2964917894464,45.0187203634564]},"properties":{"kind":"vacant","city":"Minneapolis","address":"3500 GIRARD AVE N","category":null,"dwellingType":null,"vacantSince":"2023-10-27","ward":"4","neighborhood":"Folwell","owner":"Private individual (name withheld — see source)"}},{"type":"Feature","geometry":{"type":"Point","coordinates":[-93.2964879186058,45.0194770649982]},"properties":{"kind":"vacant","city":"Minneapolis","address":"3530 GIRARD AVE N","category":null,"dwellingType":null,"vacantSince":"2022-08-19","ward":"4","neighborhood":"Folwell","owner":"HENNEPIN COUNTY TAX FORFEITED LANDS"}},{"type":"Feature","geometry":{"type":"Point","coordinates":[-93.2972041588566,45.0202439009867]},"properties":{"kind":"vacant","city":"Minneapolis","address":"3559 GIRARD AVE N","category":null,"dwellingType":null,"vacantSince":"2022-06-09","ward":"4","neighborhood":"Folwell","owner":"BRITTNEYKATE PROPERTIES LLC"}},{"type":"Feature","geometry":{"type":"Point","coordinates":[-93.2959502032464,45.0183494686144]},"properties":{"kind":"vacant","city":"Minneapolis","address":"3455 FREMONT AVE N","category":null,"dwellingType":null,"vacantSince":"2023-10-27","ward":"4","neighborhood":"Folwell","owner":"PENROD LANE LLC"}},{"type":"Feature","geometry":{"type":"Point","coordinates":[-93.2934259920953,45.0202077089999]},"properties":{"kind":"vacant","city":"Minneapolis","address":"3557 DUPONT AVE N","category":null,"dwellingType":null,"vacantSince":"2018-10-01","ward":"4","neighborhood":"Folwell","owner":"5832 Lincoln Dr #258"}},{"type":"Feature","geometry":{"type":"Point","coordinates":[-93.29469150004,45.0196798134077]},"properties":{"kind":"vacant","city":"Minneapolis","address":"3539 EMERSON AVE N","category":null,"dwellingType":null,"vacantSince":"2022-02-08","ward":"4","neighborhood":"Folwell","owner":"TEXAS LAND AND HOMES LLC"}},{"type":"Feature","geometry":{"type":"Point","coordinates":[-93.293961933282,45.0172256620127]},"properties":{"kind":"vacant","city":"Minneapolis","address":"3414 EMERSON AVE N","category":null,"dwellingType":null,"vacantSince":"2019-08-14","ward":"4","neighborhood":"Folwell","owner":"CITY OF MINNEAPOLIS - CPED"}},{"type":"Feature","geometry":{"type":"Point","coordinates":[-93.2946862880147,45.016097010965]},"properties":{"kind":"vacant","city":"Minneapolis","address":"3335 EMERSON AVE N","category":null,"dwellingType":null,"vacantSince":"2022-01-11","ward":"4","neighborhood":"Folwell","owner":"ZIKAR HOLDINGS LLC"}},{"type":"Feature","geometry":{"type":"Point","coordinates":[-93.2939444224222,45.0137984482393]},"properties":{"kind":"vacant","city":"Minneapolis","address":"3218 EMERSON AVE N","category":null,"dwellingType":null,"vacantSince":"2023-04-21","ward":"4","neighborhood":"Folwell","owner":"ZULFE ENTERPRISES INC"}},{"type":"Feature","geometry":{"type":"Point","coordinates":[-93.2883775419452,45.0159004921997]},"properties":{"kind":"vacant","city":"Minneapolis","address":"3329 LYNDALE AVE N","category":null,"dwellingType":null,"vacantSince":"2024-03-14","ward":"4","neighborhood":"McKinley","owner":"Private individual (name withheld — see source)"}},{"type":"Feature","geometry":{"type":"Point","coordinates":[-93.2901716464509,45.0151908370754]},"properties":{"kind":"vacant","city":"Minneapolis","address":"3306 BRYANT AVE N","category":null,"dwellingType":null,"vacantSince":"2022-03-31","ward":"4","neighborhood":"McKinley","owner":"TOP INTEGRITY INVESTMNTS LLC"}},{"type":"Feature","geometry":{"type":"Point","coordinates":[-93.2883775814711,45.0142382021654]},"properties":{"kind":"vacant","city":"Minneapolis","address":"3235 LYNDALE AVE N","category":null,"dwellingType":null,"vacantSince":"2019-09-25","ward":"4","neighborhood":"McKinley","owner":"Private individual (name withheld — see source)"}},{"type":"Feature","geometry":{"type":"Point","coordinates":[-93.2926872310804,45.0135520615684]},"properties":{"kind":"vacant","city":"Minneapolis","address":"3210 DUPONT AVE N","category":null,"dwellingType":null,"vacantSince":"2023-01-30","ward":"4","neighborhood":"McKinley","owner":"Private individual (name withheld — see source)"}},{"type":"Feature","geometry":{"type":"Point","coordinates":[-93.3022756148611,45.0172785961061]},"properties":{"kind":"vacant","city":"Minneapolis","address":"3415 KNOX AVE N","category":null,"dwellingType":null,"vacantSince":"2022-11-07","ward":"4","neighborhood":"Folwell","owner":"Private individual (name withheld — see source)"}},{"type":"Feature","geometry":{"type":"Point","coordinates":[-93.3022772740494,45.0171700887504]},"properties":{"kind":"vacant","city":"Minneapolis","address":"3411 KNOX AVE N","category":null,"dwellingType":null,"vacantSince":"2024-09-19","ward":"4","neighborhood":"Folwell","owner":"FYR SFR TRS LLC"}},{"type":"Feature","geometry":{"type":"Point","coordinates":[-93.3053606523289,45.0176205141556]},"properties":{"kind":"vacant","city":"Minneapolis","address":"3426 NEWTON AVE N","category":null,"dwellingType":null,"vacantSince":"2016-03-09","ward":"4","neighborhood":"Folwell","owner":"CORRIDOR PROPERTY INC"}},{"type":"Feature","geometry":{"type":"Point","coordinates":[-93.3078936714614,45.0170914085015]},"properties":{"kind":"vacant","city":"Minneapolis","address":"3406 PENN AVE N","category":null,"dwellingType":null,"vacantSince":"2024-05-30","ward":"4","neighborhood":"Folwell","owner":"Private individual (name withheld — see source)"}},{"type":"Feature","geometry":{"type":"Point","coordinates":[-93.303557802724,45.019632584354]},"properties":{"kind":"vacant","city":"Minneapolis","address":"3535 LOGAN AVE N","category":null,"dwellingType":null,"vacantSince":"2024-06-14","ward":"4","neighborhood":"Folwell","owner":"Private individual (name withheld — see source)"}},{"type":"Feature","geometry":{"type":"Point","coordinates":[-93.3079043587184,45.0200835066288]},"properties":{"kind":"vacant","city":"Minneapolis","address":"3550 PENN AVE N","category":null,"dwellingType":null,"vacantSince":"2023-01-25","ward":"4","neighborhood":"Folwell","owner":"GS NMINN HOLDINGS LLC"}},{"type":"Feature","geometry":{"type":"Point","coordinates":[-93.3078820679229,45.0143932385097]},"properties":{"kind":"vacant","city":"Minneapolis","address":"3238 PENN AVE N","category":null,"dwellingType":null,"vacantSince":"2024-09-09","ward":"4","neighborhood":"Folwell","owner":"Private individual (name withheld — see source)"}},{"type":"Feature","geometry":{"type":"Point","coordinates":[-93.3066166156737,45.0146823345048]},"properties":{"kind":"vacant","city":"Minneapolis","address":"3246 OLIVER AVE N","category":null,"dwellingType":null,"vacantSince":"2022-12-09","ward":"4","neighborhood":"Folwell","owner":"CITY OF MINNEAPOLIS"}},{"type":"Feature","geometry":{"type":"Point","coordinates":[-93.3078871380144,45.0157207070866]},"properties":{"kind":"vacant","city":"Minneapolis","address":"3322 PENN AVE N","category":null,"dwellingType":null,"vacantSince":"2023-01-24","ward":"4","neighborhood":"Folwell","owner":"Private individual (name withheld — see source)"}},{"type":"Feature","geometry":{"type":"Point","coordinates":[-93.2997441022033,45.0138911231838]},"properties":{"kind":"vacant","city":"Minneapolis","address":"3223 IRVING AVE N","category":null,"dwellingType":null,"vacantSince":"2024-06-21","ward":"4","neighborhood":"Folwell","owner":"Private individual (name withheld — see source)"}},{"type":"Feature","geometry":{"type":"Point","coordinates":[-93.3028117967963,45.0155062035361]},"properties":{"kind":"vacant","city":"Minneapolis","address":"3314 LOGAN AVE N","category":null,"dwellingType":null,"vacantSince":"2015-06-16","ward":"4","neighborhood":"Folwell","owner":"Private individual (name withheld — see source)"}},{"type":"Feature","geometry":{"type":"Point","coordinates":[-93.2984742805486,45.0120924684788]},"properties":{"kind":"vacant","city":"Minneapolis","address":"3023 HUMBOLDT AVE N","category":null,"dwellingType":null,"vacantSince":"2020-07-22","ward":"5","neighborhood":"Jordan","owner":"Private individual (name withheld — see source)"}},{"type":"Feature","geometry":{"type":"Point","coordinates":[-93.3027995464708,45.0105123093587]},"properties":{"kind":"vacant","city":"Minneapolis","address":"2930 LOGAN AVE N","category":null,"dwellingType":null,"vacantSince":"2021-12-06","ward":"5","neighborhood":"Jordan","owner":"TRANQUIL HOLDINGS LLC"}},{"type":"Feature","geometry":{"type":"Point","coordinates":[-93.3066120279776,45.0122541140795]},"properties":{"kind":"vacant","city":"Minneapolis","address":"3026 OLIVER AVE N","category":null,"dwellingType":null,"vacantSince":"2021-11-18","ward":"5","neighborhood":"Jordan","owner":"Private individual (name withheld — see source)"}},{"type":"Feature","geometry":{"type":"Point","coordinates":[-93.3035441429418,45.0105565546715]},"properties":{"kind":"vacant","city":"Minneapolis","address":"2931 LOGAN AVE N","category":null,"dwellingType":null,"vacantSince":"2024-06-07","ward":"5","neighborhood":"Jordan","owner":"US BANK NATIONAL ASSOCIATION"}},{"type":"Feature","geometry":{"type":"Point","coordinates":[-93.3053264229233,45.0091132544064]},"properties":{"kind":"vacant","city":"Minneapolis","address":"2814 NEWTON AVE N","category":null,"dwellingType":null,"vacantSince":"2017-11-13","ward":"5","neighborhood":"Jordan","owner":"2814 NEWTON TRUST"}},{"type":"Feature","geometry":{"type":"Point","coordinates":[-93.3040642378469,45.0082862264451]},"properties":{"kind":"vacant","city":"Minneapolis","address":"2714 MORGAN AVE N","category":null,"dwellingType":null,"vacantSince":"2024-02-28","ward":"5","neighborhood":"Jordan","owner":"Private individual (name withheld — see source)"}},{"type":"Feature","geometry":{"type":"Point","coordinates":[-93.3047760997089,45.0061356262763]},"properties":{"kind":"vacant","city":"Minneapolis","address":"2601 MORGAN AVE N","category":null,"dwellingType":null,"vacantSince":"2023-05-15","ward":"5","neighborhood":"Jordan","owner":"Private individual (name withheld — see source)"}},{"type":"Feature","geometry":{"type":"Point","coordinates":[-93.300981077858,45.0085099972618]},"properties":{"kind":"vacant","city":"Minneapolis","address":"2727 JAMES AVE N","category":null,"dwellingType":null,"vacantSince":"2023-02-21","ward":"5","neighborhood":"Jordan","owner":"RUSH ENTERPRISE INC."}},{"type":"Feature","geometry":{"type":"Point","coordinates":[-93.2889063478136,45.0097699454179]},"properties":{"kind":"vacant","city":"Minneapolis","address":"2906 ALDRICH AVE N","category":null,"dwellingType":null,"vacantSince":"2023-04-12","ward":"5","neighborhood":"Hawthorne","owner":"Private individual (name withheld — see source)"}},{"type":"Feature","geometry":{"type":"Point","coordinates":[-93.2921473346115,45.0112203382259]},"properties":{"kind":"vacant","city":"Minneapolis","address":"2957 COLFAX AVE N","category":null,"dwellingType":null,"vacantSince":"2023-08-22","ward":"5","neighborhood":"Hawthorne","owner":"LOWRY CAPITAL LLC"}},{"type":"Feature","geometry":{"type":"Point","coordinates":[-93.2926913911784,45.0107813587935]},"properties":{"kind":"vacant","city":"Minneapolis","address":"2942 DUPONT AVE N","category":null,"dwellingType":null,"vacantSince":"2020-11-04","ward":"5","neighborhood":"Hawthorne","owner":"STEVEN F MELDAHL TRUSTEE"}},{"type":"Feature","geometry":{"type":"Point","coordinates":[-93.2921651850344,45.0119866713092]},"properties":{"kind":"vacant","city":"Minneapolis","address":"1011 31ST AVE N","category":null,"dwellingType":null,"vacantSince":"2023-07-13","ward":"5","neighborhood":"Hawthorne","owner":"HENNEPIN COUNTY TAX FORFEITED LANDS"}},{"type":"Feature","geometry":{"type":"Point","coordinates":[-93.2971970325214,45.0101953581519]},"properties":{"kind":"vacant","city":"Minneapolis","address":"2919 GIRARD AVE N","category":null,"dwellingType":null,"vacantSince":"2022-04-25","ward":"5","neighborhood":"Jordan","owner":"MIDWEST PROPERTY HOLDINGS LLC"}},{"type":"Feature","geometry":{"type":"Point","coordinates":[-93.2959244772933,45.0111967640357]},"properties":{"kind":"vacant","city":"Minneapolis","address":"2949 FREMONT AVE N","category":null,"dwellingType":null,"vacantSince":"2016-05-16","ward":"5","neighborhood":"Jordan","owner":"JOB TASK DONE INVESTMENTS LLC"}},{"type":"Feature","geometry":{"type":"Point","coordinates":[-93.2939493820209,45.0082306095764]},"properties":{"kind":"vacant","city":"Minneapolis","address":"2714 EMERSON AVE N","category":null,"dwellingType":null,"vacantSince":"2018-12-12","ward":"5","neighborhood":"Hawthorne","owner":"CITY OF MINNEAPOLIS - CPED"}},{"type":"Feature","geometry":{"type":"Point","coordinates":[-93.2915200644047,45.0079238323855]},"properties":{"kind":"vacant","city":"Minneapolis","address":"2700 COLFAX AVE N","category":null,"dwellingType":null,"vacantSince":"2023-08-22","ward":"5","neighborhood":"Hawthorne","owner":"NICHOLAS CAPITAL INC."}},{"type":"Feature","geometry":{"type":"Point","coordinates":[-93.2928421590258,45.00619892334]},"properties":{"kind":"vacant","city":"Minneapolis","address":"1022 26TH AVE N","category":null,"dwellingType":null,"vacantSince":"2018-04-11","ward":"5","neighborhood":"Hawthorne","owner":"CITY OF MINNEAPOLIS - CPED"}},{"type":"Feature","geometry":{"type":"Point","coordinates":[-93.2784328809329,44.9333004679423]},"properties":{"kind":"vacant","city":"Minneapolis","address":"3824 NICOLLET AVE","category":null,"dwellingType":null,"vacantSince":"2021-01-14","ward":"8","neighborhood":"King Field","owner":"NIC 38 LLC"}},{"type":"Feature","geometry":{"type":"Point","coordinates":[-93.284036918425,44.9277318901136]},"properties":{"kind":"vacant","city":"Minneapolis","address":"4129 GRAND AVE S","category":null,"dwellingType":null,"vacantSince":"2021-11-24","ward":"8","neighborhood":"King Field","owner":"Private individual (name withheld — see source)"}},{"type":"Feature","geometry":{"type":"Point","coordinates":[-93.2770082508087,44.920982168051]},"properties":{"kind":"vacant","city":"Minneapolis","address":"4512 1ST AVE S","category":null,"dwellingType":null,"vacantSince":null,"ward":"8","neighborhood":"King Field","owner":"Private individual (name withheld — see source)"}},{"type":"Feature","geometry":{"type":"Point","coordinates":[-93.2698358392722,44.9225170180957]},"properties":{"kind":"vacant","city":"Minneapolis","address":"4425 4TH AVE S","category":null,"dwellingType":null,"vacantSince":"2024-08-09","ward":"8","neighborhood":"Regina","owner":"Private individual (name withheld — see source)"}},{"type":"Feature","geometry":{"type":"Point","coordinates":[-93.2869270672903,45.0191871956591]},"properties":{"kind":"vacant","city":"Minneapolis","address":"3523 6TH ST N","category":null,"dwellingType":null,"vacantSince":"2023-12-18","ward":"4","neighborhood":"McKinley","owner":"Private individual (name withheld — see source)"}},{"type":"Feature","geometry":{"type":"Point","coordinates":[-93.2838018930955,45.0114412429042]},"properties":{"kind":"vacant","city":"Minneapolis","address":"3021 3RD ST N","category":null,"dwellingType":null,"vacantSince":"2024-07-30","ward":"5","neighborhood":"Hawthorne","owner":"Private individual (name withheld — see source)"}},{"type":"Feature","geometry":{"type":"Point","coordinates":[-93.2838078929433,45.0093915733578]},"properties":{"kind":"vacant","city":"Minneapolis","address":"2831 3RD ST N","category":null,"dwellingType":null,"vacantSince":"2023-12-14","ward":"5","neighborhood":"Hawthorne","owner":"Private individual (name withheld — see source)"}},{"type":"Feature","geometry":{"type":"Point","coordinates":[-93.2845917359108,45.0060674385837]},"properties":{"kind":"vacant","city":"Minneapolis","address":"2602 4TH ST N","category":null,"dwellingType":null,"vacantSince":"2022-02-14","ward":"5","neighborhood":"Hawthorne","owner":"TRANQUIL HOLDINGS LLC"}},{"type":"Feature","geometry":{"type":"Point","coordinates":[-93.2565271141833,44.9329481698634]},"properties":{"kind":"vacant","city":"Minneapolis","address":"3836 13TH AVE S","category":null,"dwellingType":null,"vacantSince":"2020-02-14","ward":"8","neighborhood":"Bancroft","owner":"Private individual (name withheld — see source)"}},{"type":"Feature","geometry":{"type":"Point","coordinates":[-93.2540191409793,44.9284526178569]},"properties":{"kind":"vacant","city":"Minneapolis","address":"4104 15TH AVE S","category":null,"dwellingType":null,"vacantSince":"2024-09-16","ward":"8","neighborhood":"Bancroft","owner":"Private individual (name withheld — see source)"}},{"type":"Feature","geometry":{"type":"Point","coordinates":[-93.2671283062261,44.9302704284171]},"properties":{"kind":"vacant","city":"Minneapolis","address":"4005 PORTLAND AVE","category":null,"dwellingType":null,"vacantSince":"2021-06-22","ward":"8","neighborhood":"Bryant","owner":"RONGITSCH BROTHERS PROPS LLC"}},{"type":"Feature","geometry":{"type":"Point","coordinates":[-93.2608877099473,44.9288733859265]},"properties":{"kind":"vacant","city":"Minneapolis","address":"4057 ELLIOT AVE","category":null,"dwellingType":null,"vacantSince":"2022-11-01","ward":"8","neighborhood":"Bancroft","owner":"JOB TASK DONE INVESTMENTS LLC"}},{"type":"Feature","geometry":{"type":"Point","coordinates":[-93.2621286929865,44.9261008969527]},"properties":{"kind":"vacant","city":"Minneapolis","address":"4225 CHICAGO AVE","category":null,"dwellingType":null,"vacantSince":"2024-06-03","ward":"8","neighborhood":"Northrop","owner":"Private individual (name withheld — see source)"}},{"type":"Feature","geometry":{"type":"Point","coordinates":[-93.2646719169806,44.9223601589579]},"properties":{"kind":"vacant","city":"Minneapolis","address":"4425 PARK AVE","category":null,"dwellingType":null,"vacantSince":"2024-07-16","ward":"8","neighborhood":"Regina","owner":"EWR SERVICES LLC"}},{"type":"Feature","geometry":{"type":"Point","coordinates":[-93.2477134994874,44.9261878273173]},"properties":{"kind":"vacant","city":"Minneapolis","address":"4220 CEDAR AVE S","category":null,"dwellingType":null,"vacantSince":"2024-06-03","ward":"8","neighborhood":"Northrop","owner":"Private individual (name withheld — see source)"}},{"type":"Feature","geometry":{"type":"Point","coordinates":[-93.2504015768211,45.0159981353725]},"properties":{"kind":"vacant","city":"Minneapolis","address":"2629 QUINCY ST NE","category":null,"dwellingType":null,"vacantSince":"2022-12-12","ward":"1","neighborhood":"Holland","owner":"Private individual (name withheld — see source)"}},{"type":"Feature","geometry":{"type":"Point","coordinates":[-93.2619388088983,45.0060096950234]},"properties":{"kind":"vacant","city":"Minneapolis","address":"1728 4TH ST NE","category":null,"dwellingType":null,"vacantSince":"2024-06-21","ward":"1","neighborhood":"Holland","owner":"Private individual (name withheld — see source)"}},{"type":"Feature","geometry":{"type":"Point","coordinates":[-93.2541289249884,45.0129585631666]},"properties":{"kind":"vacant","city":"Minneapolis","address":"672 LOWRY AVE NE","category":null,"dwellingType":null,"vacantSince":"2018-08-08","ward":"1","neighborhood":"Holland","owner":"Private individual (name withheld — see source)"}},{"type":"Feature","geometry":{"type":"Point","coordinates":[-93.2539537157788,45.0117281881962]},"properties":{"kind":"vacant","city":"Minneapolis","address":"2319 MADISON ST NE","category":null,"dwellingType":null,"vacantSince":"2015-08-17","ward":"1","neighborhood":"Holland","owner":"CITY OF MINNEAPOLIS"}},{"type":"Feature","geometry":{"type":"Point","coordinates":[-93.2476089445715,45.0067130414773]},"properties":{"kind":"vacant","city":"Minneapolis","address":"1822 CENTRAL AVE NE","category":null,"dwellingType":null,"vacantSince":"2024-08-06","ward":"1","neighborhood":"Logan Park","owner":"PARK AVE LLC"}},{"type":"Feature","geometry":{"type":"Point","coordinates":[-93.2493640523123,45.0085411564085]},"properties":{"kind":"vacant","city":"Minneapolis","address":"1916 JACKSON ST NE","category":null,"dwellingType":null,"vacantSince":"2024-06-21","ward":"1","neighborhood":"Holland","owner":"Private individual (name withheld — see source)"}},{"type":"Feature","geometry":{"type":"Point","coordinates":[-93.30206787496,45.0484112797992]},"properties":{"kind":"vacant","city":"Minneapolis","address":"5127 JAMES AVE N","category":null,"dwellingType":null,"vacantSince":"2023-10-26","ward":"4","neighborhood":"Shingle Creek","owner":"Private individual (name withheld — see source)"}},{"type":"Feature","geometry":{"type":"Point","coordinates":[-93.3165774113269,45.0507278214772]},"properties":{"kind":"vacant","city":"Minneapolis","address":"5244 VINCENT AVE N","category":null,"dwellingType":null,"vacantSince":"2022-02-14","ward":"4","neighborhood":"Shingle Creek","owner":"HENNEPIN COUNTY TAX FORFEITED LANDS"}},{"type":"Feature","geometry":{"type":"Point","coordinates":[-93.3100869252956,45.0390656873097]},"properties":{"kind":"vacant","city":"Minneapolis","address":"4618 QUEEN AVE N","category":null,"dwellingType":null,"vacantSince":"2023-09-06","ward":"4","neighborhood":"Victory","owner":"Private individual (name withheld — see source)"}},{"type":"Feature","geometry":{"type":"Point","coordinates":[-93.3133357669623,45.039218398549]},"properties":{"kind":"vacant","city":"Minneapolis","address":"4627 SHERIDAN AVE N","category":null,"dwellingType":null,"vacantSince":"2015-12-07","ward":"4","neighborhood":"Victory","owner":"Private individual (name withheld — see source)"}},{"type":"Feature","geometry":{"type":"Point","coordinates":[-93.3075555033677,45.0388672554644]},"properties":{"kind":"vacant","city":"Minneapolis","address":"4610 OLIVER AVE N","category":null,"dwellingType":null,"vacantSince":"2019-09-26","ward":"4","neighborhood":"Victory","owner":"Private individual (name withheld — see source)"}},{"type":"Feature","geometry":{"type":"Point","coordinates":[-93.3075435620626,45.0382046899868]},"properties":{"kind":"vacant","city":"Minneapolis","address":"4556 OLIVER AVE N","category":null,"dwellingType":null,"vacantSince":"2024-10-18","ward":"4","neighborhood":"Victory","owner":"DANMARK PROPERTIES LLC"}},{"type":"Feature","geometry":{"type":"Point","coordinates":[-93.2388100263136,44.9326563988345]},"properties":{"kind":"vacant","city":"Minneapolis","address":"3848 23RD AVE S","category":null,"dwellingType":null,"vacantSince":"2024-09-16","ward":"12","neighborhood":"Standish","owner":"Private individual (name withheld — see source)"}},{"type":"Feature","geometry":{"type":"Point","coordinates":[-93.237589818612,44.927062267165]},"properties":{"kind":"vacant","city":"Minneapolis","address":"4156 24TH AVE S","category":null,"dwellingType":null,"vacantSince":"2024-09-20","ward":"12","neighborhood":"Standish","owner":"Private individual (name withheld — see source)"}},{"type":"Feature","geometry":{"type":"Point","coordinates":[-93.22921208356,44.9254155641042]},"properties":{"kind":"vacant","city":"Minneapolis","address":"4249 30TH AVE S","category":null,"dwellingType":null,"vacantSince":"2023-07-21","ward":"12","neighborhood":"Ericsson","owner":"Private individual (name withheld — see source)"}},{"type":"Feature","geometry":{"type":"Point","coordinates":[-93.2286934008065,44.9198991809696]},"properties":{"kind":"vacant","city":"Minneapolis","address":"4552 NOKOMIS AVE S","category":null,"dwellingType":null,"vacantSince":"2024-08-23","ward":"12","neighborhood":"Ericsson","owner":"Private individual (name withheld — see source)"}},{"type":"Feature","geometry":{"type":"Point","coordinates":[-93.2285114739951,45.0151614475835]},"properties":{"kind":"vacant","city":"Minneapolis","address":"2600 MCKINLEY ST NE","category":null,"dwellingType":null,"vacantSince":"2024-06-11","ward":"1","neighborhood":"Audubon Park","owner":"US BANK NATIONAL ASSOCIATION"}},{"type":"Feature","geometry":{"type":"Point","coordinates":[-93.2374922283345,45.0182545472614]},"properties":{"kind":"vacant","city":"Minneapolis","address":"2742 JOHNSON ST NE","category":null,"dwellingType":null,"vacantSince":"2024-07-11","ward":"1","neighborhood":"Audubon Park","owner":"Private individual (name withheld — see source)"}},{"type":"Feature","geometry":{"type":"Point","coordinates":[-93.2468122107797,45.0156099411462]},"properties":{"kind":"vacant","city":"Minneapolis","address":"2619 CENTRAL AVE NE","category":null,"dwellingType":null,"vacantSince":"2024-05-06","ward":"1","neighborhood":"Audubon Park","owner":"GREAT GRACE ASSEMBLY OF GOD CHURCH"}},{"type":"Feature","geometry":{"type":"Point","coordinates":[-93.2425485558113,45.0148268413125]},"properties":{"kind":"vacant","city":"Minneapolis","address":"2548 FILLMORE ST NE","category":null,"dwellingType":null,"vacantSince":"2022-02-02","ward":"1","neighborhood":"Audubon Park","owner":"Private individual (name withheld — see source)"}},{"type":"Feature","geometry":{"type":"Point","coordinates":[-93.2443048807694,45.0106025642226]},"properties":{"kind":"vacant","city":"Minneapolis","address":"1022 23RD AVE NE","category":null,"dwellingType":null,"vacantSince":"2001-09-10","ward":"1","neighborhood":"Windom Park","owner":"ROBERT W RANDOLPH"}},{"type":"Feature","geometry":{"type":"Point","coordinates":[-93.2342101831383,45.0117964231315]},"properties":{"kind":"vacant","city":"Minneapolis","address":"2309 HAYES ST NE","category":null,"dwellingType":null,"vacantSince":"2024-06-03","ward":"1","neighborhood":"Windom Park","owner":"HAYES SENIOR LIVING PROPCO LLC"}},{"type":"Feature","geometry":{"type":"Point","coordinates":[-93.2892533292787,45.0410066252918]},"properties":{"kind":"vacant","city":"Minneapolis","address":"4723 CAMDEN AVE N","category":null,"dwellingType":null,"vacantSince":"2024-06-14","ward":"4","neighborhood":"Lind - Bohanon","owner":"Private individual (name withheld — see source)"}},{"type":"Feature","geometry":{"type":"Point","coordinates":[-93.2956255161701,45.0394821492733]},"properties":{"kind":"vacant","city":"Minneapolis","address":"4635 EMERSON AVE N","category":null,"dwellingType":null,"vacantSince":"2020-08-21","ward":"4","neighborhood":"Lind - Bohanon","owner":"HENNEPIN COUNTY TAX FORFEITED LANDS"}},{"type":"Feature","geometry":{"type":"Point","coordinates":[-93.2956145872664,45.0387163727108]},"properties":{"kind":"vacant","city":"Minneapolis","address":"4607 EMERSON AVE N","category":null,"dwellingType":null,"vacantSince":"2023-10-27","ward":"4","neighborhood":"Lind - Bohanon","owner":"Private individual (name withheld — see source)"}},{"type":"Feature","geometry":{"type":"Point","coordinates":[-93.2905048747089,45.0386411682737]},"properties":{"kind":"vacant","city":"Minneapolis","address":"4601 ALDRICH AVE N","category":null,"dwellingType":null,"vacantSince":"2019-08-05","ward":"4","neighborhood":"Lind - Bohanon","owner":"LOWRY CAPITAL LLC"}},{"type":"Feature","geometry":{"type":"Point","coordinates":[-93.2923034061123,45.0368244388838]},"properties":{"kind":"vacant","city":"Minneapolis","address":"4502 COLFAX AVE N","category":null,"dwellingType":null,"vacantSince":"2023-06-26","ward":"4","neighborhood":"Lind - Bohanon","owner":"Private individual (name withheld — see source)"}},{"type":"Feature","geometry":{"type":"Point","coordinates":[-93.287953693438,45.0429205709719]},"properties":{"kind":"vacant","city":"Minneapolis","address":"4827 6TH ST N","category":null,"dwellingType":null,"vacantSince":"2023-11-30","ward":"4","neighborhood":"Lind - Bohanon","owner":"CAG HOMES LLC"}},{"type":"Feature","geometry":{"type":"Point","coordinates":[-93.2884889959225,45.0397487406203]},"properties":{"kind":"vacant","city":"Minneapolis","address":"4642 CAMDEN AVE N","category":null,"dwellingType":null,"vacantSince":"2009-07-23","ward":"4","neighborhood":"Lind - Bohanon","owner":"Private individual (name withheld — see source)"}},{"type":"Feature","geometry":{"type":"Point","coordinates":[-93.2464422629861,45.0057249421714]},"properties":{"kind":"vacant","city":"Minneapolis","address":"948 18TH AVE NE","category":null,"dwellingType":null,"vacantSince":"2014-11-17","ward":"1","neighborhood":"Northeast Park","owner":"1717 DEVELOPERS LLC"}},{"type":"Feature","geometry":{"type":"Point","coordinates":[-93.2469660302041,45.0054496153533]},"properties":{"kind":"vacant","city":"Minneapolis","address":"1717 CENTRAL AVE NE","category":null,"dwellingType":null,"vacantSince":"2024-08-07","ward":"1","neighborhood":"Northeast Park","owner":"SOM CENTRAL LLC"}},{"type":"Feature","geometry":{"type":"Point","coordinates":[-93.2469429929086,45.0011699972871]},"properties":{"kind":"vacant","city":"Minneapolis","address":"1335 CENTRAL AVE NE","category":null,"dwellingType":null,"vacantSince":"2024-07-02","ward":"1","neighborhood":"Northeast Park","owner":"YOUNGBLOOD ACQUISITION GROUP, LLC"}},{"type":"Feature","geometry":{"type":"Point","coordinates":[-93.2908765041487,45.0357066879056]},"properties":{"kind":"vacant","city":"Minneapolis","address":"818 44TH AVE N","category":null,"dwellingType":null,"vacantSince":"2018-03-20","ward":"4","neighborhood":"Lind - Bohanon","owner":"CITY OF MINNEAPOLIS"}},{"type":"Feature","geometry":{"type":"Point","coordinates":[-93.2661011132414,44.9180718077541]},"properties":{"kind":"vacant","city":"Minneapolis","address":"4655 OAKLAND AVE","category":null,"dwellingType":null,"vacantSince":"2023-07-11","ward":"8","neighborhood":"Field","owner":"Private individual (name withheld — see source)"}},{"type":"Feature","geometry":{"type":"Point","coordinates":[-93.26677067703,44.9190875037289]},"properties":{"kind":"vacant","city":"Minneapolis","address":"4616 OAKLAND AVE","category":null,"dwellingType":null,"vacantSince":"2024-07-16","ward":"8","neighborhood":"Field","owner":"Private individual (name withheld — see source)"}},{"type":"Feature","geometry":{"type":"Point","coordinates":[-93.2617159826904,44.9076867564019]},"properties":{"kind":"vacant","city":"Minneapolis","address":"5236 ELLIOT AVE","category":null,"dwellingType":null,"vacantSince":"2022-09-20","ward":"11","neighborhood":"Hale","owner":"Private individual (name withheld — see source)"}},{"type":"Feature","geometry":{"type":"Point","coordinates":[-93.2581111988638,45.0053866318585]},"properties":{"kind":"vacant","city":"Minneapolis","address":"613 17TH AVE NE","category":null,"dwellingType":null,"vacantSince":"2022-02-08","ward":"1","neighborhood":"Holland","owner":"HENNEPIN COUNTY TAX FORFEITED LANDS"}},{"type":"Feature","geometry":{"type":"Point","coordinates":[-93.261994005881,45.0025182917451]},"properties":{"kind":"vacant","city":"Minneapolis","address":"1414 4TH ST NE","category":null,"dwellingType":null,"vacantSince":"2024-06-21","ward":"3","neighborhood":"Sheridan","owner":"Private individual (name withheld — see source)"}},{"type":"Feature","geometry":{"type":"Point","coordinates":[-93.263227643396,44.9960493732133]},"properties":{"kind":"vacant","city":"Minneapolis","address":"723 2ND ST NE","category":null,"dwellingType":null,"vacantSince":"2024-07-03","ward":"3","neighborhood":"St. Anthony West","owner":"Private individual (name withheld — see source)"}},{"type":"Feature","geometry":{"type":"Point","coordinates":[-93.3076157021698,45.0357844113087]},"properties":{"kind":"vacant","city":"Minneapolis","address":"4400 OLIVER AVE N","category":null,"dwellingType":null,"vacantSince":"2019-10-04","ward":"4","neighborhood":"Victory","owner":"HENNEPIN COUNTY TAX FORFEITED LANDS"}},{"type":"Feature","geometry":{"type":"Point","coordinates":[-93.2723667114312,44.9163431855565]},"properties":{"kind":"vacant","city":"Minneapolis","address":"302 48TH ST E","category":null,"dwellingType":null,"vacantSince":"2012-08-24","ward":"8","neighborhood":"Field","owner":"MIDWEST HOUSE BUYERS LLC"}},{"type":"Feature","geometry":{"type":"Point","coordinates":[-93.273244685264,44.9155049609124]},"properties":{"kind":"vacant","city":"Minneapolis","address":"4816 3RD AVE S","category":null,"dwellingType":null,"vacantSince":"2023-07-12","ward":"8","neighborhood":"Field","owner":"Private individual (name withheld — see source)"}},{"type":"Feature","geometry":{"type":"Point","coordinates":[-93.273810276245,44.9122447195538]},"properties":{"kind":"vacant","city":"Minneapolis","address":"5003 2ND AVE S","category":null,"dwellingType":null,"vacantSince":"2024-05-15","ward":"11","neighborhood":"Field","owner":"Private individual (name withheld — see source)"}},{"type":"Feature","geometry":{"type":"Point","coordinates":[-93.2838267674457,45.0032878269043]},"properties":{"kind":"vacant","city":"Minneapolis","address":"2319 3RD ST N","category":null,"dwellingType":null,"vacantSince":"2018-12-10","ward":"5","neighborhood":"Hawthorne","owner":"CITY OF MINNEAPOLIS"}},{"type":"Feature","geometry":{"type":"Point","coordinates":[-93.2861852888343,45.0034582073925]},"properties":{"kind":"vacant","city":"Minneapolis","address":"425 24TH AVE N","category":null,"dwellingType":null,"vacantSince":"2023-01-13","ward":"5","neighborhood":"Hawthorne","owner":"DANMARK PROPERTIES LLC"}},{"type":"Feature","geometry":{"type":"Point","coordinates":[-93.2870103770497,45.0033701027459]},"properties":{"kind":"vacant","city":"Minneapolis","address":"611 24TH AVE N","category":null,"dwellingType":null,"vacantSince":"2024-02-06","ward":"5","neighborhood":"Hawthorne","owner":"HENNEPIN COUNTY TAX FORFEITED LANDS"}},{"type":"Feature","geometry":{"type":"Point","coordinates":[-93.2872553691872,45.003369553326]},"properties":{"kind":"vacant","city":"Minneapolis","address":"619 24TH AVE N","category":null,"dwellingType":null,"vacantSince":"2023-09-22","ward":"5","neighborhood":"Hawthorne","owner":"Private individual (name withheld — see source)"}},{"type":"Feature","geometry":{"type":"Point","coordinates":[-93.2875648091582,45.001643502912]},"properties":{"kind":"vacant","city":"Minneapolis","address":"2200 LYNDALE AVE N","category":null,"dwellingType":null,"vacantSince":"2021-06-01","ward":"5","neighborhood":"Hawthorne","owner":"BRITTNEYKATE PROPERTIES LLC"}},{"type":"Feature","geometry":{"type":"Point","coordinates":[-93.2853735199396,45.0003866517364]},"properties":{"kind":"vacant","city":"Minneapolis","address":"2101 4TH ST N","category":null,"dwellingType":null,"vacantSince":"2024-02-14","ward":"5","neighborhood":"Hawthorne","owner":"Private individual (name withheld — see source)"}},{"type":"Feature","geometry":{"type":"Point","coordinates":[-93.2875636835692,45.0003866981061]},"properties":{"kind":"vacant","city":"Minneapolis","address":"2102 LYNDALE AVE N","category":null,"dwellingType":null,"vacantSince":"2023-08-23","ward":"5","neighborhood":"Hawthorne","owner":"ASSERTIVE MPLS PROPERTIES LLC"}},{"type":"Feature","geometry":{"type":"Point","coordinates":[-93.2814268732484,44.9988355199261]},"properties":{"kind":"vacant","city":"Minneapolis","address":"229 WEST BROADWAY","category":null,"dwellingType":null,"vacantSince":"2023-11-06","ward":"5","neighborhood":"Near - North","owner":"RIVERNORTH DEVEL PARTS LLC"}},{"type":"Feature","geometry":{"type":"Point","coordinates":[-93.3013763258032,44.9077086356227]},"properties":{"kind":"vacant","city":"Minneapolis","address":"5232 JAMES AVE S","category":null,"dwellingType":null,"vacantSince":"2023-08-02","ward":"13","neighborhood":"Lynnhurst","owner":"Private individual (name withheld — see source)"}},{"type":"Feature","geometry":{"type":"Point","coordinates":[-93.2930056119833,44.9094283701506]},"properties":{"kind":"vacant","city":"Minneapolis","address":"5129 DUPONT AVE S","category":null,"dwellingType":null,"vacantSince":"2015-08-06","ward":"13","neighborhood":"Lynnhurst","owner":"Private individual (name withheld — see source)"}},{"type":"Feature","geometry":{"type":"Point","coordinates":[-93.2944238847303,44.9090441716718]},"properties":{"kind":"vacant","city":"Minneapolis","address":"1120 WEST MINNEHAHA PKWY","category":null,"dwellingType":null,"vacantSince":"2020-08-20","ward":"13","neighborhood":"Lynnhurst","owner":"Private individual (name withheld — see source)"}},{"type":"Feature","geometry":{"type":"Point","coordinates":[-93.2891947411558,45.0046493062121]},"properties":{"kind":"vacant","city":"Minneapolis","address":"2424 ALDRICH AVE N","category":null,"dwellingType":null,"vacantSince":"2011-02-22","ward":"5","neighborhood":"Hawthorne","owner":"PRIMME INDUSTRIES LLC"}},{"type":"Feature","geometry":{"type":"Point","coordinates":[-93.2906004033528,45.0034126011501]},"properties":{"kind":"vacant","city":"Minneapolis","address":"2322 BRYANT AVE N","category":null,"dwellingType":null,"vacantSince":"2014-06-27","ward":"5","neighborhood":"Hawthorne","owner":"HENNEPIN COUNTY TAX FORFEITED LANDS"}},{"type":"Feature","geometry":{"type":"Point","coordinates":[-93.2921213400621,45.0053357478207]},"properties":{"kind":"vacant","city":"Minneapolis","address":"2512 DUPONT AVE N","category":null,"dwellingType":null,"vacantSince":"2019-11-19","ward":"5","neighborhood":"Hawthorne","owner":"Private individual (name withheld — see source)"}},{"type":"Feature","geometry":{"type":"Point","coordinates":[-93.2943574013145,45.0023858495842]},"properties":{"kind":"vacant","city":"Minneapolis","address":"2223 EMERSON AVE N","category":null,"dwellingType":null,"vacantSince":"2018-09-24","ward":"5","neighborhood":"Jordan","owner":"CITY OF MINNEAPOLIS - CPED"}},{"type":"Feature","geometry":{"type":"Point","coordinates":[-93.295202821998,44.9997455275379]},"properties":{"kind":"vacant","city":"Minneapolis","address":"2014 FREMONT AVE N","category":null,"dwellingType":null,"vacantSince":"2019-03-25","ward":"5","neighborhood":"Jordan","owner":"2014 FREMONT TRUST"}},{"type":"Feature","geometry":{"type":"Point","coordinates":[-93.2960522913886,45.0021439274143]},"properties":{"kind":"vacant","city":"Minneapolis","address":"2217 FREMONT AVE N","category":null,"dwellingType":null,"vacantSince":"2018-07-27","ward":"5","neighborhood":"Jordan","owner":"SALEM INC."}},{"type":"Feature","geometry":{"type":"Point","coordinates":[-93.2936625005433,45.0006745950412]},"properties":{"kind":"vacant","city":"Minneapolis","address":"2110 EMERSON AVE N","category":null,"dwellingType":null,"vacantSince":"2017-01-18","ward":"5","neighborhood":"Hawthorne","owner":"Private individual (name withheld — see source)"}},{"type":"Feature","geometry":{"type":"Point","coordinates":[-93.2921312305133,45.0016597020738]},"properties":{"kind":"vacant","city":"Minneapolis","address":"2200 DUPONT AVE N","category":null,"dwellingType":null,"vacantSince":"2012-09-25","ward":"5","neighborhood":"Hawthorne","owner":"RELIABLE PROPERTY MAINTENANCE & HOME SERVICE LLC"}},{"type":"Feature","geometry":{"type":"Point","coordinates":[-93.2912657791956,44.9988821582287]},"properties":{"kind":"vacant","city":"Minneapolis","address":"901 WEST BROADWAY","category":null,"dwellingType":null,"vacantSince":"2024-06-14","ward":"5","neighborhood":"Near - North","owner":"ERGO ASSOCIATES LLP"}},{"type":"Feature","geometry":{"type":"Point","coordinates":[-93.292776368211,44.9988872672806]},"properties":{"kind":"vacant","city":"Minneapolis","address":"1001 WEST BROADWAY","category":null,"dwellingType":null,"vacantSince":"2006-10-04","ward":"5","neighborhood":"Near - North","owner":"MPLS CITY PROPERTY (PREV MCDA)"}},{"type":"Feature","geometry":{"type":"Point","coordinates":[-93.292909540757,44.9988853648052]},"properties":{"kind":"vacant","city":"Minneapolis","address":"1005 WEST BROADWAY","category":null,"dwellingType":null,"vacantSince":"2024-06-17","ward":"5","neighborhood":"Near - North","owner":"1005 W. BROADWAY LLC"}},{"type":"Feature","geometry":{"type":"Point","coordinates":[-93.2906196156218,45.0005668800789]},"properties":{"kind":"vacant","city":"Minneapolis","address":"816 21ST AVE N","category":null,"dwellingType":null,"vacantSince":"2023-01-25","ward":"5","neighborhood":"Hawthorne","owner":"BELL LOFTS NORTH LLC"}},{"type":"Feature","geometry":{"type":"Point","coordinates":[-93.2906001823673,44.9995292795782]},"properties":{"kind":"vacant","city":"Minneapolis","address":"818 WEST BROADWAY","category":null,"dwellingType":null,"vacantSince":"2021-08-18","ward":"5","neighborhood":"Hawthorne","owner":"818 PARTNERS LLC"}},{"type":"Feature","geometry":{"type":"Point","coordinates":[-93.2972549864337,44.9991802972913]},"properties":{"kind":"vacant","city":"Minneapolis","address":"1300 WEST BROADWAY","category":null,"dwellingType":null,"vacantSince":"2024-10-07","ward":"5","neighborhood":"Jordan","owner":"A & M DEVELOPMENT CORP"}},{"type":"Feature","geometry":{"type":"Point","coordinates":[-93.3028861799968,45.003728451041]},"properties":{"kind":"vacant","city":"Minneapolis","address":"2357 JAMES AVE N","category":null,"dwellingType":null,"vacantSince":"2023-08-07","ward":"5","neighborhood":"Jordan","owner":"Private individual (name withheld — see source)"}},{"type":"Feature","geometry":{"type":"Point","coordinates":[-93.301310636498,45.0035184440099]},"properties":{"kind":"vacant","city":"Minneapolis","address":"2401 ILION AVE N","category":null,"dwellingType":null,"vacantSince":"2018-07-24","ward":"5","neighborhood":"Jordan","owner":"CITY OF MINNEAPOLIS"}},{"type":"Feature","geometry":{"type":"Point","coordinates":[-93.3012155812662,45.0043445791815]},"properties":{"kind":"vacant","city":"Minneapolis","address":"2420 JAMES AVE N","category":null,"dwellingType":null,"vacantSince":"2021-10-08","ward":"5","neighborhood":"Jordan","owner":"2420 JAMES TRUST"}},{"type":"Feature","geometry":{"type":"Point","coordinates":[-93.3007155403515,45.002990529222]},"properties":{"kind":"vacant","city":"Minneapolis","address":"1614 22ND AVE N","category":null,"dwellingType":null,"vacantSince":"2018-02-14","ward":"5","neighborhood":"Jordan","owner":"CITY OF MINNEAPOLIS"}},{"type":"Feature","geometry":{"type":"Point","coordinates":[-93.3014236733069,45.00270161113]},"properties":{"kind":"vacant","city":"Minneapolis","address":"1621 22ND AVE N","category":null,"dwellingType":null,"vacantSince":"2018-04-04","ward":"5","neighborhood":"Jordan","owner":"CITY OF MINNEAPOLIS - CPED"}},{"type":"Feature","geometry":{"type":"Point","coordinates":[-93.3032298098474,45.0014397664451]},"properties":{"kind":"vacant","city":"Minneapolis","address":"2113 ILION AVE N","category":null,"dwellingType":null,"vacantSince":"2018-12-13","ward":"5","neighborhood":"Jordan","owner":"PINE FINANCIAL GROUP INC"}},{"type":"Feature","geometry":{"type":"Point","coordinates":[-93.3054027258236,45.0004284866641]},"properties":{"kind":"vacant","city":"Minneapolis","address":"1915 WEST BROADWAY","category":null,"dwellingType":null,"vacantSince":"2023-06-28","ward":"5","neighborhood":"Willard - Hay","owner":"PARIS PROPERTIES LLC"}},{"type":"Feature","geometry":{"type":"Point","coordinates":[-93.2983829461387,45.001150686181]},"properties":{"kind":"vacant","city":"Minneapolis","address":"2126 IRVING AVE N","category":null,"dwellingType":null,"vacantSince":null,"ward":"5","neighborhood":"Jordan","owner":"2126 IRVING TRUST"}},{"type":"Feature","geometry":{"type":"Point","coordinates":[-93.2985759033634,44.9996632001209]},"properties":{"kind":"vacant","city":"Minneapolis","address":"1408 WEST BROADWAY","category":null,"dwellingType":null,"vacantSince":"2012-10-05","ward":"5","neighborhood":"Jordan","owner":"Private individual (name withheld — see source)"}},{"type":"Feature","geometry":{"type":"Point","coordinates":[-93.2981930593556,44.9995942589884]},"properties":{"kind":"vacant","city":"Minneapolis","address":"1400 WEST BROADWAY","category":null,"dwellingType":null,"vacantSince":"2012-10-05","ward":"5","neighborhood":"Jordan","owner":"Private individual (name withheld — see source)"}},{"type":"Feature","geometry":{"type":"Point","coordinates":[-93.2999257541302,45.0001998884981]},"properties":{"kind":"vacant","city":"Minneapolis","address":"1521 HILLSIDE AVE N","category":null,"dwellingType":null,"vacantSince":"2023-05-11","ward":"5","neighborhood":"Jordan","owner":"HENNEPIN COUNTY TAX FORFEITED LANDS"}},{"type":"Feature","geometry":{"type":"Point","coordinates":[-93.3025113462664,45.0016506131905]},"properties":{"kind":"vacant","city":"Minneapolis","address":"2122 ILION AVE N","category":null,"dwellingType":null,"vacantSince":"2012-08-20","ward":"5","neighborhood":"Jordan","owner":"MPLS CITY PROPERTY (PREV MCDA)"}},{"type":"Feature","geometry":{"type":"Point","coordinates":[-93.3002856434875,44.9993379095276]},"properties":{"kind":"vacant","city":"Minneapolis","address":"1525 WEST BROADWAY","category":null,"dwellingType":null,"vacantSince":"2024-10-29","ward":"5","neighborhood":"Willard - Hay","owner":"1525 W BROADWAY INC"}},{"type":"Feature","geometry":{"type":"Point","coordinates":[-93.3069689025888,44.9958285876813]},"properties":{"kind":"vacant","city":"Minneapolis","address":"1600 OLIVER AVE N","category":null,"dwellingType":null,"vacantSince":"2019-08-05","ward":"5","neighborhood":"Willard - Hay","owner":"CITY OF MINNEAPOLIS"}},{"type":"Feature","geometry":{"type":"Point","coordinates":[-93.3073106549606,44.9928342052374]},"properties":{"kind":"vacant","city":"Minneapolis","address":"1341 OLIVER AVE N","category":null,"dwellingType":null,"vacantSince":"2023-06-16","ward":"5","neighborhood":"Willard - Hay","owner":"Private individual (name withheld — see source)"}},{"type":"Feature","geometry":{"type":"Point","coordinates":[-93.3015811533661,44.9920602141299]},"properties":{"kind":"vacant","city":"Minneapolis","address":"1312 KNOX AVE N","category":null,"dwellingType":null,"vacantSince":"2024-06-10","ward":"5","neighborhood":"Near - North","owner":"Private individual (name withheld — see source)"}},{"type":"Feature","geometry":{"type":"Point","coordinates":[-93.2990532079183,44.9933241521578]},"properties":{"kind":"vacant","city":"Minneapolis","address":"1408 IRVING AVE N","category":null,"dwellingType":null,"vacantSince":"2023-11-01","ward":"5","neighborhood":"Near - North","owner":"Private individual (name withheld — see source)"}},{"type":"Feature","geometry":{"type":"Point","coordinates":[-93.2945286408689,44.9980253873501]},"properties":{"kind":"vacant","city":"Minneapolis","address":"1817 EMERSON AVE N","category":null,"dwellingType":null,"vacantSince":"2021-05-25","ward":"5","neighborhood":"Near - North","owner":"ATD HOLDINGS LLC"}},{"type":"Feature","geometry":{"type":"Point","coordinates":[-93.2945486409604,44.9934784395799]},"properties":{"kind":"vacant","city":"Minneapolis","address":"1411 EMERSON AVE N","category":null,"dwellingType":null,"vacantSince":"2016-03-28","ward":"5","neighborhood":"Near - North","owner":"Private individual (name withheld — see source)"}},{"type":"Feature","geometry":{"type":"Point","coordinates":[-93.2066527798648,44.9084415901157]},"properties":{"kind":"vacant","city":"Minneapolis","address":"5216 47TH AVE S","category":null,"dwellingType":null,"vacantSince":"2022-10-20","ward":"12","neighborhood":"Minnehaha","owner":"Private individual (name withheld — see source)"}},{"type":"Feature","geometry":{"type":"Point","coordinates":[-93.3222862929923,44.9098103724302]},"properties":{"kind":"vacant","city":"Minneapolis","address":"5125 ABBOTT AVE S","category":null,"dwellingType":null,"vacantSince":"2023-01-18","ward":"13","neighborhood":"Fulton","owner":"Private individual (name withheld — see source)"}},{"type":"Feature","geometry":{"type":"Point","coordinates":[-93.3090985323447,45.0040554551396]},"properties":{"kind":"vacant","city":"Minneapolis","address":"2221 WEST BROADWAY","category":null,"dwellingType":null,"vacantSince":"2022-10-13","ward":"5","neighborhood":"Willard - Hay","owner":"Private individual (name withheld — see source)"}},{"type":"Feature","geometry":{"type":"Point","coordinates":[-93.3117428437577,45.0043491885132]},"properties":{"kind":"vacant","city":"Minneapolis","address":"2400 SHERIDAN AVE N","category":null,"dwellingType":null,"vacantSince":"2020-06-22","ward":"5","neighborhood":"Willard - Hay","owner":"Private individual (name withheld — see source)"}},{"type":"Feature","geometry":{"type":"Point","coordinates":[-93.3084795203504,45.0036060993668]},"properties":{"kind":"vacant","city":"Minneapolis","address":"2341 PENN AVE N","category":null,"dwellingType":null,"vacantSince":"2017-08-08","ward":"5","neighborhood":"Willard - Hay","owner":"Private individual (name withheld — see source)"}},{"type":"Feature","geometry":{"type":"Point","coordinates":[-93.3104026292191,44.999906993919]},"properties":{"kind":"vacant","city":"Minneapolis","address":"2010 RUSSELL AVE N","category":null,"dwellingType":null,"vacantSince":"2021-08-06","ward":"5","neighborhood":"Willard - Hay","owner":"TRANQUIL HOLDINGS LLC"}},{"type":"Feature","geometry":{"type":"Point","coordinates":[-93.3111267234403,44.9998041660669]},"properties":{"kind":"vacant","city":"Minneapolis","address":"2007 RUSSELL AVE N","category":null,"dwellingType":null,"vacantSince":"2018-08-08","ward":"5","neighborhood":"Willard - Hay","owner":"CITY OF MINNEAPOLIS"}},{"type":"Feature","geometry":{"type":"Point","coordinates":[-93.3111405224614,44.9960868153903]},"properties":{"kind":"vacant","city":"Minneapolis","address":"1631 RUSSELL AVE N","category":null,"dwellingType":null,"vacantSince":"2020-01-30","ward":"5","neighborhood":"Willard - Hay","owner":"Private individual (name withheld — see source)"}},{"type":"Feature","geometry":{"type":"Point","coordinates":[-93.3116892152336,44.9967468884757]},"properties":{"kind":"vacant","city":"Minneapolis","address":"1654 SHERIDAN AVE N","category":null,"dwellingType":null,"vacantSince":"2024-10-04","ward":"5","neighborhood":"Willard - Hay","owner":"Private individual (name withheld — see source)"}},{"type":"Feature","geometry":{"type":"Point","coordinates":[-93.3160758253099,44.9981819781454]},"properties":{"kind":"vacant","city":"Minneapolis","address":"2800 18TH AVE N","category":null,"dwellingType":null,"vacantSince":"2014-03-03","ward":"5","neighborhood":"Willard - Hay","owner":"Private individual (name withheld — see source)"}},{"type":"Feature","geometry":{"type":"Point","coordinates":[-93.3149762137403,44.9940648316718]},"properties":{"kind":"vacant","city":"Minneapolis","address":"1423 UPTON AVE N","category":null,"dwellingType":null,"vacantSince":"2021-07-13","ward":"5","neighborhood":"Willard - Hay","owner":"Private individual (name withheld — see source)"}},{"type":"Feature","geometry":{"type":"Point","coordinates":[-93.2181488628137,44.914886334109]},"properties":{"kind":"vacant","city":"Minneapolis","address":"4836 38TH AVE S","category":null,"dwellingType":null,"vacantSince":"2024-06-03","ward":"12","neighborhood":"Minnehaha","owner":"Private individual (name withheld — see source)"}},{"type":"Feature","geometry":{"type":"Point","coordinates":[-93.2168112372197,44.9119614368827]},"properties":{"kind":"vacant","city":"Minneapolis","address":"5014 39TH AVE S","category":null,"dwellingType":null,"vacantSince":"2022-08-18","ward":"12","neighborhood":"Minnehaha","owner":"Private individual (name withheld — see source)"}},{"type":"Feature","geometry":{"type":"Point","coordinates":[-93.2261912801265,44.9031699196431]},"properties":{"kind":"vacant","city":"Minneapolis","address":"5508 32ND AVE S","category":null,"dwellingType":null,"vacantSince":"2022-02-11","ward":"11","neighborhood":"Wenonah","owner":"Private individual (name withheld — see source)"}},{"type":"Feature","geometry":{"type":"Point","coordinates":[-93.2211637149085,44.9907154676323]},"properties":{"kind":"vacant","city":"Minneapolis","address":"1088 22ND AVE SE","category":null,"dwellingType":null,"vacantSince":"2024-06-20","ward":"1","neighborhood":"Como","owner":"1088 22ND LLC"}},{"type":"Feature","geometry":{"type":"Point","coordinates":[-93.2259482526044,44.9851358509568]},"properties":{"kind":"vacant","city":"Minneapolis","address":"857 19TH AVE SE","category":null,"dwellingType":null,"vacantSince":"2021-04-27","ward":"2","neighborhood":"Como","owner":"Private individual (name withheld — see source)"}},{"type":"Feature","geometry":{"type":"Point","coordinates":[-93.3130084397373,44.9864702005339]},"properties":{"kind":"vacant","city":"Minneapolis","address":"810 THOMAS AVE N","category":null,"dwellingType":null,"vacantSince":"2014-07-25","ward":"5","neighborhood":"Willard - Hay","owner":"Private individual (name withheld — see source)"}},{"type":"Feature","geometry":{"type":"Point","coordinates":[-93.3142193579606,44.9795506013462]},"properties":{"kind":"vacant","city":"Minneapolis","address":"303 THOMAS AVE N","category":null,"dwellingType":null,"vacantSince":"2017-08-01","ward":"7","neighborhood":"Bryn - Mawr","owner":"GRAFFITI MILL LLC"}},{"type":"Feature","geometry":{"type":"Point","coordinates":[-93.292493445609,44.8995183838202]},"properties":{"kind":"vacant","city":"Minneapolis","address":"5700 COLFAX AVE S","category":null,"dwellingType":null,"vacantSince":"2018-01-04","ward":"13","neighborhood":"Kenny","owner":"Private individual (name withheld — see source)"}},{"type":"Feature","geometry":{"type":"Point","coordinates":[-93.2955793194083,44.8977262157113]},"properties":{"kind":"vacant","city":"Minneapolis","address":"5801 FREMONT AVE S","category":null,"dwellingType":null,"vacantSince":"2022-11-23","ward":"13","neighborhood":"Kenny","owner":"Private individual (name withheld — see source)"}},{"type":"Feature","geometry":{"type":"Point","coordinates":[-93.3010368273045,44.9897043918379]},"properties":{"kind":"vacant","city":"Minneapolis","address":"1123 JAMES AVE N","category":null,"dwellingType":null,"vacantSince":"2021-08-18","ward":"5","neighborhood":"Near - North","owner":"Private individual (name withheld — see source)"}},{"type":"Feature","geometry":{"type":"Point","coordinates":[-93.3022933664694,44.9909077349422]},"properties":{"kind":"vacant","city":"Minneapolis","address":"1237 KNOX AVE N","category":null,"dwellingType":null,"vacantSince":"2023-12-18","ward":"5","neighborhood":"Near - North","owner":"US BANK NATIONAL ASSOCIATION"}},{"type":"Feature","geometry":{"type":"Point","coordinates":[-93.3029443432164,44.9882729310961]},"properties":{"kind":"vacant","city":"Minneapolis","address":"1010 LOGAN AVE N","category":null,"dwellingType":null,"vacantSince":"2024-08-23","ward":"5","neighborhood":"Near - North","owner":"US BANK NATIONAL ASSOCIATION"}},{"type":"Feature","geometry":{"type":"Point","coordinates":[-93.2991497004545,44.9883677871426]},"properties":{"kind":"vacant","city":"Minneapolis","address":"1414 BARNES PL","category":null,"dwellingType":null,"vacantSince":"2021-12-10","ward":"5","neighborhood":"Near - North","owner":"Private individual (name withheld — see source)"}},{"type":"Feature","geometry":{"type":"Point","coordinates":[-93.2991497004545,44.9883677871426]},"properties":{"kind":"vacant","city":"Minneapolis","address":"1416 BARNES PL","category":null,"dwellingType":null,"vacantSince":"2021-12-10","ward":"5","neighborhood":"Near - North","owner":null}},{"type":"Feature","geometry":{"type":"Point","coordinates":[-93.3053766746803,44.9895110938124]},"properties":{"kind":"vacant","city":"Minneapolis","address":"1118 NEWTON AVE N","category":null,"dwellingType":null,"vacantSince":"2018-03-13","ward":"5","neighborhood":"Near - North","owner":"Private individual (name withheld — see source)"}},{"type":"Feature","geometry":{"type":"Point","coordinates":[-93.3014325540518,44.9871672485035]},"properties":{"kind":"vacant","city":"Minneapolis","address":"822 ELWOOD AVE N","category":null,"dwellingType":null,"vacantSince":"2016-09-14","ward":"5","neighborhood":"Near - North","owner":"MPLS CITY PROPERTY (PREV MCDA)"}},{"type":"Feature","geometry":{"type":"Point","coordinates":[-93.300436950324,44.9859505961218]},"properties":{"kind":"vacant","city":"Minneapolis","address":"712 ELWOOD AVE N","category":null,"dwellingType":null,"vacantSince":"2010-09-03","ward":"5","neighborhood":"Near - North","owner":"Private individual (name withheld — see source)"}},{"type":"Feature","geometry":{"type":"Point","coordinates":[-93.3078084446972,44.9813345430788]},"properties":{"kind":"vacant","city":"Minneapolis","address":"2117 4TH AVE N","category":null,"dwellingType":null,"vacantSince":"2022-01-07","ward":"5","neighborhood":"Harrison","owner":"Private individual (name withheld — see source)"}},{"type":"Feature","geometry":{"type":"Point","coordinates":[-93.3030156155511,44.9805623118382]},"properties":{"kind":"vacant","city":"Minneapolis","address":"1723 GLENWOOD AVE","category":null,"dwellingType":null,"vacantSince":"2022-04-04","ward":"5","neighborhood":"Harrison","owner":"Private individual (name withheld — see source)"}},{"type":"Feature","geometry":{"type":"Point","coordinates":[-93.2967085044154,44.9792166480784]},"properties":{"kind":"vacant","city":"Minneapolis","address":"230 GIRARD AVE N","category":null,"dwellingType":null,"vacantSince":"2017-08-02","ward":"5","neighborhood":"Harrison","owner":"Private individual (name withheld — see source)"}},{"type":"Feature","geometry":{"type":"Point","coordinates":[-93.2731735207272,44.9821522123827]},"properties":{"kind":"vacant","city":"Minneapolis","address":"321 2ND AVE N","category":null,"dwellingType":null,"vacantSince":"2017-09-26","ward":"7","neighborhood":"Downtown West","owner":"MARQUEE PROPERTIES LLC"}},{"type":"Feature","geometry":{"type":"Point","coordinates":[-93.2484962501035,44.8985676503047]},"properties":{"kind":"vacant","city":"Minneapolis","address":"1721 NOKOMIS CT","category":null,"dwellingType":null,"vacantSince":"2023-11-07","ward":"11","neighborhood":"Diamond Lake","owner":"Private individual (name withheld — see source)"}},{"type":"Feature","geometry":{"type":"Point","coordinates":[-93.2674376698403,44.8923001305203]},"properties":{"kind":"vacant","city":"Minneapolis","address":"6105 PORTLAND AVE","category":null,"dwellingType":null,"vacantSince":"2024-07-16","ward":"11","neighborhood":"Diamond Lake","owner":"Private individual (name withheld — see source)"}},{"type":"Feature","geometry":{"type":"Point","coordinates":[-93.2628147489454,44.8910601935818]},"properties":{"kind":"vacant","city":"Minneapolis","address":"6132 LOREN DR","category":null,"dwellingType":null,"vacantSince":"2024-08-15","ward":"11","neighborhood":"Diamond Lake","owner":"Private individual (name withheld — see source)"}},{"type":"Feature","geometry":{"type":"Point","coordinates":[-93.2635742367888,44.9787244664546]},"properties":{"kind":"vacant","city":"Minneapolis","address":"328 3RD ST S","category":null,"dwellingType":null,"vacantSince":"2023-11-06","ward":"3","neighborhood":"Downtown West","owner":"LUX HOLDING CO LP"}},{"type":"Feature","geometry":{"type":"Point","coordinates":[-93.2459731591515,44.8972556961708]},"properties":{"kind":"vacant","city":"Minneapolis","address":"5817 LONGFELLOW AVE","category":null,"dwellingType":null,"vacantSince":"2017-06-19","ward":"11","neighborhood":"Wenonah","owner":"Private individual (name withheld — see source)"}},{"type":"Feature","geometry":{"type":"Point","coordinates":[-93.227540477818,44.9894460025872]},"properties":{"kind":"vacant","city":"Minneapolis","address":"1712 TALMAGE AVE SE","category":null,"dwellingType":null,"vacantSince":"2024-06-20","ward":"1","neighborhood":"Como","owner":"Private individual (name withheld — see source)"}},{"type":"Feature","geometry":{"type":"Point","coordinates":[-93.2278803868468,44.9875435080703]},"properties":{"kind":"vacant","city":"Minneapolis","address":"1714 COMO AVE SE","category":null,"dwellingType":null,"vacantSince":"2024-08-06","ward":"2","neighborhood":"Como","owner":"1716-1720 COMO AVE SE LLC"}},{"type":"Feature","geometry":{"type":"Point","coordinates":[-93.2276451665829,44.9875430061494]},"properties":{"kind":"vacant","city":"Minneapolis","address":"1720 COMO AVE SE","category":null,"dwellingType":null,"vacantSince":"2024-02-21","ward":"2","neighborhood":"Como","owner":"Private individual (name withheld — see source)"}},{"type":"Feature","geometry":{"type":"Point","coordinates":[-93.2420792507541,44.9852113715728]},"properties":{"kind":"vacant","city":"Minneapolis","address":"814 6TH ST SE","category":null,"dwellingType":null,"vacantSince":"2024-02-21","ward":"3","neighborhood":"Marcy Holmes","owner":"THAT PROPERTY PLACE LLC"}},{"type":"Feature","geometry":{"type":"Point","coordinates":[-93.2410985177376,44.9872266801095]},"properties":{"kind":"vacant","city":"Minneapolis","address":"718 8TH AVE SE","category":null,"dwellingType":null,"vacantSince":"2022-10-28","ward":"3","neighborhood":"Marcy Holmes","owner":"Private individual (name withheld — see source)"}},{"type":"Feature","geometry":{"type":"Point","coordinates":[-93.2480697874988,44.9729508155493]},"properties":{"kind":"vacant","city":"Minneapolis","address":"1429 WASHINGTON AVE S","category":null,"dwellingType":null,"vacantSince":"2023-11-03","ward":"6","neighborhood":"Cedar Riverside","owner":"R&P INDUSTRIES, LLC"}},{"type":"Feature","geometry":{"type":"Point","coordinates":[-93.2481465018274,44.9729813839497]},"properties":{"kind":"vacant","city":"Minneapolis","address":"1427 WASHINGTON AVE S","category":null,"dwellingType":null,"vacantSince":"2023-11-06","ward":"6","neighborhood":"Cedar Riverside","owner":"R&P INDUSTRIES, LLC"}},{"type":"Feature","geometry":{"type":"Point","coordinates":[-93.2482910452482,44.9728027440488]},"properties":{"kind":"vacant","city":"Minneapolis","address":"1425 WASHINGTON AVE S","category":null,"dwellingType":null,"vacantSince":"2023-11-06","ward":"6","neighborhood":"Cedar Riverside","owner":"R&P INDUSTRIES, LLC"}},{"type":"Feature","geometry":{"type":"Point","coordinates":[-93.2483734450143,44.9729424059158]},"properties":{"kind":"vacant","city":"Minneapolis","address":"1423 WASHINGTON AVE S","category":null,"dwellingType":null,"vacantSince":"2023-11-06","ward":"6","neighborhood":"Cedar Riverside","owner":"R&P INDUSTRIES, LLC"}},{"type":"Feature","geometry":{"type":"Point","coordinates":[-93.248537784609,44.972861267792]},"properties":{"kind":"vacant","city":"Minneapolis","address":"1421 WASHINGTON AVE S","category":null,"dwellingType":null,"vacantSince":"2023-11-06","ward":"6","neighborhood":"Cedar Riverside","owner":"R&P INDUSTRIES, LLC"}},{"type":"Feature","geometry":{"type":"Point","coordinates":[-93.248523498701,44.9729984275369]},"properties":{"kind":"vacant","city":"Minneapolis","address":"1419 WASHINGTON AVE S","category":null,"dwellingType":null,"vacantSince":"2023-11-06","ward":"6","neighborhood":"Cedar Riverside","owner":"R&P INDUSTRIES, LLC"}},{"type":"Feature","geometry":{"type":"Point","coordinates":[-93.2486574797307,44.9731977759324]},"properties":{"kind":"vacant","city":"Minneapolis","address":"1413 WASHINGTON AVE S","category":null,"dwellingType":null,"vacantSince":"2023-11-06","ward":"6","neighborhood":"Cedar Riverside","owner":"R&P INDUSTRIES, LLC"}},{"type":"Feature","geometry":{"type":"Point","coordinates":[-93.2487982089048,44.9732561867888]},"properties":{"kind":"vacant","city":"Minneapolis","address":"1407 WASHINGTON AVE S","category":null,"dwellingType":null,"vacantSince":"2023-06-12","ward":"6","neighborhood":"Cedar Riverside","owner":"R&P INDUSTRIES, LLC"}},{"type":"Feature","geometry":{"type":"Point","coordinates":[-93.2577055699871,44.9678585545714]},"properties":{"kind":"vacant","city":"Minneapolis","address":"1501 11TH AVE S","category":null,"dwellingType":null,"vacantSince":"2024-09-30","ward":"6","neighborhood":"Elliot Park","owner":"1501 11TH AVE S LLC"}},{"type":"Feature","geometry":{"type":"Point","coordinates":[-93.2634735464253,44.9686943475063]},"properties":{"kind":"vacant","city":"Minneapolis","address":"731 14TH ST E","category":null,"dwellingType":null,"vacantSince":"2017-03-07","ward":"6","neighborhood":"Elliot Park","owner":"ELLIOT PARK ENTERPRISES LLC"}},{"type":"Feature","geometry":{"type":"Point","coordinates":[-93.2646650179192,44.9638526201349]},"properties":{"kind":"vacant","city":"Minneapolis","address":"1901 PARK AVE","category":null,"dwellingType":null,"vacantSince":"2024-10-18","ward":"6","neighborhood":"Ventura Village","owner":"FRESH START PROPERTIES"}},{"type":"Feature","geometry":{"type":"Point","coordinates":[-93.2810616694579,44.9667005010519]},"properties":{"kind":"vacant","city":"Minneapolis","address":"200 OAK GROVE ST","category":null,"dwellingType":null,"vacantSince":"2021-10-18","ward":"7","neighborhood":"Loring Park","owner":"Private individual (name withheld — see source)"}},{"type":"Feature","geometry":{"type":"Point","coordinates":[-93.2796126321073,44.9696189916585]},"properties":{"kind":"vacant","city":"Minneapolis","address":"101 GRANT ST W","category":null,"dwellingType":null,"vacantSince":"2022-10-20","ward":"7","neighborhood":"Loring Park","owner":"REALTY INCOME PROPERTIES 3 LLC"}},{"type":"Feature","geometry":{"type":"Point","coordinates":[-93.2788292293144,44.9674628497111]},"properties":{"kind":"vacant","city":"Minneapolis","address":"19 15TH ST W","category":null,"dwellingType":null,"vacantSince":"2024-05-22","ward":"7","neighborhood":"Loring Park","owner":"HALLBERG TRUST"}},{"type":"Feature","geometry":{"type":"Point","coordinates":[-93.2876746443714,44.9629547797358]},"properties":{"kind":"vacant","city":"Minneapolis","address":"1925 LYNDALE AVE S","category":null,"dwellingType":null,"vacantSince":"2023-02-13","ward":"7","neighborhood":"Steven's Square - Loring Heights","owner":"STEADY RUDOLPHS LLC"}},{"type":"Feature","geometry":{"type":"Point","coordinates":[-93.2705528134466,44.9629052468423]},"properties":{"kind":"vacant","city":"Minneapolis","address":"1924 4TH AVE S","category":null,"dwellingType":null,"vacantSince":"2022-06-02","ward":"6","neighborhood":"Steven's Square - Loring Heights","owner":"1924 4TH AVE S LLC"}},{"type":"Feature","geometry":{"type":"Point","coordinates":[-93.3068608909557,44.9742852637996]},"properties":{"kind":"vacant","city":"Minneapolis","address":"2120 LAUREL AVE W","category":null,"dwellingType":null,"vacantSince":"2021-10-27","ward":"7","neighborhood":"Bryn - Mawr","owner":"Private individual (name withheld — see source)"}},{"type":"Feature","geometry":{"type":"Point","coordinates":[-93.3040769049907,44.9738154156322]},"properties":{"kind":"vacant","city":"Minneapolis","address":"1911 LAUREL AVE W","category":null,"dwellingType":null,"vacantSince":"2024-10-04","ward":"7","neighborhood":"Bryn - Mawr","owner":"Private individual (name withheld — see source)"}},{"type":"Feature","geometry":{"type":"Point","coordinates":[-93.2155205881252,44.9746523298232]},"properties":{"kind":"vacant","city":"Minneapolis","address":"700 29TH AVE SE","category":null,"dwellingType":null,"vacantSince":"2017-08-01","ward":"2","neighborhood":"Prospect Park - East River Road","owner":"WALL DEVELOPMENT COMPANY LLC"}},{"type":"Feature","geometry":{"type":"Point","coordinates":[-93.2142922246191,44.9700900378728]},"properties":{"kind":"vacant","city":"Minneapolis","address":"3014 UNIVERSITY AVE SE","category":null,"dwellingType":null,"vacantSince":"2024-01-16","ward":"2","neighborhood":"Prospect Park - East River Road","owner":"Private individual (name withheld — see source)"}},{"type":"Feature","geometry":{"type":"Point","coordinates":[-93.2127757291806,44.9732981838738]},"properties":{"kind":"vacant","city":"Minneapolis","address":"525 MALCOLM AVE SE","category":null,"dwellingType":null,"vacantSince":"2017-08-02","ward":"2","neighborhood":"Prospect Park - East River Road","owner":"WALL DEVELOPMENT CO LLC"}},{"type":"Feature","geometry":{"type":"Point","coordinates":[-93.2252722937094,44.9729917858831]},"properties":{"kind":"vacant","city":"Minneapolis","address":"315 ONTARIO ST SE","category":null,"dwellingType":null,"vacantSince":"2024-08-09","ward":"2","neighborhood":"Prospect Park - East River Road","owner":"Private individual (name withheld — see source)"}},{"type":"Feature","geometry":{"type":"Point","coordinates":[-93.2252723961173,44.9728311702375]},"properties":{"kind":"vacant","city":"Minneapolis","address":"321 ONTARIO ST SE","category":null,"dwellingType":null,"vacantSince":"2024-08-09","ward":"2","neighborhood":"Prospect Park - East River Road","owner":"Private individual (name withheld — see source)"}},{"type":"Feature","geometry":{"type":"Point","coordinates":[-93.2118348454302,44.9671799937894]},"properties":{"kind":"vacant","city":"Minneapolis","address":"93 ORLIN AVE SE","category":null,"dwellingType":null,"vacantSince":"2022-12-07","ward":"2","neighborhood":"Prospect Park - East River Road","owner":"Private individual (name withheld — see source)"}},{"type":"Feature","geometry":{"type":"Point","coordinates":[-93.2206321206694,44.9486586125315]},"properties":{"kind":"vacant","city":"Minneapolis","address":"3542 LAKE ST E","category":null,"dwellingType":null,"vacantSince":"2021-02-18","ward":"9","neighborhood":"Longfellow","owner":"BIG TEN PROPERTIES LLC"}},{"type":"Feature","geometry":{"type":"Point","coordinates":[-93.3020522164263,44.9529860037465]},"properties":{"kind":"vacant","city":"Minneapolis","address":"2737 EAST LAKE OF THE ISLES PKWY","category":null,"dwellingType":null,"vacantSince":"2017-08-02","ward":"7","neighborhood":"East Isles","owner":"Private individual (name withheld — see source)"}},{"type":"Feature","geometry":{"type":"Point","coordinates":[-93.2992589400847,44.9494285421136]},"properties":{"kind":"vacant","city":"Minneapolis","address":"2883 HOLMES AVE S","category":null,"dwellingType":null,"vacantSince":"2024-05-10","ward":"7","neighborhood":"East Isles","owner":"MESHBESHER, SINGER & SPENCE (BY: C. DAVID GEORGE)"}},{"type":"Feature","geometry":{"type":"Point","coordinates":[-93.2992585574023,44.9495847951949]},"properties":{"kind":"vacant","city":"Minneapolis","address":"2877 HOLMES AVE S","category":null,"dwellingType":null,"vacantSince":"2024-05-09","ward":"7","neighborhood":"East Isles","owner":"MESHBESHER, SINGER & SPENCE (BY: C. DAVID GEORGE)"}},{"type":"Feature","geometry":{"type":"Point","coordinates":[-93.2992574686442,44.9497406695726]},"properties":{"kind":"vacant","city":"Minneapolis","address":"2873 HOLMES AVE S","category":null,"dwellingType":null,"vacantSince":"2024-05-09","ward":"7","neighborhood":"East Isles","owner":"MESHBESHER, SINGER & SPENCE (BY: C. DAVID GEORGE)"}},{"type":"Feature","geometry":{"type":"Point","coordinates":[-93.2960540008826,44.9526076032265]},"properties":{"kind":"vacant","city":"Minneapolis","address":"2732 FREMONT AVE S","category":null,"dwellingType":null,"vacantSince":"2021-09-27","ward":"10","neighborhood":"Lowry Hill East","owner":"MPLS PUBLIC HOUSING AUTHORITY MPHA"}},{"type":"Feature","geometry":{"type":"Point","coordinates":[-93.2743718966724,44.962479641277]},"properties":{"kind":"vacant","city":"Minneapolis","address":"137 FRANKLIN AVE E","category":null,"dwellingType":null,"vacantSince":"2023-10-02","ward":"10","neighborhood":"Whittier","owner":"A & M PROPERTIES LLC"}},{"type":"Feature","geometry":{"type":"Point","coordinates":[-93.2756705398747,44.9584115184791]},"properties":{"kind":"vacant","city":"Minneapolis","address":"2420 STEVENS AVE","category":null,"dwellingType":null,"vacantSince":"2020-12-07","ward":"10","neighborhood":"Whittier","owner":"FEDERAL HOME LOAN MORTGAGE CORP"}},{"type":"Feature","geometry":{"type":"Point","coordinates":[-93.2762131591372,44.9571568957635]},"properties":{"kind":"vacant","city":"Minneapolis","address":"105 25TH ST E","category":null,"dwellingType":null,"vacantSince":"2018-01-16","ward":"10","neighborhood":"Whittier","owner":"ADVANCED HOME EXTERIORS INC."}},{"type":"Feature","geometry":{"type":"Point","coordinates":[-93.2845030497343,44.9559735551282]},"properties":{"kind":"vacant","city":"Minneapolis","address":"2542 GRAND AVE S","category":null,"dwellingType":null,"vacantSince":"2023-09-25","ward":"10","neighborhood":"Whittier","owner":"Private individual (name withheld — see source)"}},{"type":"Feature","geometry":{"type":"Point","coordinates":[-93.2808345672692,44.9547500039312]},"properties":{"kind":"vacant","city":"Minneapolis","address":"2621 PILLSBURY AVE","category":null,"dwellingType":null,"vacantSince":"2023-02-09","ward":"10","neighborhood":"Whittier","owner":"Private individual (name withheld — see source)"}},{"type":"Feature","geometry":{"type":"Point","coordinates":[-93.284648994527,44.9489923807085]},"properties":{"kind":"vacant","city":"Minneapolis","address":"2940 GRAND AVE S","category":null,"dwellingType":null,"vacantSince":"2024-05-16","ward":"10","neighborhood":"Whittier","owner":"SIBERT RENOVATIONS LLC"}},{"type":"Feature","geometry":{"type":"Point","coordinates":[-93.2792809893758,44.9505237695252]},"properties":{"kind":"vacant","city":"Minneapolis","address":"2901 BLAISDELL AVE","category":null,"dwellingType":null,"vacantSince":"2020-07-02","ward":"10","neighborhood":"Whittier","owner":"Private individual (name withheld — see source)"}},{"type":"Feature","geometry":{"type":"Point","coordinates":[-93.2519717232416,44.9613201958238]},"properties":{"kind":"vacant","city":"Minneapolis","address":"2113 BLOOMINGTON AVE","category":null,"dwellingType":null,"vacantSince":"2020-11-04","ward":"6","neighborhood":"Ventura Village","owner":"Private individual (name withheld — see source)"}},{"type":"Feature","geometry":{"type":"Point","coordinates":[-93.2514496412631,44.9616075669185]},"properties":{"kind":"vacant","city":"Minneapolis","address":"2102 16TH AVE S","category":null,"dwellingType":null,"vacantSince":"2022-01-31","ward":"6","neighborhood":"Ventura Village","owner":"CASH FOR SHACKS LLC"}},{"type":"Feature","geometry":{"type":"Point","coordinates":[-93.2519729368655,44.960379106641]},"properties":{"kind":"vacant","city":"Minneapolis","address":"2215 BLOOMINGTON AVE","category":null,"dwellingType":null,"vacantSince":"2007-12-19","ward":"6","neighborhood":"Ventura Village","owner":"Private individual (name withheld — see source)"}},{"type":"Feature","geometry":{"type":"Point","coordinates":[-93.2571204666999,44.9561358294551]},"properties":{"kind":"vacant","city":"Minneapolis","address":"2529 12TH AVE S","category":null,"dwellingType":null,"vacantSince":"2024-02-06","ward":"9","neighborhood":"Midtown Phillips","owner":"Private individual (name withheld — see source)"}},{"type":"Feature","geometry":{"type":"Point","coordinates":[-93.2532862585396,44.9577171804164]},"properties":{"kind":"vacant","city":"Minneapolis","address":"2443 15TH AVE S","category":null,"dwellingType":null,"vacantSince":"2024-01-04","ward":"9","neighborhood":"Midtown Phillips","owner":"CITY OF MINNEAPOLIS"}},{"type":"Feature","geometry":{"type":"Point","coordinates":[-93.2519871041959,44.957578553225]},"properties":{"kind":"vacant","city":"Minneapolis","address":"2445 BLOOMINGTON AVE","category":null,"dwellingType":null,"vacantSince":"2023-01-18","ward":"9","neighborhood":"East Phillips","owner":"MAYLE PROPERTIES LLC"}},{"type":"Feature","geometry":{"type":"Point","coordinates":[-93.2494538020941,44.9581728077027]},"properties":{"kind":"vacant","city":"Minneapolis","address":"2427 17TH AVE S","category":null,"dwellingType":null,"vacantSince":"2016-12-23","ward":"9","neighborhood":"East Phillips","owner":"CITY OF LAKES COMMUNITY LAND TRUST"}},{"type":"Feature","geometry":{"type":"Point","coordinates":[-93.2621699292512,44.9615649231]},"properties":{"kind":"vacant","city":"Minneapolis","address":"2107 CHICAGO AVE","category":null,"dwellingType":null,"vacantSince":"2023-03-17","ward":"6","neighborhood":"Ventura Village","owner":"WELLS FARGO BANK NA"}},{"type":"Feature","geometry":{"type":"Point","coordinates":[-93.2590997589013,44.9569303600743]},"properties":{"kind":"vacant","city":"Minneapolis","address":"2508 11TH AVE S","category":null,"dwellingType":null,"vacantSince":"2024-09-24","ward":"9","neighborhood":"Midtown Phillips","owner":"Private individual (name withheld — see source)"}},{"type":"Feature","geometry":{"type":"Point","coordinates":[-93.2520652585239,44.9545640906894]},"properties":{"kind":"vacant","city":"Minneapolis","address":"2625 BLOOMINGTON AVE","category":null,"dwellingType":null,"vacantSince":"2023-06-22","ward":"9","neighborhood":"East Phillips","owner":"Private individual (name withheld — see source)"}},{"type":"Feature","geometry":{"type":"Point","coordinates":[-93.2528120675455,44.9550774654787]},"properties":{"kind":"vacant","city":"Minneapolis","address":"2608 BLOOMINGTON AVE","category":null,"dwellingType":null,"vacantSince":"2024-01-23","ward":"9","neighborhood":"Midtown Phillips","owner":"Private individual (name withheld — see source)"}},{"type":"Feature","geometry":{"type":"Point","coordinates":[-93.2541069135691,44.9514280156605]},"properties":{"kind":"vacant","city":"Minneapolis","address":"2812 15TH AVE S","category":null,"dwellingType":null,"vacantSince":"2023-11-30","ward":"9","neighborhood":"Midtown Phillips","owner":"Private individual (name withheld — see source)"}},{"type":"Feature","geometry":{"type":"Point","coordinates":[-93.2546843236842,44.9496082020951]},"properties":{"kind":"vacant","city":"Minneapolis","address":"2913 14TH AVE S","category":null,"dwellingType":null,"vacantSince":"2022-03-07","ward":"9","neighborhood":"Midtown Phillips","owner":"RUSH ENTERPRISE INC."}},{"type":"Feature","geometry":{"type":"Point","coordinates":[-93.25466363189,44.9508758377078]},"properties":{"kind":"vacant","city":"Minneapolis","address":"2829 14TH AVE S","category":null,"dwellingType":null,"vacantSince":"2016-09-21","ward":"9","neighborhood":"Midtown Phillips","owner":"Private individual (name withheld — see source)"}},{"type":"Feature","geometry":{"type":"Point","coordinates":[-93.2295626205568,44.9571313795775]},"properties":{"kind":"vacant","city":"Minneapolis","address":"2905 25TH ST E","category":null,"dwellingType":null,"vacantSince":"2024-10-31","ward":"2","neighborhood":"Seward","owner":"Private individual (name withheld — see source)"}},{"type":"Feature","geometry":{"type":"Point","coordinates":[-93.246971358112,44.9543314864397]},"properties":{"kind":"vacant","city":"Minneapolis","address":"2639 CEDAR AVE S","category":null,"dwellingType":null,"vacantSince":"2024-07-22","ward":"9","neighborhood":"East Phillips","owner":"HENNEPIN COUNTY TAX FORFEITED LANDS"}},{"type":"Feature","geometry":{"type":"Point","coordinates":[-93.2469689757799,44.9545473264221]},"properties":{"kind":"vacant","city":"Minneapolis","address":"2631 CEDAR AVE S","category":null,"dwellingType":null,"vacantSince":"2024-06-04","ward":"9","neighborhood":"East Phillips","owner":"Private individual (name withheld — see source)"}},{"type":"Feature","geometry":{"type":"Point","coordinates":[-93.232171060444,44.9486865388874]},"properties":{"kind":"vacant","city":"Minneapolis","address":"2716 LAKE ST E","category":null,"dwellingType":null,"vacantSince":"2022-10-05","ward":"9","neighborhood":"Longfellow","owner":"LONGFELLOW INVESTMENT LLC"}},{"type":"Feature","geometry":{"type":"Point","coordinates":[-93.2288371707778,44.9506142110551]},"properties":{"kind":"vacant","city":"Minneapolis","address":"2836 30TH AVE S","category":null,"dwellingType":null,"vacantSince":"2018-07-18","ward":"9","neighborhood":"Longfellow","owner":"Private individual (name withheld — see source)"}},{"type":"Feature","geometry":{"type":"Point","coordinates":[-93.0672401758071,44.9566090266322]},"properties":{"kind":"vacant","city":"St. Paul","address":"743 3RD ST E","category":"2","dwellingType":"Single Family Residential","vacantSince":"2022-02-15","ward":"7","neighborhood":"District 4","owner":null}},{"type":"Feature","geometry":{"type":"Point","coordinates":[-93.0650741849313,44.9565620392436]},"properties":{"kind":"vacant","city":"St. Paul","address":"838 3RD ST E","category":"2","dwellingType":"Duplex","vacantSince":"2021-08-05","ward":"7","neighborhood":"District 4","owner":null}},{"type":"Feature","geometry":{"type":"Point","coordinates":[-93.0631089687368,44.9565644474731]},"properties":{"kind":"vacant","city":"St. Paul","address":"886 3RD ST E","category":"2","dwellingType":"Duplex","vacantSince":"2025-03-18","ward":"7","neighborhood":"District 4","owner":null}},{"type":"Feature","geometry":{"type":"Point","coordinates":[-93.0624862425949,44.9568349603816]},"properties":{"kind":"vacant","city":"St. Paul","address":"901 3RD ST E","category":"1","dwellingType":"Duplex","vacantSince":"2024-12-20","ward":"7","neighborhood":"District 4","owner":null}},{"type":"Feature","geometry":{"type":"Point","coordinates":[-93.0335938787443,44.9566198930947]},"properties":{"kind":"vacant","city":"St. Paul","address":"1582 3RD ST E","category":"1","dwellingType":"Single Family Residential","vacantSince":"2025-03-04","ward":"7","neighborhood":"District 1","owner":null}},{"type":"Feature","geometry":{"type":"Point","coordinates":[-93.0717786386786,44.9554513633649]},"properties":{"kind":"vacant","city":"St. Paul","address":"667 4TH ST E","category":"2","dwellingType":"Multi-family Residential","vacantSince":"2022-05-17","ward":"7","neighborhood":"District 4","owner":null}},{"type":"Feature","geometry":{"type":"Point","coordinates":[-93.0629229474662,44.9583224118363]},"properties":{"kind":"vacant","city":"St. Paul","address":"892 4TH ST E","category":"1","dwellingType":"Duplex","vacantSince":"2024-10-17","ward":"7","neighborhood":"District 4","owner":null}},{"type":"Feature","geometry":{"type":"Point","coordinates":[-93.0153245845148,44.9586636262631]},"properties":{"kind":"vacant","city":"St. Paul","address":"2017 4TH ST E","category":"2","dwellingType":"Single Family Residential","vacantSince":"2023-04-11","ward":"7","neighborhood":"District 1","owner":null}},{"type":"Feature","geometry":{"type":"Point","coordinates":[-93.0902536412771,44.9475639923615]},"properties":{"kind":"vacant","city":"St. Paul","address":"134 5TH ST E","category":"2","dwellingType":"Commercial","vacantSince":"2021-05-11","ward":"2","neighborhood":"District 17","owner":null}},{"type":"Feature","geometry":{"type":"Point","coordinates":[-93.071794410222,44.9571692662342]},"properties":{"kind":"vacant","city":"St. Paul","address":"692 6TH ST E","category":"3","dwellingType":"Single Family Residential","vacantSince":"2019-02-21","ward":"7","neighborhood":"District 4","owner":null}},{"type":"Feature","geometry":{"type":"Point","coordinates":[-93.0701939144261,44.9579228537823]},"properties":{"kind":"vacant","city":"St. Paul","address":"722 6TH ST E","category":"2","dwellingType":"Duplex","vacantSince":"2024-12-05","ward":"7","neighborhood":"District 4","owner":null}},{"type":"Feature","geometry":{"type":"Point","coordinates":[-93.0548988299214,44.9605034358299]},"properties":{"kind":"vacant","city":"St. Paul","address":"1083 6TH ST E","category":"2","dwellingType":"Single Family Residential","vacantSince":"2025-05-05","ward":"7","neighborhood":"District 4","owner":null}},{"type":"Feature","geometry":{"type":"Point","coordinates":[-93.033927873125,44.9605522266719]},"properties":{"kind":"vacant","city":"St. Paul","address":"1577 6TH ST E","category":"1","dwellingType":"Single Family Residential","vacantSince":"2025-02-27","ward":"7","neighborhood":"District 1","owner":null}},{"type":"Feature","geometry":{"type":"Point","coordinates":[-93.0334697338565,44.9605409700181]},"properties":{"kind":"vacant","city":"St. Paul","address":"1587 6TH ST E","category":"1","dwellingType":"Single Family Residential","vacantSince":"2025-04-09","ward":"7","neighborhood":"District 1","owner":null}},{"type":"Feature","geometry":{"type":"Point","coordinates":[-93.1060513070472,44.9416318638018]},"properties":{"kind":"vacant","city":"St. Paul","address":"296 7TH ST W","category":"2","dwellingType":"Commercial","vacantSince":"2022-05-19","ward":"2","neighborhood":"District 9","owner":null}},{"type":"Feature","geometry":{"type":"Point","coordinates":[-93.0776703754186,44.9564434870422]},"properties":{"kind":"vacant","city":"St. Paul","address":"597 7TH ST E","category":"2","dwellingType":"Commercial","vacantSince":"2023-02-28","ward":"7","neighborhood":"District 5","owner":null}},{"type":"Feature","geometry":{"type":"Point","coordinates":[-93.1240299195716,44.9293329718303]},"properties":{"kind":"vacant","city":"St. Paul","address":"888 7TH ST W","category":"1","dwellingType":"Commercial","vacantSince":"2024-04-23","ward":"2","neighborhood":"District 9","owner":null}},{"type":"Feature","geometry":{"type":"Point","coordinates":[-93.1317401741298,44.923848560891]},"properties":{"kind":"vacant","city":"St. Paul","address":"1164 7TH ST W FL 2","category":"2","dwellingType":"Duplex","vacantSince":"2024-08-30","ward":"2","neighborhood":"District 9","owner":null}},{"type":"Feature","geometry":{"type":"Point","coordinates":[-93.1004657673781,44.9638868970824]},"properties":{"kind":"vacant","city":"St. Paul","address":"16 ACKER ST W","category":"2","dwellingType":"Single Family Residential","vacantSince":"2022-02-09","ward":"1","neighborhood":"District 6","owner":null}},{"type":"Feature","geometry":{"type":"Point","coordinates":[-93.1073697828755,44.978853140884]},"properties":{"kind":"vacant","city":"St. Paul","address":"1251 ALBEMARLE ST","category":"1","dwellingType":"Single Family Residential","vacantSince":"2024-12-04","ward":"5","neighborhood":"District 6","owner":null}},{"type":"Feature","geometry":{"type":"Point","coordinates":[-93.1628457422125,44.9789939842926]},"properties":{"kind":"vacant","city":"St. Paul","address":"1482 ALMOND AVE","category":"2","dwellingType":"Single Family Residential","vacantSince":"2024-10-02","ward":"4","neighborhood":"District 10","owner":null}},{"type":"Feature","geometry":{"type":"Point","coordinates":[-93.0147941768265,44.9720765339837]},"properties":{"kind":"vacant","city":"St. Paul","address":"2026 AMES AVE","category":"2","dwellingType":"Single Family Residential","vacantSince":"2023-09-12","ward":"6","neighborhood":"District 2","owner":null}},{"type":"Feature","geometry":{"type":"Point","coordinates":[-93.0736924837434,44.9310477442262]},"properties":{"kind":"vacant","city":"St. Paul","address":"469 ANITA ST","category":"1","dwellingType":"Mixed Use","vacantSince":"2025-04-28","ward":"2","neighborhood":"District 3","owner":null}},{"type":"Feature","geometry":{"type":"Point","coordinates":[-93.065610042517,44.9706668617709]},"properties":{"kind":"vacant","city":"St. Paul","address":"974 ARCADE ST","category":"2","dwellingType":"Commercial","vacantSince":"2016-05-27","ward":"6","neighborhood":"District 5","owner":null}},{"type":"Feature","geometry":{"type":"Point","coordinates":[-93.0658219319672,44.9710555442094]},"properties":{"kind":"vacant","city":"St. Paul","address":"990 ARCADE ST","category":"1","dwellingType":"Commercial","vacantSince":"2023-08-14","ward":"6","neighborhood":"District 5","owner":null}},{"type":"Feature","geometry":{"type":"Point","coordinates":[-93.0658239637735,44.9713705783356]},"properties":{"kind":"vacant","city":"St. Paul","address":"992 ARCADE ST","category":"2","dwellingType":"Commercial","vacantSince":"2023-08-14","ward":"6","neighborhood":"District 5","owner":null}},{"type":"Feature","geometry":{"type":"Point","coordinates":[-93.0662239542965,44.9728173099047]},"properties":{"kind":"vacant","city":"St. Paul","address":"1047 ARCADE ST","category":"1","dwellingType":"Commercial","vacantSince":"2022-07-07","ward":"6","neighborhood":"District 5","owner":null}},{"type":"Feature","geometry":{"type":"Point","coordinates":[-93.0661101166189,44.9742956149222]},"properties":{"kind":"vacant","city":"St. Paul","address":"1093 ARCADE ST","category":"2","dwellingType":"Duplex","vacantSince":"2025-03-12","ward":"6","neighborhood":"District 5","owner":null}},{"type":"Feature","geometry":{"type":"Point","coordinates":[-93.0661484059578,44.9839938986775]},"properties":{"kind":"vacant","city":"St. Paul","address":"1409 ARCADE ST","category":"2","dwellingType":"Commercial","vacantSince":"2025-05-07","ward":"5","neighborhood":"District 5","owner":null}},{"type":"Feature","geometry":{"type":"Point","coordinates":[-93.0838153662284,44.9734936900745]},"properties":{"kind":"vacant","city":"St. Paul","address":"1079 ARKWRIGHT ST","category":"2","dwellingType":"Multi-family Residential","vacantSince":"2021-07-27","ward":"5","neighborhood":"District 5","owner":null}},{"type":"Feature","geometry":{"type":"Point","coordinates":[-93.1152075843963,44.9847788732147]},"properties":{"kind":"vacant","city":"St. Paul","address":"373 ARLINGTON AVE W","category":"2","dwellingType":"Single Family Residential","vacantSince":"2023-05-03","ward":"5","neighborhood":"District 6","owner":null}},{"type":"Feature","geometry":{"type":"Point","coordinates":[-93.1187969047477,44.9842194448748]},"properties":{"kind":"vacant","city":"St. Paul","address":"1431 ARUNDEL ST","category":"1","dwellingType":"Single Family Residential","vacantSince":"2023-10-02","ward":"5","neighborhood":"District 6","owner":null}},{"type":"Feature","geometry":{"type":"Point","coordinates":[-93.1651659348352,44.9613249554098]},"properties":{"kind":"vacant","city":"St. Paul","address":"668 ASBURY ST","category":"1","dwellingType":"Single Family Residential","vacantSince":"2025-05-23","ward":"4","neighborhood":"District 11","owner":null}},{"type":"Feature","geometry":{"type":"Point","coordinates":[-93.1035873007397,44.9664574128276]},"properties":{"kind":"vacant","city":"St. Paul","address":"88 ATWATER ST","category":"2","dwellingType":"Single Family Residential","vacantSince":"2023-07-24","ward":"1","neighborhood":"District 6","owner":null}},{"type":"Feature","geometry":{"type":"Point","coordinates":[-93.1157228219773,44.9547360049372]},"properties":{"kind":"vacant","city":"St. Paul","address":"372 AURORA AVE","category":"2","dwellingType":"Duplex","vacantSince":"2023-07-10","ward":"1","neighborhood":"District 8","owner":null}},{"type":"Feature","geometry":{"type":"Point","coordinates":[-93.1327013011734,44.9549526035673]},"properties":{"kind":"vacant","city":"St. Paul","address":"771 AURORA AVE","category":"2","dwellingType":"Single Family Residential","vacantSince":"2024-02-07","ward":"1","neighborhood":"District 8","owner":null}},{"type":"Feature","geometry":{"type":"Point","coordinates":[-93.0924490952256,44.9267111885058]},"properties":{"kind":"vacant","city":"St. Paul","address":"163 BAKER ST W","category":"2","dwellingType":"Single Family Residential","vacantSince":"2023-07-10","ward":"2","neighborhood":"District 3","owner":null}},{"type":"Feature","geometry":{"type":"Point","coordinates":[-93.0765025052518,44.926786464813]},"properties":{"kind":"vacant","city":"St. Paul","address":"215 BAKER ST E","category":"2","dwellingType":"Duplex","vacantSince":"2021-08-10","ward":"2","neighborhood":"District 3","owner":null}},{"type":"Feature","geometry":{"type":"Point","coordinates":[-93.1549930552916,44.9717922972486]},"properties":{"kind":"vacant","city":"St. Paul","address":"1015 BANDANA BLVD W","category":"2","dwellingType":"Commercial","vacantSince":"2023-02-02","ward":"4","neighborhood":"District 10","owner":null}},{"type":"Feature","geometry":{"type":"Point","coordinates":[-93.1545782436291,44.9720296345174]},"properties":{"kind":"vacant","city":"St. Paul","address":"1020 BANDANA BLVD W","category":"2","dwellingType":"Commercial","vacantSince":"2021-09-10","ward":"4","neighborhood":"District 10","owner":null}},{"type":"Feature","geometry":{"type":"Point","coordinates":[-93.0382216316375,44.9784661024571]},"properties":{"kind":"vacant","city":"St. Paul","address":"1231 BARCLAY ST","category":"2","dwellingType":"Single Family Residential","vacantSince":"2025-04-01","ward":"6","neighborhood":"District 2","owner":null}},{"type":"Feature","geometry":{"type":"Point","coordinates":[-93.065818684041,44.9528004710379]},"properties":{"kind":"vacant","city":"St. Paul","address":"213 BATES AVE","category":"2","dwellingType":"Commercial","vacantSince":"2018-12-12","ward":"7","neighborhood":"District 4","owner":null}},{"type":"Feature","geometry":{"type":"Point","coordinates":[-93.0680762718089,44.9552268135749]},"properties":{"kind":"vacant","city":"St. Paul","address":"284 BATES AVE","category":"1","dwellingType":"Commercial","vacantSince":"2023-08-21","ward":"7","neighborhood":"District 4","owner":null}},{"type":"Feature","geometry":{"type":"Point","coordinates":[-93.0707031245047,44.9576526565202]},"properties":{"kind":"vacant","city":"St. Paul","address":"376 BATES AVE","category":"2","dwellingType":"Duplex","vacantSince":"2025-05-14","ward":"7","neighborhood":"District 4","owner":null}},{"type":"Feature","geometry":{"type":"Point","coordinates":[-93.0753262252489,44.9615507758131]},"properties":{"kind":"vacant","city":"St. Paul","address":"608 BEAUMONT ST","category":"2","dwellingType":"Duplex","vacantSince":"2024-05-03","ward":"7","neighborhood":"District 5","owner":null}},{"type":"Feature","geometry":{"type":"Point","coordinates":[-93.0931259359192,44.9318861509485]},"properties":{"kind":"vacant","city":"St. Paul","address":"468 BELLOWS ST","category":"2","dwellingType":"Single Family Residential","vacantSince":"2024-12-03","ward":"2","neighborhood":"District 3","owner":null}},{"type":"Feature","geometry":{"type":"Point","coordinates":[-93.0762619357845,44.9223118122094]},"properties":{"kind":"vacant","city":"St. Paul","address":"219 BELVIDERE ST E","category":"2","dwellingType":"Duplex","vacantSince":"2025-02-18","ward":"2","neighborhood":"District 3","owner":null}},{"type":"Feature","geometry":{"type":"Point","coordinates":[-93.122665981567,44.9610047427319]},"properties":{"kind":"vacant","city":"St. Paul","address":"534 BLAIR AVE","category":"1","dwellingType":"Single Family Residential","vacantSince":"2025-04-01","ward":"1","neighborhood":"District 7","owner":null}},{"type":"Feature","geometry":{"type":"Point","coordinates":[-93.1629111574109,44.9609399070561]},"properties":{"kind":"vacant","city":"St. Paul","address":"1478 BLAIR AVE","category":"2","dwellingType":"Single Family Residential","vacantSince":"2024-06-21","ward":"4","neighborhood":"District 11","owner":null}},{"type":"Feature","geometry":{"type":"Point","coordinates":[-93.1744645936113,44.9609135735262]},"properties":{"kind":"vacant","city":"St. Paul","address":"1758 BLAIR AVE","category":"2","dwellingType":"Single Family Residential","vacantSince":"2021-01-11","ward":"4","neighborhood":"District 11","owner":null}},{"type":"Feature","geometry":{"type":"Point","coordinates":[-93.0788141140544,44.9709056742102]},"properties":{"kind":"vacant","city":"St. Paul","address":"985 BRADLEY ST","category":"2","dwellingType":"Single Family Residential","vacantSince":"2022-01-21","ward":"5","neighborhood":"District 5","owner":null}},{"type":"Feature","geometry":{"type":"Point","coordinates":[-93.0788591646584,44.9724365149747]},"properties":{"kind":"vacant","city":"St. Paul","address":"1035 BRADLEY ST","category":"2","dwellingType":"Single Family Residential","vacantSince":"2023-02-07","ward":"5","neighborhood":"District 5","owner":null}},{"type":"Feature","geometry":{"type":"Point","coordinates":[-93.0787923602451,44.9725474060369]},"properties":{"kind":"vacant","city":"St. Paul","address":"1039 BRADLEY ST","category":"2","dwellingType":"Single Family Residential","vacantSince":"2022-09-13","ward":"5","neighborhood":"District 5","owner":null}},{"type":"Feature","geometry":{"type":"Point","coordinates":[-93.0788872908326,44.983160163147]},"properties":{"kind":"vacant","city":"St. Paul","address":"1391 BRADLEY ST","category":"1","dwellingType":"Single Family Residential","vacantSince":"2024-05-07","ward":"5","neighborhood":"District 5","owner":null}},{"type":"Feature","geometry":{"type":"Point","coordinates":[-93.0267957715589,44.9742446813896]},"properties":{"kind":"vacant","city":"St. Paul","address":"1093 BREEN ST","category":"1","dwellingType":"Single Family Residential","vacantSince":"2025-05-22","ward":"6","neighborhood":"District 2","owner":null}},{"type":"Feature","geometry":{"type":"Point","coordinates":[-93.0130413669554,44.9467093359802]},"properties":{"kind":"vacant","city":"St. Paul","address":"186 BRIDLEWOOD DRIVE","category":"2","dwellingType":"Single Family Residential","vacantSince":"2022-04-05","ward":"7","neighborhood":"District 1","owner":null}},{"type":"Feature","geometry":{"type":"Point","coordinates":[-93.0793567025089,44.9590850025233]},"properties":{"kind":"vacant","city":"St. Paul","address":"594 BRUNSON ST","category":"3","dwellingType":"Duplex","vacantSince":"2021-05-04","ward":"2","neighborhood":"District 5","owner":null}},{"type":"Feature","geometry":{"type":"Point","coordinates":[-93.125063138514,44.9682167048025]},"properties":{"kind":"vacant","city":"St. Paul","address":"586 BURGESS ST","category":"2","dwellingType":"Single Family Residential","vacantSince":"2020-03-31","ward":"1","neighborhood":"District 6","owner":null}},{"type":"Feature","geometry":{"type":"Point","coordinates":[-93.0383424878533,44.9485967613039]},"properties":{"kind":"vacant","city":"St. Paul","address":"1476 BURNS AVE","category":"2","dwellingType":"Single Family Residential","vacantSince":"2025-02-03","ward":"7","neighborhood":"District 1","owner":null}},{"type":"Feature","geometry":{"type":"Point","coordinates":[-93.0800718494533,44.968212894176]},"properties":{"kind":"vacant","city":"St. Paul","address":"899 BURR ST","category":"2","dwellingType":"Single Family Residential","vacantSince":"2024-09-10","ward":"5","neighborhood":"District 5","owner":null}},{"type":"Feature","geometry":{"type":"Point","coordinates":[-93.0730826555968,44.9646916241427]},"properties":{"kind":"vacant","city":"St. Paul","address":"648 BUSH AVE","category":"2","dwellingType":"Multi-family Residential","vacantSince":"2010-08-27","ward":"6","neighborhood":"District 5","owner":null}},{"type":"Feature","geometry":{"type":"Point","coordinates":[-93.0728296506766,44.9646448560134]},"properties":{"kind":"vacant","city":"St. Paul","address":"656 BUSH AVE","category":"2","dwellingType":"Multi-family Residential","vacantSince":"2010-03-01","ward":"6","neighborhood":"District 5","owner":null}},{"type":"Feature","geometry":{"type":"Point","coordinates":[-93.0678166689295,44.9647369441686]},"properties":{"kind":"vacant","city":"St. Paul","address":"776 BUSH AVE","category":"2","dwellingType":"Duplex","vacantSince":"2022-08-01","ward":"6","neighborhood":"District 4","owner":null}},{"type":"Feature","geometry":{"type":"Point","coordinates":[-93.0251029693657,44.9650510505876]},"properties":{"kind":"vacant","city":"St. Paul","address":"1781 BUSH AVE","category":"2","dwellingType":"Mixed Use","vacantSince":"2025-01-06","ward":"7","neighborhood":"District 2","owner":null}},{"type":"Feature","geometry":{"type":"Point","coordinates":[-93.0720429493553,44.9912276339318]},"properties":{"kind":"vacant","city":"St. Paul","address":"677 CALIFORNIA AVE E","category":"2","dwellingType":"Single Family Residential","vacantSince":"2025-01-27","ward":"5","neighborhood":"District 5","owner":null}},{"type":"Feature","geometry":{"type":"Point","coordinates":[-93.1660922433664,44.9799028079163]},"properties":{"kind":"vacant","city":"St. Paul","address":"1560 CANFIELD AVE","category":"2","dwellingType":"Single Family Residential","vacantSince":"2017-02-09","ward":"4","neighborhood":"District 10","owner":null}},{"type":"Feature","geometry":{"type":"Point","coordinates":[-93.1024280621506,44.9604823825532]},"properties":{"kind":"vacant","city":"St. Paul","address":"633 CAPITOL BLVD","category":"2","dwellingType":"Single Family Residential","vacantSince":"2019-08-02","ward":"1","neighborhood":"District 7","owner":null}},{"type":"Feature","geometry":{"type":"Point","coordinates":[-93.1432112892719,44.9501238926764]},"properties":{"kind":"vacant","city":"St. Paul","address":"1020 CARROLL AVE","category":"2","dwellingType":"Single Family Residential","vacantSince":"2008-03-12","ward":"1","neighborhood":"District 8","owner":null}},{"type":"Feature","geometry":{"type":"Point","coordinates":[-93.1640788488625,44.9500967005766]},"properties":{"kind":"vacant","city":"St. Paul","address":"1514 CARROLL AVE","category":"2","dwellingType":"Single Family Residential","vacantSince":"2025-04-14","ward":"1","neighborhood":"District 13","owner":null}},{"type":"Feature","geometry":{"type":"Point","coordinates":[-93.0707082656285,44.9704195073417]},"properties":{"kind":"vacant","city":"St. Paul","address":"703 CASE AVE","category":"2","dwellingType":"Duplex","vacantSince":"2025-01-23","ward":"6","neighborhood":"District 5","owner":null}},{"type":"Feature","geometry":{"type":"Point","coordinates":[-93.0552768835711,44.970464834447]},"properties":{"kind":"vacant","city":"St. Paul","address":"1069 CASE AVE","category":"1","dwellingType":"Single Family Residential","vacantSince":"2024-05-16","ward":"6","neighborhood":"District 5","owner":null}},{"type":"Feature","geometry":{"type":"Point","coordinates":[-93.0925374578124,44.9458173331352]},"properties":{"kind":"vacant","city":"St. Paul","address":"340 CEDAR ST","category":"2","dwellingType":"Commercial","vacantSince":"2024-11-25","ward":"2","neighborhood":"District 17","owner":null}},{"type":"Feature","geometry":{"type":"Point","coordinates":[-93.094287782771,44.9476635645279]},"properties":{"kind":"vacant","city":"St. Paul","address":"420 CEDAR ST","category":"2","dwellingType":"Commercial","vacantSince":"2009-06-19","ward":"2","neighborhood":"District 17","owner":null}},{"type":"Feature","geometry":{"type":"Point","coordinates":[-93.1386722049186,44.9528825914264]},"properties":{"kind":"vacant","city":"St. Paul","address":"914 CENTRAL AVE W","category":"2","dwellingType":"Single Family Residential","vacantSince":"2023-04-27","ward":"1","neighborhood":"District 8","owner":null}},{"type":"Feature","geometry":{"type":"Point","coordinates":[-93.1083901736455,44.9574599646627]},"properties":{"kind":"vacant","city":"St. Paul","address":"198 CHARLES AVE","category":"2","dwellingType":"Multi-family Residential","vacantSince":"2022-12-19","ward":"1","neighborhood":"District 7","owner":null}},{"type":"Feature","geometry":{"type":"Point","coordinates":[-93.1376696962522,44.9576686936767]},"properties":{"kind":"vacant","city":"St. Paul","address":"887 CHARLES AVE","category":"3","dwellingType":"Single Family Residential","vacantSince":"2019-12-02","ward":"1","neighborhood":"District 7","owner":null}},{"type":"Feature","geometry":{"type":"Point","coordinates":[-93.1631786641684,44.9573197093364]},"properties":{"kind":"vacant","city":"St. Paul","address":"1484 CHARLES AVE","category":"2","dwellingType":"Single Family Residential","vacantSince":"2024-11-18","ward":"4","neighborhood":"District 11","owner":null}},{"type":"Feature","geometry":{"type":"Point","coordinates":[-93.1044191457924,44.9227873687663]},"properties":{"kind":"vacant","city":"St. Paul","address":"776 CHEROKEE AVE","category":"1","dwellingType":"Single Family Residential","vacantSince":"2024-03-11","ward":"2","neighborhood":"District 3","owner":null}},{"type":"Feature","geometry":{"type":"Point","coordinates":[-93.145651249461,44.9721268289953]},"properties":{"kind":"vacant","city":"St. Paul","address":"1029 CHURCHILL ST","category":"1","dwellingType":"Duplex","vacantSince":"2024-12-04","ward":"5","neighborhood":"District 10","owner":null}},{"type":"Feature","geometry":{"type":"Point","coordinates":[-93.187660806263,44.9345874663955]},"properties":{"kind":"vacant","city":"St. Paul","address":"235 CLEVELAND AVE S","category":"1","dwellingType":"Commercial","vacantSince":"2025-05-15","ward":"4","neighborhood":"District 14","owner":null}},{"type":"Feature","geometry":{"type":"Point","coordinates":[-93.1197808292075,44.9333810501017]},"properties":{"kind":"vacant","city":"St. Paul","address":"263 COLBORNE ST","category":"2","dwellingType":"Single Family Residential","vacantSince":"2024-03-21","ward":"2","neighborhood":"District 9","owner":null}},{"type":"Feature","geometry":{"type":"Point","coordinates":[-93.0873666329226,44.9350577923763]},"properties":{"kind":"vacant","city":"St. Paul","address":"53 COLORADO ST W","category":"1","dwellingType":"Single Family Residential","vacantSince":"2023-12-20","ward":"2","neighborhood":"District 3","owner":null}},{"type":"Feature","geometry":{"type":"Point","coordinates":[-93.1019340268932,44.9591041707955]},"properties":{"kind":"vacant","city":"St. Paul","address":"61 COMO AVE","category":"2","dwellingType":"Multi-family Residential","vacantSince":"2020-02-07","ward":"1","neighborhood":"District 7","owner":null}},{"type":"Feature","geometry":{"type":"Point","coordinates":[-93.119949428352,44.9668923125454]},"properties":{"kind":"vacant","city":"St. Paul","address":"463 COMO AVE","category":"2","dwellingType":"Commercial","vacantSince":"2021-05-25","ward":"1","neighborhood":"District 6","owner":null}},{"type":"Feature","geometry":{"type":"Point","coordinates":[-93.133770775235,44.9741125868962]},"properties":{"kind":"vacant","city":"St. Paul","address":"826 COMO AVE","category":"1","dwellingType":"Mixed Use","vacantSince":"2023-05-04","ward":"5","neighborhood":"District 10","owner":null}},{"type":"Feature","geometry":{"type":"Point","coordinates":[-93.1346198589075,44.9733344053436]},"properties":{"kind":"vacant","city":"St. Paul","address":"1067 COMO PLACE","category":"2","dwellingType":"Single Family Residential","vacantSince":"2018-04-16","ward":"5","neighborhood":"District 10","owner":null}},{"type":"Feature","geometry":{"type":"Point","coordinates":[-93.1351758019794,44.9747358891222]},"properties":{"kind":"vacant","city":"St. Paul","address":"1113 COMO PLACE","category":"2","dwellingType":"Duplex","vacantSince":"2020-06-02","ward":"5","neighborhood":"District 10","owner":null}},{"type":"Feature","geometry":{"type":"Point","coordinates":[-93.1695433241823,44.9510383383774]},"properties":{"kind":"vacant","city":"St. Paul","address":"1638 CONCORDIA AVE","category":"1","dwellingType":"Single Family Residential","vacantSince":"2024-09-09","ward":"4","neighborhood":"District 13","owner":null}},{"type":"Feature","geometry":{"type":"Point","coordinates":[-93.0704423433709,44.9537087314387]},"properties":{"kind":"vacant","city":"St. Paul","address":"658 CONWAY ST","category":"2","dwellingType":"Duplex","vacantSince":"2025-02-07","ward":"7","neighborhood":"District 4","owner":null}},{"type":"Feature","geometry":{"type":"Point","coordinates":[-93.0644172352129,44.9559551908112]},"properties":{"kind":"vacant","city":"St. Paul","address":"853 CONWAY ST","category":"2","dwellingType":"Single Family Residential","vacantSince":"2010-12-30","ward":"7","neighborhood":"District 4","owner":null}},{"type":"Feature","geometry":{"type":"Point","coordinates":[-93.0852403602887,44.9729299468475]},"properties":{"kind":"vacant","city":"St. Paul","address":"355 COOK AVE E","category":"2","dwellingType":"Duplex","vacantSince":"2023-06-29","ward":"5","neighborhood":"District 5","owner":null}},{"type":"Feature","geometry":{"type":"Point","coordinates":[-93.0715121033844,44.9730494348833]},"properties":{"kind":"vacant","city":"St. Paul","address":"693 COOK AVE E","category":"2","dwellingType":"Duplex","vacantSince":"2023-05-03","ward":"6","neighborhood":"District 5","owner":null}},{"type":"Feature","geometry":{"type":"Point","coordinates":[-93.0679390003236,44.9730851266154]},"properties":{"kind":"vacant","city":"St. Paul","address":"773 COOK AVE E","category":"2","dwellingType":"Single Family Residential","vacantSince":"2023-10-05","ward":"6","neighborhood":"District 5","owner":null}},{"type":"Feature","geometry":{"type":"Point","coordinates":[-93.1034247638519,44.9826635736332]},"properties":{"kind":"vacant","city":"St. Paul","address":"80 COTTAGE AVE W","category":"1","dwellingType":"Commercial","vacantSince":"2025-01-13","ward":"5","neighborhood":"District 6","owner":null}},{"type":"Feature","geometry":{"type":"Point","coordinates":[-93.1102233765722,44.982635321242]},"properties":{"kind":"vacant","city":"St. Paul","address":"240 COTTAGE AVE W","category":"2","dwellingType":"Single Family Residential","vacantSince":"2019-03-25","ward":"5","neighborhood":"District 6","owner":null}},{"type":"Feature","geometry":{"type":"Point","coordinates":[-93.1103925347636,44.9829635707449]},"properties":{"kind":"vacant","city":"St. Paul","address":"243 COTTAGE AVE W","category":"2","dwellingType":"Single Family Residential","vacantSince":"2024-03-19","ward":"5","neighborhood":"District 6","owner":null}},{"type":"Feature","geometry":{"type":"Point","coordinates":[-93.1116504049667,44.9829035455515]},"properties":{"kind":"vacant","city":"St. Paul","address":"273 COTTAGE AVE W","category":"2","dwellingType":"Single Family Residential","vacantSince":"2024-05-02","ward":"5","neighborhood":"District 6","owner":null}},{"type":"Feature","geometry":{"type":"Point","coordinates":[-93.1259789589364,44.9542050303453]},"properties":{"kind":"vacant","city":"St. Paul","address":"430 DALE ST N","category":"2","dwellingType":"Commercial","vacantSince":"2023-05-22","ward":"1","neighborhood":"District 8","owner":null}},{"type":"Feature","geometry":{"type":"Point","coordinates":[-93.1265452592194,44.9588170617123]},"properties":{"kind":"vacant","city":"St. Paul","address":"583 DALE ST N","category":"2","dwellingType":"Duplex","vacantSince":"2022-01-11","ward":"1","neighborhood":"District 7","owner":null}},{"type":"Feature","geometry":{"type":"Point","coordinates":[-93.1261202754924,44.9728087548818]},"properties":{"kind":"vacant","city":"St. Paul","address":"1048 DALE ST N","category":"1","dwellingType":"Single Family Residential","vacantSince":"2024-01-05","ward":"5","neighborhood":"District 6","owner":null}},{"type":"Feature","geometry":{"type":"Point","coordinates":[-93.1104617044614,44.9476782575134]},"properties":{"kind":"vacant","city":"St. Paul","address":"251 DAYTON AVE","category":"2","dwellingType":"Duplex","vacantSince":"2017-10-12","ward":"1","neighborhood":"District 8","owner":null}},{"type":"Feature","geometry":{"type":"Point","coordinates":[-93.1215519946265,44.9475114815171]},"properties":{"kind":"vacant","city":"St. Paul","address":"503 DAYTON AVE","category":"2","dwellingType":"Commercial","vacantSince":"2023-05-26","ward":"1","neighborhood":"District 8","owner":null}},{"type":"Feature","geometry":{"type":"Point","coordinates":[-93.1244926850783,44.9476298404051]},"properties":{"kind":"vacant","city":"St. Paul","address":"575 DAYTON AVE","category":"2","dwellingType":"Single Family Residential","vacantSince":"2023-08-11","ward":"1","neighborhood":"District 8","owner":null}},{"type":"Feature","geometry":{"type":"Point","coordinates":[-93.1558986725769,44.9476088465044]},"properties":{"kind":"vacant","city":"St. Paul","address":"1319 DAYTON AVE","category":"2","dwellingType":"Duplex","vacantSince":"2023-04-24","ward":"1","neighborhood":"District 13","owner":null}},{"type":"Feature","geometry":{"type":"Point","coordinates":[-93.0906164490881,44.9337793031736]},"properties":{"kind":"vacant","city":"St. Paul","address":"120 DELOS ST W","category":"2","dwellingType":"Single Family Residential","vacantSince":"2023-01-31","ward":"2","neighborhood":"District 3","owner":null}},{"type":"Feature","geometry":{"type":"Point","coordinates":[-93.080943318424,44.9822093397259]},"properties":{"kind":"vacant","city":"St. Paul","address":"1364 DESOTO ST","category":"1","dwellingType":"Single Family Residential","vacantSince":"2024-09-09","ward":"5","neighborhood":"District 5","owner":null}},{"type":"Feature","geometry":{"type":"Point","coordinates":[-93.1788670353873,44.9541179047891]},"properties":{"kind":"vacant","city":"St. Paul","address":"427 DEWEY ST","category":"2","dwellingType":"Duplex","vacantSince":"2023-01-17","ward":"4","neighborhood":"District 13","owner":null}},{"type":"Feature","geometry":{"type":"Point","coordinates":[-93.1112053113004,44.939947782222]},"properties":{"kind":"vacant","city":"St. Paul","address":"47 DOUGLAS ST","category":"2","dwellingType":"Single Family Residential","vacantSince":"2009-09-16","ward":"2","neighborhood":"District 9","owner":null}},{"type":"Feature","geometry":{"type":"Point","coordinates":[-93.0556302130616,44.9588550209016]},"properties":{"kind":"vacant","city":"St. Paul","address":"572 EARL ST","category":"2","dwellingType":"Commercial","vacantSince":"2018-08-20","ward":"7","neighborhood":"District 4","owner":null}},{"type":"Feature","geometry":{"type":"Point","coordinates":[-93.0557080820363,44.9606114410503]},"properties":{"kind":"vacant","city":"St. Paul","address":"636 EARL ST","category":"2","dwellingType":"Single Family Residential","vacantSince":"2023-11-08","ward":"7","neighborhood":"District 4","owner":null}},{"type":"Feature","geometry":{"type":"Point","coordinates":[-93.0556718210667,44.9699214868395]},"properties":{"kind":"vacant","city":"St. Paul","address":"948 EARL ST","category":"2","dwellingType":"Single Family Residential","vacantSince":"2024-06-04","ward":"6","neighborhood":"District 5","owner":null}},{"type":"Feature","geometry":{"type":"Point","coordinates":[-93.1498310246999,44.9276773882507]},"properties":{"kind":"vacant","city":"St. Paul","address":"1270 EDGCUMBE ROAD","category":"2","dwellingType":"Single Family Residential","vacantSince":"2024-07-23","ward":"3","neighborhood":"District 14","owner":null}},{"type":"Feature","geometry":{"type":"Point","coordinates":[-93.0763025833373,44.9751088341895]},"properties":{"kind":"vacant","city":"St. Paul","address":"1123 EDGERTON ST","category":"2","dwellingType":"Single Family Residential","vacantSince":"2023-11-22","ward":"5","neighborhood":"District 5","owner":null}},{"type":"Feature","geometry":{"type":"Point","coordinates":[-93.0759249496919,44.9758447834018]},"properties":{"kind":"vacant","city":"St. Paul","address":"1146 EDGERTON ST","category":"2","dwellingType":"Duplex","vacantSince":"2023-07-19","ward":"6","neighborhood":"District 5","owner":null}},{"type":"Feature","geometry":{"type":"Point","coordinates":[-93.0763339275139,44.977678949779]},"properties":{"kind":"vacant","city":"St. Paul","address":"1205 EDGERTON ST","category":"2","dwellingType":"Single Family Residential","vacantSince":"2023-12-11","ward":"5","neighborhood":"District 5","owner":null}},{"type":"Feature","geometry":{"type":"Point","coordinates":[-93.0758442075479,44.9781455238152]},"properties":{"kind":"vacant","city":"St. Paul","address":"1230 EDGERTON ST","category":"2","dwellingType":"Multi-family Residential","vacantSince":"2021-11-19","ward":"5","neighborhood":"District 5","owner":null}},{"type":"Feature","geometry":{"type":"Point","coordinates":[-93.0095181906708,44.9735797807]},"properties":{"kind":"vacant","city":"St. Paul","address":"1065 EDGEWATER BLVD","category":"2","dwellingType":"Single Family Residential","vacantSince":"2022-02-09","ward":"6","neighborhood":"District 2","owner":null}},{"type":"Feature","geometry":{"type":"Point","coordinates":[-93.1111974540349,44.9586568611611]},"properties":{"kind":"vacant","city":"St. Paul","address":"265 EDMUND AVE","category":"1","dwellingType":"Single Family Residential","vacantSince":"2024-09-16","ward":"1","neighborhood":"District 7","owner":null}},{"type":"Feature","geometry":{"type":"Point","coordinates":[-93.1292538538267,44.9583140896762]},"properties":{"kind":"vacant","city":"St. Paul","address":"686 EDMUND AVE","category":"2","dwellingType":"Single Family Residential","vacantSince":"2020-10-05","ward":"1","neighborhood":"District 7","owner":null}},{"type":"Feature","geometry":{"type":"Point","coordinates":[-93.1293929847259,44.9583143993935]},"properties":{"kind":"vacant","city":"St. Paul","address":"690 EDMUND AVE UNIT 1","category":"2","dwellingType":"Single Family Residential","vacantSince":"2024-02-16","ward":"1","neighborhood":"District 7","owner":null}},{"type":"Feature","geometry":{"type":"Point","coordinates":[-93.1355619665563,44.9585713319282]},"properties":{"kind":"vacant","city":"St. Paul","address":"839 EDMUND AVE","category":"2","dwellingType":"Single Family Residential","vacantSince":"2022-06-09","ward":"1","neighborhood":"District 7","owner":null}},{"type":"Feature","geometry":{"type":"Point","coordinates":[-93.1360660025096,44.9582630649768]},"properties":{"kind":"vacant","city":"St. Paul","address":"852 EDMUND AVE","category":"2","dwellingType":"Duplex","vacantSince":"2023-12-28","ward":"1","neighborhood":"District 7","owner":null}},{"type":"Feature","geometry":{"type":"Point","coordinates":[-93.1519348552787,44.9585776228733]},"properties":{"kind":"vacant","city":"St. Paul","address":"1221 EDMUND AVE","category":"2","dwellingType":"Single Family Residential","vacantSince":"2025-01-24","ward":"4","neighborhood":"District 11","owner":null}},{"type":"Feature","geometry":{"type":"Point","coordinates":[-93.1701043712993,44.9585211992386]},"properties":{"kind":"vacant","city":"St. Paul","address":"1649 EDMUND AVE","category":"2","dwellingType":"Single Family Residential","vacantSince":"2024-12-12","ward":"4","neighborhood":"District 11","owner":null}},{"type":"Feature","geometry":{"type":"Point","coordinates":[-93.1702429432929,44.9582175239871]},"properties":{"kind":"vacant","city":"St. Paul","address":"1654 EDMUND AVE","category":"2","dwellingType":"Single Family Residential","vacantSince":"2022-04-22","ward":"4","neighborhood":"District 11","owner":null}},{"type":"Feature","geometry":{"type":"Point","coordinates":[-93.1121575271032,44.9602299923624]},"properties":{"kind":"vacant","city":"St. Paul","address":"629 ELFELT ST","category":"2","dwellingType":"Single Family Residential","vacantSince":"2023-05-05","ward":"1","neighborhood":"District 7","owner":null}},{"type":"Feature","geometry":{"type":"Point","coordinates":[-93.0829279435406,44.9269582085198]},"properties":{"kind":"vacant","city":"St. Paul","address":"52 ELIZABETH ST E","category":"1","dwellingType":"Single Family Residential","vacantSince":"2025-02-10","ward":"2","neighborhood":"District 3","owner":null}},{"type":"Feature","geometry":{"type":"Point","coordinates":[-93.1005138279262,44.9629011320698]},"properties":{"kind":"vacant","city":"St. Paul","address":"27 EMPIRE DRIVE","category":"3","dwellingType":"Commercial","vacantSince":"2013-02-04","ward":"1","neighborhood":"District 7","owner":null}},{"type":"Feature","geometry":{"type":"Point","coordinates":[-93.1749065347732,44.9638830164383]},"properties":{"kind":"vacant","city":"St. Paul","address":"1762 ENGLEWOOD AVE","category":"2","dwellingType":"Multi-family Residential","vacantSince":"2021-12-27","ward":"4","neighborhood":"District 11","owner":null}},{"type":"Feature","geometry":{"type":"Point","coordinates":[-93.0660923233117,44.9540655968236]},"properties":{"kind":"vacant","city":"St. Paul","address":"720 EUCLID ST","category":"2","dwellingType":"Single Family Residential","vacantSince":"2019-10-16","ward":"7","neighborhood":"District 4","owner":null}},{"type":"Feature","geometry":{"type":"Point","coordinates":[-93.0650233028612,44.9546320013564]},"properties":{"kind":"vacant","city":"St. Paul","address":"742 EUCLID ST","category":"2","dwellingType":"Single Family Residential","vacantSince":"2016-12-22","ward":"7","neighborhood":"District 4","owner":null}},{"type":"Feature","geometry":{"type":"Point","coordinates":[-93.0645243106976,44.9548237314341]},"properties":{"kind":"vacant","city":"St. Paul","address":"854 EUCLID ST","category":"2","dwellingType":"Single Family Residential","vacantSince":"2021-05-11","ward":"7","neighborhood":"District 4","owner":null}},{"type":"Feature","geometry":{"type":"Point","coordinates":[-93.0644067606134,44.9545500176306]},"properties":{"kind":"vacant","city":"St. Paul","address":"856 EUCLID ST","category":"2","dwellingType":"Single Family Residential","vacantSince":"2023-07-12","ward":"7","neighborhood":"District 4","owner":null}},{"type":"Feature","geometry":{"type":"Point","coordinates":[-93.0988073538106,44.9494672393529]},"properties":{"kind":"vacant","city":"St. Paul","address":"17 EXCHANGE ST W","category":"2","dwellingType":"Commercial","vacantSince":"2022-12-02","ward":"2","neighborhood":"District 17","owner":null}},{"type":"Feature","geometry":{"type":"Point","coordinates":[-93.177063734111,44.9595445689819]},"properties":{"kind":"vacant","city":"St. Paul","address":"610 FAIRVIEW AVE N","category":"1","dwellingType":"Single Family Residential","vacantSince":"2024-12-04","ward":"4","neighborhood":"District 11","owner":null}},{"type":"Feature","geometry":{"type":"Point","coordinates":[-93.1138156276515,44.9799514725808]},"properties":{"kind":"vacant","city":"St. Paul","address":"1287 FARRINGTON ST","category":"2","dwellingType":"Single Family Residential","vacantSince":"2024-10-03","ward":"5","neighborhood":"District 6","owner":null}},{"type":"Feature","geometry":{"type":"Point","coordinates":[-93.1349968495547,44.9499666906099]},"properties":{"kind":"vacant","city":"St. Paul","address":"291 FISK ST","category":"2","dwellingType":"Single Family Residential","vacantSince":"2023-05-03","ward":"1","neighborhood":"District 8","owner":null}},{"type":"Feature","geometry":{"type":"Point","coordinates":[-93.0276123275061,44.9752364064767]},"properties":{"kind":"vacant","city":"St. Paul","address":"1120 FLANDRAU ST","category":"2","dwellingType":"Single Family Residential","vacantSince":"2025-06-13","ward":"6","neighborhood":"District 2","owner":null}},{"type":"Feature","geometry":{"type":"Point","coordinates":[-93.1787862581661,44.9181655235918]},"properties":{"kind":"vacant","city":"St. Paul","address":"1857 FORD PKWY","category":"1","dwellingType":"Single Family Residential","vacantSince":"2024-09-09","ward":"3","neighborhood":"District 15","owner":null}},{"type":"Feature","geometry":{"type":"Point","coordinates":[-93.0610327412199,44.9553173605969]},"properties":{"kind":"vacant","city":"St. Paul","address":"463 FOREST ST","category":"1","dwellingType":"Single Family Residential","vacantSince":"2024-06-14","ward":"7","neighborhood":"District 4","owner":null}},{"type":"Feature","geometry":{"type":"Point","coordinates":[-93.0607156708404,44.9707879541107]},"properties":{"kind":"vacant","city":"St. Paul","address":"976 FOREST ST","category":"1","dwellingType":"Single Family Residential","vacantSince":"2025-04-08","ward":"6","neighborhood":"District 5","owner":null}},{"type":"Feature","geometry":{"type":"Point","coordinates":[-93.0610178009656,44.9771474250248]},"properties":{"kind":"vacant","city":"St. Paul","address":"1187 FOREST ST","category":"2","dwellingType":"Single Family Residential","vacantSince":"2022-06-16","ward":"6","neighborhood":"District 5","owner":null}},{"type":"Feature","geometry":{"type":"Point","coordinates":[-93.0603970297587,44.9577623353993]},"properties":{"kind":"vacant","city":"St. Paul","address":"947 FREMONT AVE","category":"3","dwellingType":"Single Family Residential","vacantSince":"2018-01-18","ward":"7","neighborhood":"District 4","owner":null}},{"type":"Feature","geometry":{"type":"Point","coordinates":[-93.1411612944685,44.9703465224742]},"properties":{"kind":"vacant","city":"St. Paul","address":"973 FRONT AVE","category":"2","dwellingType":"Single Family Residential","vacantSince":"2025-01-13","ward":"5","neighborhood":"District 10","owner":null}},{"type":"Feature","geometry":{"type":"Point","coordinates":[-93.1698323278647,44.9626252555751]},"properties":{"kind":"vacant","city":"St. Paul","address":"715 FRY ST","category":"1","dwellingType":"Single Family Residential","vacantSince":"2024-06-25","ward":"4","neighborhood":"District 11","owner":null}},{"type":"Feature","geometry":{"type":"Point","coordinates":[-93.1341741713685,44.9537282284566]},"properties":{"kind":"vacant","city":"St. Paul","address":"802 FULLER AVE","category":"2","dwellingType":"Single Family Residential","vacantSince":"2021-08-06","ward":"1","neighborhood":"District 8","owner":null}},{"type":"Feature","geometry":{"type":"Point","coordinates":[-93.1386983704588,44.9537800268208]},"properties":{"kind":"vacant","city":"St. Paul","address":"914 FULLER AVE","category":"2","dwellingType":"Single Family Residential","vacantSince":"2023-05-04","ward":"1","neighborhood":"District 8","owner":null}},{"type":"Feature","geometry":{"type":"Point","coordinates":[-93.1108354509432,44.9767205726154]},"properties":{"kind":"vacant","city":"St. Paul","address":"1178 GALTIER ST","category":"1","dwellingType":"Duplex","vacantSince":"2025-04-04","ward":"5","neighborhood":"District 6","owner":null}},{"type":"Feature","geometry":{"type":"Point","coordinates":[-93.1111981151053,44.9834393597753]},"properties":{"kind":"vacant","city":"St. Paul","address":"1403 GALTIER ST","category":"2","dwellingType":"Single Family Residential","vacantSince":"2024-06-13","ward":"5","neighborhood":"District 6","owner":null}},{"type":"Feature","geometry":{"type":"Point","coordinates":[-93.111171252938,44.9838054676958]},"properties":{"kind":"vacant","city":"St. Paul","address":"1415 GALTIER ST","category":"1","dwellingType":"Single Family Residential","vacantSince":"2023-05-15","ward":"5","neighborhood":"District 6","owner":null}},{"type":"Feature","geometry":{"type":"Point","coordinates":[-93.0803333202678,44.9754107167632]},"properties":{"kind":"vacant","city":"St. Paul","address":"480 GERANIUM AVE E","category":"2","dwellingType":"Duplex","vacantSince":"2024-11-26","ward":"5","neighborhood":"District 5","owner":null}},{"type":"Feature","geometry":{"type":"Point","coordinates":[-93.0725849615846,44.9757996605742]},"properties":{"kind":"vacant","city":"St. Paul","address":"661 GERANIUM AVE E","category":"1","dwellingType":"Duplex","vacantSince":"2025-06-18","ward":"6","neighborhood":"District 5","owner":null}},{"type":"Feature","geometry":{"type":"Point","coordinates":[-93.1083382799789,44.9379667269552]},"properties":{"kind":"vacant","city":"St. Paul","address":"195 GOODRICH AVE","category":"3","dwellingType":"Single Family Residential","vacantSince":"2021-10-25","ward":"2","neighborhood":"District 9","owner":null}},{"type":"Feature","geometry":{"type":"Point","coordinates":[-93.1146623171126,44.9379837883635]},"properties":{"kind":"vacant","city":"St. Paul","address":"345 GOODRICH AVE","category":"2","dwellingType":"Single Family Residential","vacantSince":"2016-05-18","ward":"2","neighborhood":"District 9","owner":null}},{"type":"Feature","geometry":{"type":"Point","coordinates":[-93.1549512391407,44.9398524881197]},"properties":{"kind":"vacant","city":"St. Paul","address":"1294 GRAND AVE","category":"2","dwellingType":"Single Family Residential","vacantSince":"2024-12-31","ward":"3","neighborhood":"District 14","owner":null}},{"type":"Feature","geometry":{"type":"Point","coordinates":[-93.0961240589567,44.9659224046651]},"properties":{"kind":"vacant","city":"St. Paul","address":"104 GRANITE ST","category":"2","dwellingType":"Duplex","vacantSince":"2022-10-03","ward":"1","neighborhood":"District 6","owner":null}},{"type":"Feature","geometry":{"type":"Point","coordinates":[-93.0936003827377,44.9663018783674]},"properties":{"kind":"vacant","city":"St. Paul","address":"159 GRANITE ST","category":"2","dwellingType":"Single Family Residential","vacantSince":"2022-05-16","ward":"1","neighborhood":"District 6","owner":null}},{"type":"Feature","geometry":{"type":"Point","coordinates":[-93.093387634878,44.9662048905547]},"properties":{"kind":"vacant","city":"St. Paul","address":"167 GRANITE ST","category":"1","dwellingType":"Single Family Residential","vacantSince":"2024-04-17","ward":"1","neighborhood":"District 6","owner":null}},{"type":"Feature","geometry":{"type":"Point","coordinates":[-93.0920725726029,44.9659902305152]},"properties":{"kind":"vacant","city":"St. Paul","address":"198 GRANITE ST","category":"2","dwellingType":"Single Family Residential","vacantSince":"2023-11-07","ward":"1","neighborhood":"District 6","owner":null}},{"type":"Feature","geometry":{"type":"Point","coordinates":[-93.0709063679016,44.9617432910661]},"properties":{"kind":"vacant","city":"St. Paul","address":"680 GREENBRIER ST","category":"2","dwellingType":"Mixed Use","vacantSince":"2024-05-10","ward":"7","neighborhood":"District 4","owner":null}},{"type":"Feature","geometry":{"type":"Point","coordinates":[-93.0709280524501,44.9893681795911]},"properties":{"kind":"vacant","city":"St. Paul","address":"1592 GREENBRIER ST","category":"2","dwellingType":"Single Family Residential","vacantSince":"2025-03-25","ward":"5","neighborhood":"District 5","owner":null}},{"type":"Feature","geometry":{"type":"Point","coordinates":[-93.1312401699836,44.9480278024959]},"properties":{"kind":"vacant","city":"St. Paul","address":"224 GROTTO ST N","category":"2","dwellingType":"Single Family Residential","vacantSince":"2011-05-17","ward":"1","neighborhood":"District 8","owner":null}},{"type":"Feature","geometry":{"type":"Point","coordinates":[-93.1312376558915,44.9564259823306]},"properties":{"kind":"vacant","city":"St. Paul","address":"500 GROTTO ST N","category":"2","dwellingType":"Duplex","vacantSince":"2025-03-24","ward":"1","neighborhood":"District 7","owner":null}},{"type":"Feature","geometry":{"type":"Point","coordinates":[-93.156689934221,44.9590642521301]},"properties":{"kind":"vacant","city":"St. Paul","address":"600 HAMLINE AVE N","category":"1","dwellingType":"Commercial","vacantSince":"2024-05-02","ward":"4","neighborhood":"District 11","owner":null}},{"type":"Feature","geometry":{"type":"Point","coordinates":[-93.1569818913952,44.9625696678504]},"properties":{"kind":"vacant","city":"St. Paul","address":"709 HAMLINE AVE N","category":"2","dwellingType":"Duplex","vacantSince":"2024-10-08","ward":"4","neighborhood":"District 11","owner":null}},{"type":"Feature","geometry":{"type":"Point","coordinates":[-93.1564573052681,44.9861627644945]},"properties":{"kind":"vacant","city":"St. Paul","address":"1496 HAMLINE AVE N","category":"2","dwellingType":"Single Family Residential","vacantSince":"2024-04-17","ward":"5","neighborhood":"District 10","owner":null}},{"type":"Feature","geometry":{"type":"Point","coordinates":[-93.1250413986232,44.9709228589511]},"properties":{"kind":"vacant","city":"St. Paul","address":"588 HATCH AVE","category":"1","dwellingType":"Multi-family Residential","vacantSince":"2025-04-08","ward":"5","neighborhood":"District 6","owner":null}},{"type":"Feature","geometry":{"type":"Point","coordinates":[-93.0697469112183,44.9785197832885]},"properties":{"kind":"vacant","city":"St. Paul","address":"729 HAWTHORNE AVE E","category":"1","dwellingType":"Single Family Residential","vacantSince":"2022-12-07","ward":"6","neighborhood":"District 5","owner":null}},{"type":"Feature","geometry":{"type":"Point","coordinates":[-93.0123272302374,44.9788407694687]},"properties":{"kind":"vacant","city":"St. Paul","address":"2078 HAWTHORNE AVE E","category":"1","dwellingType":"Single Family Residential","vacantSince":"2023-05-02","ward":"6","neighborhood":"District 2","owner":null}},{"type":"Feature","geometry":{"type":"Point","coordinates":[-93.1584147726846,44.9667004274296]},"properties":{"kind":"vacant","city":"St. Paul","address":"1377 HEWITT AVE","category":"2","dwellingType":"Single Family Residential","vacantSince":"2024-06-05","ward":"4","neighborhood":"District 11","owner":null}},{"type":"Feature","geometry":{"type":"Point","coordinates":[-93.1902682988938,44.9199678768017]},"properties":{"kind":"vacant","city":"St. Paul","address":"2125 HIGHLAND PKWY","category":"2","dwellingType":"Single Family Residential","vacantSince":"2023-08-03","ward":"3","neighborhood":"District 15","owner":null}},{"type":"Feature","geometry":{"type":"Point","coordinates":[-93.0330617362284,44.988194953565]},"properties":{"kind":"vacant","city":"St. Paul","address":"1596 HOYT AVE E","category":"2","dwellingType":"Single Family Residential","vacantSince":"2016-04-21","ward":"6","neighborhood":"District 2","owner":null}},{"type":"Feature","geometry":{"type":"Point","coordinates":[-93.0789149464548,44.9893217589333]},"properties":{"kind":"vacant","city":"St. Paul","address":"517 IOWA AVE E","category":"2","dwellingType":"Single Family Residential","vacantSince":"2023-11-08","ward":"5","neighborhood":"District 5","owner":null}},{"type":"Feature","geometry":{"type":"Point","coordinates":[-93.0781795019902,44.9890079922222]},"properties":{"kind":"vacant","city":"St. Paul","address":"536 IOWA AVE E","category":"2","dwellingType":"Single Family Residential","vacantSince":"2008-06-24","ward":"5","neighborhood":"District 5","owner":null}},{"type":"Feature","geometry":{"type":"Point","coordinates":[-93.0703127417262,44.9890776420434]},"properties":{"kind":"vacant","city":"St. Paul","address":"720 IOWA AVE E","category":"1","dwellingType":"Single Family Residential","vacantSince":"2025-05-22","ward":"5","neighborhood":"District 5","owner":null}},{"type":"Feature","geometry":{"type":"Point","coordinates":[-93.0959476516461,44.9677114823813]},"properties":{"kind":"vacant","city":"St. Paul","address":"880 JACKSON ST","category":"2","dwellingType":"Single Family Residential","vacantSince":"2024-09-20","ward":"1","neighborhood":"District 6","owner":null}},{"type":"Feature","geometry":{"type":"Point","coordinates":[-93.0965964865232,44.9751505971979]},"properties":{"kind":"vacant","city":"St. Paul","address":"1133 JACKSON ST","category":"1","dwellingType":"Single Family Residential","vacantSince":"2023-12-06","ward":"5","neighborhood":"District 6","owner":null}},{"type":"Feature","geometry":{"type":"Point","coordinates":[-93.1166079035188,44.9285555463178]},"properties":{"kind":"vacant","city":"St. Paul","address":"395 JAMES AVE","category":"1","dwellingType":"Commercial","vacantSince":"2023-06-21","ward":"2","neighborhood":"District 9","owner":null}},{"type":"Feature","geometry":{"type":"Point","coordinates":[-93.132614578614,44.9275923434771]},"properties":{"kind":"vacant","city":"St. Paul","address":"776 JAMES AVE","category":"1","dwellingType":"Single Family Residential","vacantSince":"2025-05-27","ward":"2","neighborhood":"District 9","owner":null}},{"type":"Feature","geometry":{"type":"Point","coordinates":[-93.0878528993115,44.9711642625386]},"properties":{"kind":"vacant","city":"St. Paul","address":"297 JENKS AVE","category":"2","dwellingType":"Duplex","vacantSince":"2024-03-05","ward":"5","neighborhood":"District 5","owner":null}},{"type":"Feature","geometry":{"type":"Point","coordinates":[-93.0856612827911,44.9708752601769]},"properties":{"kind":"vacant","city":"St. Paul","address":"350 JENKS AVE","category":"2","dwellingType":"Single Family Residential","vacantSince":"2024-08-02","ward":"5","neighborhood":"District 5","owner":null}},{"type":"Feature","geometry":{"type":"Point","coordinates":[-93.0683857764016,44.9710443531193]},"properties":{"kind":"vacant","city":"St. Paul","address":"762 JENKS AVE","category":"1","dwellingType":"Single Family Residential","vacantSince":"2024-10-11","ward":"6","neighborhood":"District 5","owner":null}},{"type":"Feature","geometry":{"type":"Point","coordinates":[-93.0829152568574,44.9744749662261]},"properties":{"kind":"vacant","city":"St. Paul","address":"422 JESSAMINE AVE E","category":"2","dwellingType":"Duplex","vacantSince":"2017-09-28","ward":"5","neighborhood":"District 5","owner":null}},{"type":"Feature","geometry":{"type":"Point","coordinates":[-93.0722733097237,44.9745138796599]},"properties":{"kind":"vacant","city":"St. Paul","address":"668 JESSAMINE AVE E","category":"2","dwellingType":"Single Family Residential","vacantSince":"2022-10-21","ward":"6","neighborhood":"District 5","owner":null}},{"type":"Feature","geometry":{"type":"Point","coordinates":[-93.1512207552825,44.9261781347738]},"properties":{"kind":"vacant","city":"St. Paul","address":"1211 JUNO AVE","category":"2","dwellingType":"Single Family Residential","vacantSince":"2024-03-13","ward":"3","neighborhood":"District 15","owner":null}},{"type":"Feature","geometry":{"type":"Point","coordinates":[-93.0764195543052,44.9512109579835]},"properties":{"kind":"vacant","city":"St. Paul","address":"0 KELLOGG BLVD E","category":"2","dwellingType":"Commercial","vacantSince":"2013-01-11","ward":"2","neighborhood":"District 4","owner":null}},{"type":"Feature","geometry":{"type":"Point","coordinates":[-93.090700517054,44.9278056071371]},"properties":{"kind":"vacant","city":"St. Paul","address":"124 KING ST W","category":"2","dwellingType":"Single Family Residential","vacantSince":"2022-06-28","ward":"2","neighborhood":"District 3","owner":null}},{"type":"Feature","geometry":{"type":"Point","coordinates":[-93.1891700637517,44.9798352672902]},"properties":{"kind":"vacant","city":"St. Paul","address":"2101 KNAPP ST","category":"2","dwellingType":"Multi-family Residential","vacantSince":"2011-10-06","ward":"4","neighborhood":"District 12","owner":null}},{"type":"Feature","geometry":{"type":"Point","coordinates":[-93.1110072593925,44.9605193813442]},"properties":{"kind":"vacant","city":"St. Paul","address":"257 LAFOND AVE","category":"2","dwellingType":"Single Family Residential","vacantSince":"2019-07-18","ward":"1","neighborhood":"District 7","owner":null}},{"type":"Feature","geometry":{"type":"Point","coordinates":[-93.1256950635781,44.9601009027147]},"properties":{"kind":"vacant","city":"St. Paul","address":"606 LAFOND AVE","category":"2","dwellingType":"Duplex","vacantSince":"2023-10-11","ward":"1","neighborhood":"District 7","owner":null}},{"type":"Feature","geometry":{"type":"Point","coordinates":[-93.1481714979284,44.9601205988061]},"properties":{"kind":"vacant","city":"St. Paul","address":"1136 LAFOND AVE","category":"2","dwellingType":"Single Family Residential","vacantSince":"2016-02-11","ward":"4","neighborhood":"District 11","owner":null}},{"type":"Feature","geometry":{"type":"Point","coordinates":[-93.1148800609081,44.9658065957182]},"properties":{"kind":"vacant","city":"St. Paul","address":"353 LARCH ST","category":"2","dwellingType":"Commercial","vacantSince":"2022-01-10","ward":"1","neighborhood":"District 6","owner":null}},{"type":"Feature","geometry":{"type":"Point","coordinates":[-93.1198693439179,44.9452345345048]},"properties":{"kind":"vacant","city":"St. Paul","address":"466 LAUREL AVE","category":"3","dwellingType":"Single Family Residential","vacantSince":"2000-05-03","ward":"1","neighborhood":"District 8","owner":null}},{"type":"Feature","geometry":{"type":"Point","coordinates":[-93.1427131709482,44.9447902355747]},"properties":{"kind":"vacant","city":"St. Paul","address":"1006 LAUREL AVE","category":"2","dwellingType":"Single Family Residential","vacantSince":"2023-08-21","ward":"1","neighborhood":"District 8","owner":null}},{"type":"Feature","geometry":{"type":"Point","coordinates":[-93.1639317783199,44.9448355026343]},"properties":{"kind":"vacant","city":"St. Paul","address":"1510 LAUREL AVE","category":"3","dwellingType":"Single Family Residential","vacantSince":"2022-03-07","ward":"1","neighborhood":"District 13","owner":null}},{"type":"Feature","geometry":{"type":"Point","coordinates":[-93.0724305778935,44.9717889937522]},"properties":{"kind":"vacant","city":"St. Paul","address":"662 LAWSON AVE E","category":"2","dwellingType":"Duplex","vacantSince":"2023-04-07","ward":"6","neighborhood":"District 5","owner":null}},{"type":"Feature","geometry":{"type":"Point","coordinates":[-93.0654744809287,44.9722335580775]},"properties":{"kind":"vacant","city":"St. Paul","address":"829 LAWSON AVE E","category":"2","dwellingType":"Single Family Residential","vacantSince":"2020-08-31","ward":"6","neighborhood":"District 5","owner":null}},{"type":"Feature","geometry":{"type":"Point","coordinates":[-93.1075123367062,44.9385305958138]},"properties":{"kind":"vacant","city":"St. Paul","address":"96 LEECH ST","category":"2","dwellingType":"Single Family Residential","vacantSince":"2025-02-04","ward":"2","neighborhood":"District 9","owner":null}},{"type":"Feature","geometry":{"type":"Point","coordinates":[-93.1462861148264,44.9463950008658]},"properties":{"kind":"vacant","city":"St. Paul","address":"168 LEXINGTON PKWY N","category":"1","dwellingType":"Single Family Residential","vacantSince":"2024-01-04","ward":"1","neighborhood":"District 8","owner":null}},{"type":"Feature","geometry":{"type":"Point","coordinates":[-93.1468018133429,44.9355110669365]},"properties":{"kind":"vacant","city":"St. Paul","address":"197 LEXINGTON PKWY S","category":"2","dwellingType":"Single Family Residential","vacantSince":"2020-07-27","ward":"2","neighborhood":"District 16","owner":null}},{"type":"Feature","geometry":{"type":"Point","coordinates":[-93.1345668345757,44.9390188986971]},"properties":{"kind":"vacant","city":"St. Paul","address":"815 LINCOLN AVE","category":"2","dwellingType":"Single Family Residential","vacantSince":"2023-05-31","ward":"2","neighborhood":"District 16","owner":null}},{"type":"Feature","geometry":{"type":"Point","coordinates":[-93.1489291479225,44.9387466890047]},"properties":{"kind":"vacant","city":"St. Paul","address":"1156 LINCOLN AVE","category":"3","dwellingType":"Duplex","vacantSince":"2023-02-02","ward":"2","neighborhood":"District 16","owner":null}},{"type":"Feature","geometry":{"type":"Point","coordinates":[-93.0120382726336,44.9324222549112]},"properties":{"kind":"vacant","city":"St. Paul","address":"2081 LONDIN LANE","category":"2","dwellingType":"Single Family Residential","vacantSince":"2023-08-22","ward":"7","neighborhood":"District 1","owner":null}},{"type":"Feature","geometry":{"type":"Point","coordinates":[-93.105034046154,44.9656847769784]},"properties":{"kind":"vacant","city":"St. Paul","address":"119 LYTON PLACE","category":"2","dwellingType":"Mixed Use","vacantSince":"2018-06-11","ward":"1","neighborhood":"District 6","owner":null}},{"type":"Feature","geometry":{"type":"Point","coordinates":[-93.1050873819612,44.9654738153626]},"properties":{"kind":"vacant","city":"St. Paul","address":"120 LYTON PLACE","category":"2","dwellingType":"Single Family Residential","vacantSince":"2024-03-14","ward":"1","neighborhood":"District 6","owner":null}},{"type":"Feature","geometry":{"type":"Point","coordinates":[-93.0721420858895,44.9737148941319]},"properties":{"kind":"vacant","city":"St. Paul","address":"674 MAGNOLIA AVE E","category":"3","dwellingType":"Duplex","vacantSince":"2023-04-14","ward":"6","neighborhood":"District 5","owner":null}},{"type":"Feature","geometry":{"type":"Point","coordinates":[-93.0683988598917,44.9737383606475]},"properties":{"kind":"vacant","city":"St. Paul","address":"760 MAGNOLIA AVE E","category":"2","dwellingType":"Single Family Residential","vacantSince":"2024-05-31","ward":"6","neighborhood":"District 5","owner":null}},{"type":"Feature","geometry":{"type":"Point","coordinates":[-93.0614742684055,44.9740334989786]},"properties":{"kind":"vacant","city":"St. Paul","address":"925 MAGNOLIA AVE E","category":"3","dwellingType":"Duplex","vacantSince":"2010-06-29","ward":"6","neighborhood":"District 5","owner":null}},{"type":"Feature","geometry":{"type":"Point","coordinates":[-93.0524671065288,44.9740579415257]},"properties":{"kind":"vacant","city":"St. Paul","address":"1135 MAGNOLIA AVE E","category":"2","dwellingType":"Single Family Residential","vacantSince":"2024-03-19","ward":"6","neighborhood":"District 5","owner":null}},{"type":"Feature","geometry":{"type":"Point","coordinates":[-93.1021593649557,44.9684624643808]},"properties":{"kind":"vacant","city":"St. Paul","address":"55 MANITOBA AVE","category":"2","dwellingType":"Duplex","vacantSince":"2007-06-01","ward":"1","neighborhood":"District 6","owner":null}},{"type":"Feature","geometry":{"type":"Point","coordinates":[-93.1049777757247,44.9682095492005]},"properties":{"kind":"vacant","city":"St. Paul","address":"118 MANITOBA AVE","category":"2","dwellingType":"Duplex","vacantSince":"2014-08-12","ward":"1","neighborhood":"District 6","owner":null}},{"type":"Feature","geometry":{"type":"Point","coordinates":[-93.0685597261395,44.958296233564]},"properties":{"kind":"vacant","city":"St. Paul","address":"364 MAPLE ST","category":"2","dwellingType":"Single Family Residential","vacantSince":"2008-12-24","ward":"7","neighborhood":"District 4","owner":null}},{"type":"Feature","geometry":{"type":"Point","coordinates":[-93.0655879070655,44.9613555311517]},"properties":{"kind":"vacant","city":"St. Paul","address":"823 MARGARET ST","category":"2","dwellingType":"Single Family Residential","vacantSince":"2024-11-20","ward":"7","neighborhood":"District 4","owner":null}},{"type":"Feature","geometry":{"type":"Point","coordinates":[-93.0638392491663,44.9610975659578]},"properties":{"kind":"vacant","city":"St. Paul","address":"874 MARGARET ST","category":"1","dwellingType":"Single Family Residential","vacantSince":"2025-01-09","ward":"7","neighborhood":"District 4","owner":null}},{"type":"Feature","geometry":{"type":"Point","coordinates":[-93.0578931641859,44.9615206961972]},"properties":{"kind":"vacant","city":"St. Paul","address":"1011 MARGARET ST","category":"2","dwellingType":"Duplex","vacantSince":"2022-03-25","ward":"7","neighborhood":"District 4","owner":null}},{"type":"Feature","geometry":{"type":"Point","coordinates":[-93.0475686471024,44.9615014857459]},"properties":{"kind":"vacant","city":"St. Paul","address":"1253 MARGARET ST","category":"1","dwellingType":"Duplex","vacantSince":"2024-04-02","ward":"7","neighborhood":"District 4","owner":null}},{"type":"Feature","geometry":{"type":"Point","coordinates":[-93.1095326908762,44.9781296202751]},"properties":{"kind":"vacant","city":"St. Paul","address":"1226 MARION ST","category":"1","dwellingType":"Single Family Residential","vacantSince":"2024-04-10","ward":"5","neighborhood":"District 6","owner":null}},{"type":"Feature","geometry":{"type":"Point","coordinates":[-93.1094570048021,44.9883536043357]},"properties":{"kind":"vacant","city":"St. Paul","address":"1562 MARION ST","category":"1","dwellingType":"Single Family Residential","vacantSince":"2025-05-02","ward":"5","neighborhood":"District 6","owner":null}},{"type":"Feature","geometry":{"type":"Point","coordinates":[-93.1129912945103,44.9480626507839]},"properties":{"kind":"vacant","city":"St. Paul","address":"310 MARSHALL AVE","category":"1","dwellingType":"Duplex","vacantSince":"2024-04-10","ward":"1","neighborhood":"District 8","owner":null}},{"type":"Feature","geometry":{"type":"Point","coordinates":[-93.1397594181932,44.9483235352359]},"properties":{"kind":"vacant","city":"St. Paul","address":"936 MARSHALL AVE","category":"2","dwellingType":"Single Family Residential","vacantSince":"2010-04-28","ward":"1","neighborhood":"District 8","owner":null}},{"type":"Feature","geometry":{"type":"Point","coordinates":[-93.0915090347114,44.9794994785298]},"properties":{"kind":"vacant","city":"St. Paul","address":"245 MARYLAND AVE E","category":"2","dwellingType":"Commercial","vacantSince":"2020-01-02","ward":"5","neighborhood":"District 6","owner":null}},{"type":"Feature","geometry":{"type":"Point","coordinates":[-93.077898778989,44.9775579858713]},"properties":{"kind":"vacant","city":"St. Paul","address":"535 MARYLAND AVE E","category":"2","dwellingType":"Single Family Residential","vacantSince":"2024-12-10","ward":"5","neighborhood":"District 5","owner":null}},{"type":"Feature","geometry":{"type":"Point","coordinates":[-93.0688412961719,44.9776262372501]},"properties":{"kind":"vacant","city":"St. Paul","address":"749 MARYLAND AVE E","category":"2","dwellingType":"Single Family Residential","vacantSince":"2024-11-15","ward":"6","neighborhood":"District 5","owner":null}},{"type":"Feature","geometry":{"type":"Point","coordinates":[-93.0663269907064,44.9773576106399]},"properties":{"kind":"vacant","city":"St. Paul","address":"810 MARYLAND AVE E","category":"2","dwellingType":"Commercial","vacantSince":"2023-04-24","ward":"6","neighborhood":"District 5","owner":null}},{"type":"Feature","geometry":{"type":"Point","coordinates":[-93.0624333064703,44.9777337656272]},"properties":{"kind":"vacant","city":"St. Paul","address":"905 MARYLAND AVE E","category":"1","dwellingType":"Commercial","vacantSince":"2024-08-09","ward":"6","neighborhood":"District 5","owner":null}},{"type":"Feature","geometry":{"type":"Point","coordinates":[-93.0610677204265,44.9776249713116]},"properties":{"kind":"vacant","city":"St. Paul","address":"935 MARYLAND AVE E","category":"2","dwellingType":"Mixed Use","vacantSince":"2025-06-05","ward":"6","neighborhood":"District 5","owner":null}},{"type":"Feature","geometry":{"type":"Point","coordinates":[-93.0500833343251,44.9772442921828]},"properties":{"kind":"vacant","city":"St. Paul","address":"1194 MARYLAND AVE E","category":"2","dwellingType":"Single Family Residential","vacantSince":"2024-06-21","ward":"6","neighborhood":"District 5","owner":null}},{"type":"Feature","geometry":{"type":"Point","coordinates":[-93.0434993166584,44.9773861287251]},"properties":{"kind":"vacant","city":"St. Paul","address":"1354 MARYLAND AVE E","category":"2","dwellingType":"Commercial","vacantSince":"2025-06-30","ward":"6","neighborhood":"District 2","owner":null}},{"type":"Feature","geometry":{"type":"Point","coordinates":[-93.0412027794978,44.9776492741002]},"properties":{"kind":"vacant","city":"St. Paul","address":"1401 MARYLAND AVE E","category":"2","dwellingType":"Commercial","vacantSince":"2024-01-17","ward":"6","neighborhood":"District 2","owner":null}},{"type":"Feature","geometry":{"type":"Point","coordinates":[-93.0286766754094,44.9773035506521]},"properties":{"kind":"vacant","city":"St. Paul","address":"1700 MARYLAND AVE E","category":"1","dwellingType":"Single Family Residential","vacantSince":"2025-04-04","ward":"6","neighborhood":"District 2","owner":null}},{"type":"Feature","geometry":{"type":"Point","coordinates":[-93.1456243707497,44.9181863075994]},"properties":{"kind":"vacant","city":"St. Paul","address":"955 MAY ST","category":"2","dwellingType":"Single Family Residential","vacantSince":"2023-04-10","ward":"3","neighborhood":"District 15","owner":null}},{"type":"Feature","geometry":{"type":"Point","coordinates":[-93.1272254611632,44.9874232755137]},"properties":{"kind":"vacant","city":"St. Paul","address":"1538 MAYWOOD ST","category":"2","dwellingType":"Duplex","vacantSince":"2023-10-16","ward":"5","neighborhood":"District 10","owner":null}},{"type":"Feature","geometry":{"type":"Point","coordinates":[-93.1276455924601,44.9900941892361]},"properties":{"kind":"vacant","city":"St. Paul","address":"1623 MAYWOOD ST","category":"3","dwellingType":"Single Family Residential","vacantSince":"2022-06-22","ward":"5","neighborhood":"District 10","owner":null}},{"type":"Feature","geometry":{"type":"Point","coordinates":[-93.0560706865114,44.9506412583027]},"properties":{"kind":"vacant","city":"St. Paul","address":"1051 MCLEAN AVE","category":"2","dwellingType":"Single Family Residential","vacantSince":"2023-06-15","ward":"7","neighborhood":"District 4","owner":null}},{"type":"Feature","geometry":{"type":"Point","coordinates":[-93.0234473216101,44.9731244134049]},"properties":{"kind":"vacant","city":"St. Paul","address":"1825 MECHANIC AVE","category":"2","dwellingType":"Multi-family Residential","vacantSince":"2017-11-06","ward":"6","neighborhood":"District 2","owner":null}},{"type":"Feature","geometry":{"type":"Point","coordinates":[-93.1134031675148,44.9348304418175]},"properties":{"kind":"vacant","city":"St. Paul","address":"323 MICHIGAN ST","category":"2","dwellingType":"Single Family Residential","vacantSince":"2023-10-04","ward":"2","neighborhood":"District 9","owner":null}},{"type":"Feature","geometry":{"type":"Point","coordinates":[-93.1152883042067,44.934951229337]},"properties":{"kind":"vacant","city":"St. Paul","address":"365 MICHIGAN ST","category":"2","dwellingType":"Single Family Residential","vacantSince":"1995-07-12","ward":"2","neighborhood":"District 9","owner":null}},{"type":"Feature","geometry":{"type":"Point","coordinates":[-93.1167093079038,44.935259860745]},"properties":{"kind":"vacant","city":"St. Paul","address":"395 MICHIGAN ST","category":"3","dwellingType":"Single Family Residential","vacantSince":"1996-05-15","ward":"2","neighborhood":"District 9","owner":null}},{"type":"Feature","geometry":{"type":"Point","coordinates":[-93.1171262016395,44.9628285827839]},"properties":{"kind":"vacant","city":"St. Paul","address":"402 MINNEHAHA AVE W","category":"1","dwellingType":"Duplex","vacantSince":"2024-12-31","ward":"1","neighborhood":"District 7","owner":null}},{"type":"Feature","geometry":{"type":"Point","coordinates":[-93.0722430234847,44.9628914374367]},"properties":{"kind":"vacant","city":"St. Paul","address":"680 MINNEHAHA AVE E BLDG 3","category":"2","dwellingType":"Multi-family Residential","vacantSince":"2005-07-21","ward":"7","neighborhood":"District 4","owner":null}},{"type":"Feature","geometry":{"type":"Point","coordinates":[-93.0721219564528,44.9631185219039]},"properties":{"kind":"vacant","city":"St. Paul","address":"685 MINNEHAHA AVE E","category":"2","dwellingType":"Commercial","vacantSince":"2010-08-11","ward":"6","neighborhood":"District 4","owner":null}},{"type":"Feature","geometry":{"type":"Point","coordinates":[-93.0617944753923,44.9629143652923]},"properties":{"kind":"vacant","city":"St. Paul","address":"922 MINNEHAHA AVE E","category":"1","dwellingType":"Single Family Residential","vacantSince":"2024-04-10","ward":"7","neighborhood":"District 4","owner":null}},{"type":"Feature","geometry":{"type":"Point","coordinates":[-93.1421599767842,44.9631525311618]},"properties":{"kind":"vacant","city":"St. Paul","address":"995 MINNEHAHA AVE W","category":"2","dwellingType":"Single Family Residential","vacantSince":"2023-09-27","ward":"1","neighborhood":"District 7","owner":null}},{"type":"Feature","geometry":{"type":"Point","coordinates":[-93.0578288756058,44.9631679351697]},"properties":{"kind":"vacant","city":"St. Paul","address":"1011 MINNEHAHA AVE E","category":"2","dwellingType":"Single Family Residential","vacantSince":"2023-06-23","ward":"6","neighborhood":"District 4","owner":null}},{"type":"Feature","geometry":{"type":"Point","coordinates":[-93.0574441108499,44.963149475222]},"properties":{"kind":"vacant","city":"St. Paul","address":"1021 MINNEHAHA AVE E","category":"2","dwellingType":"Single Family Residential","vacantSince":"2017-03-02","ward":"6","neighborhood":"District 4","owner":null}},{"type":"Feature","geometry":{"type":"Point","coordinates":[-93.0573120758393,44.9628913679196]},"properties":{"kind":"vacant","city":"St. Paul","address":"1024 MINNEHAHA AVE E","category":"2","dwellingType":"Single Family Residential","vacantSince":"2025-06-26","ward":"7","neighborhood":"District 4","owner":null}},{"type":"Feature","geometry":{"type":"Point","coordinates":[-93.0561432645787,44.9628030781269]},"properties":{"kind":"vacant","city":"St. Paul","address":"1052 MINNEHAHA AVE E","category":"1","dwellingType":"Commercial","vacantSince":"2023-01-20","ward":"7","neighborhood":"District 4","owner":null}},{"type":"Feature","geometry":{"type":"Point","coordinates":[-93.0501585587008,44.9632011069957]},"properties":{"kind":"vacant","city":"St. Paul","address":"1191 MINNEHAHA AVE E","category":"2","dwellingType":"Duplex","vacantSince":"2024-10-10","ward":"6","neighborhood":"District 4","owner":null}},{"type":"Feature","geometry":{"type":"Point","coordinates":[-93.1527048198255,44.9628198039615]},"properties":{"kind":"vacant","city":"St. Paul","address":"1242 MINNEHAHA AVE W","category":"1","dwellingType":"Single Family Residential","vacantSince":"2024-12-13","ward":"4","neighborhood":"District 11","owner":null}},{"type":"Feature","geometry":{"type":"Point","coordinates":[-93.0315270677011,44.9632645936728]},"properties":{"kind":"vacant","city":"St. Paul","address":"1631 MINNEHAHA AVE E","category":"2","dwellingType":"Single Family Residential","vacantSince":"2025-01-09","ward":"7","neighborhood":"District 2","owner":null}},{"type":"Feature","geometry":{"type":"Point","coordinates":[-93.1979660542218,44.9127895864978]},"properties":{"kind":"vacant","city":"St. Paul","address":"965 MISSISSIPPI RIVER BLVD S","category":"2","dwellingType":"Mixed Use","vacantSince":"2018-08-01","ward":"3","neighborhood":"District 15","owner":null}},{"type":"Feature","geometry":{"type":"Point","coordinates":[-93.1784268857927,44.9123199198209]},"properties":{"kind":"vacant","city":"St. Paul","address":"1846 MONTREAL AVE","category":"1","dwellingType":"Single Family Residential","vacantSince":"2024-07-31","ward":"3","neighborhood":"District 15","owner":null}},{"type":"Feature","geometry":{"type":"Point","coordinates":[-93.0115083016213,44.9415869462723]},"properties":{"kind":"vacant","city":"St. Paul","address":"15 NELSON ST","category":"1","dwellingType":"Single Family Residential","vacantSince":"2024-10-21","ward":"7","neighborhood":"District 1","owner":null}},{"type":"Feature","geometry":{"type":"Point","coordinates":[-93.0123431802008,44.9739104204131]},"properties":{"kind":"vacant","city":"St. Paul","address":"2311 NOKOMIS AVE","category":"2","dwellingType":"Single Family Residential","vacantSince":"2023-11-20","ward":"6","neighborhood":"District 2","owner":null}},{"type":"Feature","geometry":{"type":"Point","coordinates":[-93.01303380811,44.9449081380032]},"properties":{"kind":"vacant","city":"St. Paul","address":"2077 NORTH PARK DRIVE UNIT 1","category":"1","dwellingType":"Multi-family Residential","vacantSince":"2024-08-02","ward":"7","neighborhood":"District 1","owner":null}},{"type":"Feature","geometry":{"type":"Point","coordinates":[-93.1811362151829,44.9561308072101]},"properties":{"kind":"vacant","city":"St. Paul","address":"12 OAKLEY AVE","category":"2","dwellingType":"Duplex","vacantSince":"2024-01-24","ward":"4","neighborhood":"District 13","owner":null}},{"type":"Feature","geometry":{"type":"Point","coordinates":[-93.0106786356385,44.9523832211728]},"properties":{"kind":"vacant","city":"St. Paul","address":"2123 OLD HUDSON ROAD","category":"1","dwellingType":"Commercial","vacantSince":"2021-03-31","ward":"7","neighborhood":"District 1","owner":null}},{"type":"Feature","geometry":{"type":"Point","coordinates":[-93.0691020201752,44.9791175444709]},"properties":{"kind":"vacant","city":"St. Paul","address":"740 ORANGE AVE E","category":"2","dwellingType":"Single Family Residential","vacantSince":"2024-03-27","ward":"6","neighborhood":"District 5","owner":null}},{"type":"Feature","geometry":{"type":"Point","coordinates":[-93.144191978015,44.971563941207]},"properties":{"kind":"vacant","city":"St. Paul","address":"1007 OXFORD ST N","category":"2","dwellingType":"Single Family Residential","vacantSince":"2023-05-09","ward":"5","neighborhood":"District 10","owner":null}},{"type":"Feature","geometry":{"type":"Point","coordinates":[-93.0333844505491,44.9512125906757]},"properties":{"kind":"vacant","city":"St. Paul","address":"1570 PACIFIC ST","category":"1","dwellingType":"Duplex","vacantSince":"2024-08-27","ward":"7","neighborhood":"District 1","owner":null}},{"type":"Feature","geometry":{"type":"Point","coordinates":[-93.1043460757006,44.9659362142778]},"properties":{"kind":"vacant","city":"St. Paul","address":"817 PARK ST","category":"2","dwellingType":"Single Family Residential","vacantSince":"2023-03-29","ward":"1","neighborhood":"District 6","owner":null}},{"type":"Feature","geometry":{"type":"Point","coordinates":[-93.1617482732568,44.9463178003537]},"properties":{"kind":"vacant","city":"St. Paul","address":"170 PASCAL ST N","category":"2","dwellingType":"Commercial","vacantSince":"2025-03-03","ward":"1","neighborhood":"District 13","owner":null}},{"type":"Feature","geometry":{"type":"Point","coordinates":[-93.1617363472952,44.9478739614486]},"properties":{"kind":"vacant","city":"St. Paul","address":"218 PASCAL ST N","category":"2","dwellingType":"Commercial","vacantSince":"2019-04-10","ward":"1","neighborhood":"District 13","owner":null}},{"type":"Feature","geometry":{"type":"Point","coordinates":[-93.1620042677863,44.9671392699396]},"properties":{"kind":"vacant","city":"St. Paul","address":"862 PASCAL ST N","category":"2","dwellingType":"Single Family Residential","vacantSince":"2018-04-20","ward":"4","neighborhood":"District 11","owner":null}},{"type":"Feature","geometry":{"type":"Point","coordinates":[-93.0737535452503,44.9637425418003]},"properties":{"kind":"vacant","city":"St. Paul","address":"747 PAYNE AVE","category":"2","dwellingType":"Commercial","vacantSince":"2025-05-02","ward":"6","neighborhood":"District 5","owner":null}},{"type":"Feature","geometry":{"type":"Point","coordinates":[-93.0733886359116,44.9694712787082]},"properties":{"kind":"vacant","city":"St. Paul","address":"932 PAYNE AVE","category":"1","dwellingType":"Mixed Use","vacantSince":"2025-02-12","ward":"6","neighborhood":"District 5","owner":null}},{"type":"Feature","geometry":{"type":"Point","coordinates":[-93.0736971288399,44.9694808136099]},"properties":{"kind":"vacant","city":"St. Paul","address":"933 PAYNE AVE","category":"1","dwellingType":"Commercial","vacantSince":"2022-06-27","ward":"6","neighborhood":"District 5","owner":null}},{"type":"Feature","geometry":{"type":"Point","coordinates":[-93.0736665809606,44.9714075699968]},"properties":{"kind":"vacant","city":"St. Paul","address":"999 PAYNE AVE","category":"2","dwellingType":"Commercial","vacantSince":"2014-08-13","ward":"6","neighborhood":"District 5","owner":null}},{"type":"Feature","geometry":{"type":"Point","coordinates":[-93.0736631339861,44.973952160818]},"properties":{"kind":"vacant","city":"St. Paul","address":"1081 PAYNE AVE","category":"1","dwellingType":"Commercial","vacantSince":"2024-02-20","ward":"6","neighborhood":"District 5","owner":null}},{"type":"Feature","geometry":{"type":"Point","coordinates":[-93.0733770755272,44.9758334614046]},"properties":{"kind":"vacant","city":"St. Paul","address":"1146 PAYNE AVE","category":"2","dwellingType":"Commercial","vacantSince":"2022-05-27","ward":"6","neighborhood":"District 5","owner":null}},{"type":"Feature","geometry":{"type":"Point","coordinates":[-93.0733894824442,44.9793906473773]},"properties":{"kind":"vacant","city":"St. Paul","address":"1264 PAYNE AVE","category":"1","dwellingType":"Single Family Residential","vacantSince":"2024-06-14","ward":"5","neighborhood":"District 5","owner":null}},{"type":"Feature","geometry":{"type":"Point","coordinates":[-93.0737613170132,44.9811941989144]},"properties":{"kind":"vacant","city":"St. Paul","address":"1321 PAYNE AVE FL 1","category":"2","dwellingType":"Commercial","vacantSince":"2025-03-04","ward":"5","neighborhood":"District 5","owner":null}},{"type":"Feature","geometry":{"type":"Point","coordinates":[-93.0733637916426,44.9811637541413]},"properties":{"kind":"vacant","city":"St. Paul","address":"1324 PAYNE AVE","category":"2","dwellingType":"Commercial","vacantSince":"2022-05-10","ward":"5","neighborhood":"District 5","owner":null}},{"type":"Feature","geometry":{"type":"Point","coordinates":[-93.0734130173612,44.9839663776088]},"properties":{"kind":"vacant","city":"St. Paul","address":"1418 PAYNE AVE","category":"2","dwellingType":"Single Family Residential","vacantSince":"2023-08-30","ward":"5","neighborhood":"District 5","owner":null}},{"type":"Feature","geometry":{"type":"Point","coordinates":[-93.0738884539468,44.9850610623046]},"properties":{"kind":"vacant","city":"St. Paul","address":"1453 PAYNE AVE","category":"1","dwellingType":"Single Family Residential","vacantSince":"2024-11-01","ward":"5","neighborhood":"District 5","owner":null}},{"type":"Feature","geometry":{"type":"Point","coordinates":[-93.1066850011071,44.9605140448681]},"properties":{"kind":"vacant","city":"St. Paul","address":"159 PENNSYLVANIA AVE W","category":"2","dwellingType":"Commercial","vacantSince":"2025-02-10","ward":"1","neighborhood":"District 7","owner":null}},{"type":"Feature","geometry":{"type":"Point","coordinates":[-93.1395514274595,44.9426776721319]},"properties":{"kind":"vacant","city":"St. Paul","address":"930 PORTLAND AVE","category":"2","dwellingType":"Single Family Residential","vacantSince":"2023-03-03","ward":"1","neighborhood":"District 8","owner":null}},{"type":"Feature","geometry":{"type":"Point","coordinates":[-93.1697881928118,44.9426828204352]},"properties":{"kind":"vacant","city":"St. Paul","address":"1642 PORTLAND AVE","category":"2","dwellingType":"Single Family Residential","vacantSince":"2024-11-12","ward":"4","neighborhood":"District 13","owner":null}},{"type":"Feature","geometry":{"type":"Point","coordinates":[-93.0752654459876,44.9626052685723]},"properties":{"kind":"vacant","city":"St. Paul","address":"713 PREBLE ST","category":"2","dwellingType":"Duplex","vacantSince":"2023-03-30","ward":"7","neighborhood":"District 5","owner":null}},{"type":"Feature","geometry":{"type":"Point","coordinates":[-93.1821132642495,44.9677514108205]},"properties":{"kind":"vacant","city":"St. Paul","address":"888 PRIOR AVE N","category":"3","dwellingType":"Commercial","vacantSince":"2016-09-23","ward":"4","neighborhood":"District 11","owner":null}},{"type":"Feature","geometry":{"type":"Point","coordinates":[-93.1378853248969,44.9267550121939]},"properties":{"kind":"vacant","city":"St. Paul","address":"894 RANDOLPH AVE","category":"1","dwellingType":"Single Family Residential","vacantSince":"2025-01-22","ward":"2","neighborhood":"District 9","owner":null}},{"type":"Feature","geometry":{"type":"Point","coordinates":[-93.1654071582323,44.9266686668754]},"properties":{"kind":"vacant","city":"St. Paul","address":"1540 RANDOLPH AVE","category":"1","dwellingType":"Commercial","vacantSince":"2025-03-04","ward":"3","neighborhood":"District 15","owner":null}},{"type":"Feature","geometry":{"type":"Point","coordinates":[-93.1739698073911,44.9272249755152]},"properties":{"kind":"vacant","city":"St. Paul","address":"1747 RANDOLPH AVE","category":"1","dwellingType":"Duplex","vacantSince":"2024-09-09","ward":"3","neighborhood":"District 14","owner":null}},{"type":"Feature","geometry":{"type":"Point","coordinates":[-93.1928819281895,44.9756318634625]},"properties":{"kind":"vacant","city":"St. Paul","address":"1119 RAYMOND AVE UNIT 2","category":"2","dwellingType":"Multi-family Residential","vacantSince":"2017-06-07","ward":"4","neighborhood":"District 12","owner":null}},{"type":"Feature","geometry":{"type":"Point","coordinates":[-93.0754199365704,44.963766440215]},"properties":{"kind":"vacant","city":"St. Paul","address":"594 REANEY AVE","category":"2","dwellingType":"Duplex","vacantSince":"2009-08-06","ward":"6","neighborhood":"District 5","owner":null}},{"type":"Feature","geometry":{"type":"Point","coordinates":[-93.0521256451588,44.9641281169017]},"properties":{"kind":"vacant","city":"St. Paul","address":"1147 REANEY AVE","category":"1","dwellingType":"Duplex","vacantSince":"2024-04-22","ward":"6","neighborhood":"District 4","owner":null}},{"type":"Feature","geometry":{"type":"Point","coordinates":[-93.107809808234,44.9536181927127]},"properties":{"kind":"vacant","city":"St. Paul","address":"425 RICE ST","category":"2","dwellingType":"Commercial","vacantSince":"2019-04-16","ward":"1","neighborhood":"District 17","owner":null}},{"type":"Feature","geometry":{"type":"Point","coordinates":[-93.1057758579111,44.95708387326]},"properties":{"kind":"vacant","city":"St. Paul","address":"520 RICE ST","category":"1","dwellingType":"Mixed Use","vacantSince":"2025-06-03","ward":"1","neighborhood":"District 7","owner":null}},{"type":"Feature","geometry":{"type":"Point","coordinates":[-93.1061997871767,44.9902911940321]},"properties":{"kind":"vacant","city":"St. Paul","address":"1625 RICE ST","category":"2","dwellingType":"Commercial","vacantSince":"2024-04-03","ward":"5","neighborhood":"District 6","owner":null}},{"type":"Feature","geometry":{"type":"Point","coordinates":[-93.1055576053853,44.99082361625]},"properties":{"kind":"vacant","city":"St. Paul","address":"1648 RICE ST","category":"2","dwellingType":"Mixed Use","vacantSince":"2021-04-02","ward":"5","neighborhood":"District 6","owner":null}},{"type":"Feature","geometry":{"type":"Point","coordinates":[-93.1182079269596,44.933134225767]},"properties":{"kind":"vacant","city":"St. Paul","address":"272 RICHMOND ST","category":"2","dwellingType":"Single Family Residential","vacantSince":"2025-02-07","ward":"2","neighborhood":"District 9","owner":null}},{"type":"Feature","geometry":{"type":"Point","coordinates":[-93.0904849449243,44.947304750386]},"properties":{"kind":"vacant","city":"St. Paul","address":"360 ROBERT ST N","category":"1","dwellingType":"Commercial","vacantSince":"2023-01-31","ward":"2","neighborhood":"District 17","owner":null}},{"type":"Feature","geometry":{"type":"Point","coordinates":[-93.0812450967779,44.9328391045428]},"properties":{"kind":"vacant","city":"St. Paul","address":"433 ROBERT ST S","category":"2","dwellingType":"Commercial","vacantSince":"2017-10-09","ward":"2","neighborhood":"District 3","owner":null}},{"type":"Feature","geometry":{"type":"Point","coordinates":[-93.0810860102546,44.9323281725236]},"properties":{"kind":"vacant","city":"St. Paul","address":"455 ROBERT ST S","category":"3","dwellingType":"Commercial","vacantSince":"2022-08-22","ward":"2","neighborhood":"District 3","owner":null}},{"type":"Feature","geometry":{"type":"Point","coordinates":[-93.1611678085499,44.950771152174]},"properties":{"kind":"vacant","city":"St. Paul","address":"1440 ROBLYN AVE","category":"3","dwellingType":"Commercial","vacantSince":"2010-08-06","ward":"1","neighborhood":"District 13","owner":null}},{"type":"Feature","geometry":{"type":"Point","coordinates":[-93.1660933225174,44.9013005949722]},"properties":{"kind":"vacant","city":"St. Paul","address":"2310 ROCKWOOD AVE","category":"2","dwellingType":"Single Family Residential","vacantSince":"2023-06-05","ward":"3","neighborhood":"District 15","owner":null}},{"type":"Feature","geometry":{"type":"Point","coordinates":[-93.0834643050454,44.9765803509001]},"properties":{"kind":"vacant","city":"St. Paul","address":"401 ROSE AVE E","category":"3","dwellingType":"Single Family Residential","vacantSince":"2018-08-23","ward":"5","neighborhood":"District 5","owner":null}},{"type":"Feature","geometry":{"type":"Point","coordinates":[-93.0702163984506,44.9764086301582]},"properties":{"kind":"vacant","city":"St. Paul","address":"716 ROSE AVE E","category":"2","dwellingType":"Duplex","vacantSince":"2024-08-12","ward":"6","neighborhood":"District 5","owner":null}},{"type":"Feature","geometry":{"type":"Point","coordinates":[-93.0562667300741,44.9656763372425]},"properties":{"kind":"vacant","city":"St. Paul","address":"1052 ROSS AVE","category":"2","dwellingType":"Multi-family Residential","vacantSince":"2025-05-22","ward":"6","neighborhood":"District 4","owner":null}},{"type":"Feature","geometry":{"type":"Point","coordinates":[-93.139296578958,44.9711765432953]},"properties":{"kind":"vacant","city":"St. Paul","address":"998 RYDE ST","category":"1","dwellingType":"Single Family Residential","vacantSince":"2024-12-11","ward":"5","neighborhood":"District 10","owner":null}},{"type":"Feature","geometry":{"type":"Point","coordinates":[-93.135773152979,44.9467298063289]},"properties":{"kind":"vacant","city":"St. Paul","address":"843 SELBY AVE","category":"2","dwellingType":"Duplex","vacantSince":"2024-01-02","ward":"1","neighborhood":"District 8","owner":null}},{"type":"Feature","geometry":{"type":"Point","coordinates":[-93.136637730159,44.9467333888205]},"properties":{"kind":"vacant","city":"St. Paul","address":"861 SELBY AVE","category":"1","dwellingType":"Commercial","vacantSince":"2024-06-28","ward":"1","neighborhood":"District 8","owner":null}},{"type":"Feature","geometry":{"type":"Point","coordinates":[-93.1724632210109,44.9464149444406]},"properties":{"kind":"vacant","city":"St. Paul","address":"1708 SELBY AVE","category":"1","dwellingType":"Single Family Residential","vacantSince":"2023-07-10","ward":"4","neighborhood":"District 13","owner":null}},{"type":"Feature","geometry":{"type":"Point","coordinates":[-93.1799271524111,44.946012782732]},"properties":{"kind":"vacant","city":"St. Paul","address":"1882 SELBY AVE","category":"2","dwellingType":"Single Family Residential","vacantSince":"2025-01-21","ward":"4","neighborhood":"District 13","owner":null}},{"type":"Feature","geometry":{"type":"Point","coordinates":[-93.1125694001484,44.9568327027769]},"properties":{"kind":"vacant","city":"St. Paul","address":"299 SHERBURNE AVE","category":"2","dwellingType":"Single Family Residential","vacantSince":"2023-05-26","ward":"1","neighborhood":"District 7","owner":null}},{"type":"Feature","geometry":{"type":"Point","coordinates":[-93.1244242030301,44.9565190746279]},"properties":{"kind":"vacant","city":"St. Paul","address":"574 SHERBURNE AVE","category":"2","dwellingType":"Duplex","vacantSince":"2013-03-18","ward":"1","neighborhood":"District 7","owner":null}},{"type":"Feature","geometry":{"type":"Point","coordinates":[-93.1273469968046,44.9564938737386]},"properties":{"kind":"vacant","city":"St. Paul","address":"642 SHERBURNE AVE","category":"2","dwellingType":"Duplex","vacantSince":"2025-05-23","ward":"1","neighborhood":"District 7","owner":null}},{"type":"Feature","geometry":{"type":"Point","coordinates":[-93.1277539720268,44.9564873725512]},"properties":{"kind":"vacant","city":"St. Paul","address":"652 SHERBURNE AVE","category":"2","dwellingType":"Multi-family Residential","vacantSince":"2021-10-05","ward":"1","neighborhood":"District 7","owner":null}},{"type":"Feature","geometry":{"type":"Point","coordinates":[-93.1279592607335,44.9567667945381]},"properties":{"kind":"vacant","city":"St. Paul","address":"657 SHERBURNE AVE","category":"2","dwellingType":"Single Family Residential","vacantSince":"2025-05-21","ward":"1","neighborhood":"District 7","owner":null}},{"type":"Feature","geometry":{"type":"Point","coordinates":[-93.1292272170933,44.9564634663444]},"properties":{"kind":"vacant","city":"St. Paul","address":"686 SHERBURNE AVE","category":"2","dwellingType":"Duplex","vacantSince":"2025-04-04","ward":"1","neighborhood":"District 7","owner":null}},{"type":"Feature","geometry":{"type":"Point","coordinates":[-93.1305442729463,44.9567576715859]},"properties":{"kind":"vacant","city":"St. Paul","address":"719 SHERBURNE AVE","category":"2","dwellingType":"Duplex","vacantSince":"2025-04-25","ward":"1","neighborhood":"District 7","owner":null}},{"type":"Feature","geometry":{"type":"Point","coordinates":[-93.1336431107985,44.9564711932285]},"properties":{"kind":"vacant","city":"St. Paul","address":"794 SHERBURNE AVE","category":"2","dwellingType":"Single Family Residential","vacantSince":"2024-08-22","ward":"1","neighborhood":"District 7","owner":null}},{"type":"Feature","geometry":{"type":"Point","coordinates":[-93.0175234330306,44.983971302662]},"properties":{"kind":"vacant","city":"St. Paul","address":"1965 SHERWOOD AVE","category":"2","dwellingType":"Commercial","vacantSince":"2025-03-18","ward":"6","neighborhood":"District 2","owner":null}},{"type":"Feature","geometry":{"type":"Point","coordinates":[-93.0134200695257,44.9839844091647]},"properties":{"kind":"vacant","city":"St. Paul","address":"2057 SHERWOOD AVE","category":"2","dwellingType":"Single Family Residential","vacantSince":"2024-07-29","ward":"6","neighborhood":"District 2","owner":null}},{"type":"Feature","geometry":{"type":"Point","coordinates":[-93.1074751395759,44.967064684894]},"properties":{"kind":"vacant","city":"St. Paul","address":"854 SIMCOE ST","category":"1","dwellingType":"Duplex","vacantSince":"2025-03-24","ward":"1","neighborhood":"District 6","owner":null}},{"type":"Feature","geometry":{"type":"Point","coordinates":[-93.0846018119307,44.9688754056891]},"properties":{"kind":"vacant","city":"St. Paul","address":"378 SIMS AVE","category":"3","dwellingType":"Duplex","vacantSince":"2021-03-10","ward":"5","neighborhood":"District 5","owner":null}},{"type":"Feature","geometry":{"type":"Point","coordinates":[-93.0844966636738,44.9688751304116]},"properties":{"kind":"vacant","city":"St. Paul","address":"382 SIMS AVE","category":"2","dwellingType":"Single Family Residential","vacantSince":"2024-04-16","ward":"5","neighborhood":"District 5","owner":null}},{"type":"Feature","geometry":{"type":"Point","coordinates":[-93.0747799206124,44.969445170557]},"properties":{"kind":"vacant","city":"St. Paul","address":"609 SIMS AVE UNIT MAIN","category":"2","dwellingType":"Duplex","vacantSince":"2020-11-03","ward":"6","neighborhood":"District 5","owner":null}},{"type":"Feature","geometry":{"type":"Point","coordinates":[-93.0722550737521,44.9692232115438]},"properties":{"kind":"vacant","city":"St. Paul","address":"670 SIMS AVE","category":"3","dwellingType":"Single Family Residential","vacantSince":"2014-06-24","ward":"6","neighborhood":"District 5","owner":null}},{"type":"Feature","geometry":{"type":"Point","coordinates":[-93.0703395440943,44.9692390981592]},"properties":{"kind":"vacant","city":"St. Paul","address":"716 SIMS AVE","category":"2","dwellingType":"Single Family Residential","vacantSince":"2021-01-05","ward":"6","neighborhood":"District 5","owner":null}},{"type":"Feature","geometry":{"type":"Point","coordinates":[-93.0571412904286,44.9692717183365]},"properties":{"kind":"vacant","city":"St. Paul","address":"1026 SIMS AVE","category":"2","dwellingType":"Single Family Residential","vacantSince":"2023-09-07","ward":"6","neighborhood":"District 5","owner":null}},{"type":"Feature","geometry":{"type":"Point","coordinates":[-93.0570071457108,44.9695502839996]},"properties":{"kind":"vacant","city":"St. Paul","address":"1031 SIMS AVE","category":"2","dwellingType":"Duplex","vacantSince":"2021-06-08","ward":"6","neighborhood":"District 5","owner":null}},{"type":"Feature","geometry":{"type":"Point","coordinates":[-93.0549232160709,44.9692935373942]},"properties":{"kind":"vacant","city":"St. Paul","address":"1082 SIMS AVE","category":"2","dwellingType":"Duplex","vacantSince":"2024-07-22","ward":"6","neighborhood":"District 5","owner":null}},{"type":"Feature","geometry":{"type":"Point","coordinates":[-93.1672293728584,44.9495565827154]},"properties":{"kind":"vacant","city":"St. Paul","address":"281 SNELLING AVE N","category":"2","dwellingType":"Commercial","vacantSince":"2024-12-24","ward":"4","neighborhood":"District 13","owner":null}},{"type":"Feature","geometry":{"type":"Point","coordinates":[-93.1672406685858,44.9562690242103]},"properties":{"kind":"vacant","city":"St. Paul","address":"499 SNELLING AVE N","category":"2","dwellingType":"Commercial","vacantSince":"2022-07-21","ward":"4","neighborhood":"District 11","owner":null}},{"type":"Feature","geometry":{"type":"Point","coordinates":[-93.1672347892822,44.957889729471]},"properties":{"kind":"vacant","city":"St. Paul","address":"555 SNELLING AVE N","category":"2","dwellingType":"Commercial","vacantSince":"2022-07-06","ward":"4","neighborhood":"District 11","owner":null}},{"type":"Feature","geometry":{"type":"Point","coordinates":[-93.1673095313504,44.9666655915536]},"properties":{"kind":"vacant","city":"St. Paul","address":"845 SNELLING AVE N","category":"1","dwellingType":"Commercial","vacantSince":"2025-04-03","ward":"4","neighborhood":"District 11","owner":null}},{"type":"Feature","geometry":{"type":"Point","coordinates":[-93.1413358761276,44.9522624957579]},"properties":{"kind":"vacant","city":"St. Paul","address":"979 ST ANTHONY AVE","category":"1","dwellingType":"Single Family Residential","vacantSince":"2025-06-27","ward":"1","neighborhood":"District 8","owner":null}},{"type":"Feature","geometry":{"type":"Point","coordinates":[-93.1685899458953,44.9523170402254]},"properties":{"kind":"vacant","city":"St. Paul","address":"1615 ST ANTHONY AVE","category":"1","dwellingType":"Multi-family Residential","vacantSince":"2025-06-27","ward":"4","neighborhood":"District 13","owner":null}},{"type":"Feature","geometry":{"type":"Point","coordinates":[-93.1751965662727,44.9526369306011]},"properties":{"kind":"vacant","city":"St. Paul","address":"1769 ST ANTHONY AVE","category":"2","dwellingType":"Multi-family Residential","vacantSince":"2024-01-29","ward":"4","neighborhood":"District 13","owner":null}},{"type":"Feature","geometry":{"type":"Point","coordinates":[-93.1799072169256,44.9533676415917]},"properties":{"kind":"vacant","city":"St. Paul","address":"1895 ST ANTHONY AVE","category":"2","dwellingType":"Duplex","vacantSince":"2018-08-20","ward":"4","neighborhood":"District 13","owner":null}},{"type":"Feature","geometry":{"type":"Point","coordinates":[-93.1832493712404,44.9095236997818]},"properties":{"kind":"vacant","city":"St. Paul","address":"1067 ST PAUL AVE","category":"2","dwellingType":"Single Family Residential","vacantSince":"2024-04-25","ward":"3","neighborhood":"District 15","owner":null}},{"type":"Feature","geometry":{"type":"Point","coordinates":[-93.1685690187136,44.9325915435577]},"properties":{"kind":"vacant","city":"St. Paul","address":"1615 STANFORD AVE","category":"2","dwellingType":"Single Family Residential","vacantSince":"2023-01-31","ward":"3","neighborhood":"District 14","owner":null}},{"type":"Feature","geometry":{"type":"Point","coordinates":[-93.1840432774704,44.9323600921385]},"properties":{"kind":"vacant","city":"St. Paul","address":"1980 STANFORD AVE","category":"1","dwellingType":"Single Family Residential","vacantSince":"2024-08-08","ward":"3","neighborhood":"District 14","owner":null}},{"type":"Feature","geometry":{"type":"Point","coordinates":[-93.0146018064092,44.9689416618062]},"properties":{"kind":"vacant","city":"St. Paul","address":"2034 STILLWATER AVE","category":"2","dwellingType":"Single Family Residential","vacantSince":"2024-08-05","ward":"7","neighborhood":"District 2","owner":null}},{"type":"Feature","geometry":{"type":"Point","coordinates":[-93.1118531455456,44.969207008271]},"properties":{"kind":"vacant","city":"St. Paul","address":"280 STINSON ST","category":"2","dwellingType":"Single Family Residential","vacantSince":"2023-11-01","ward":"1","neighborhood":"District 6","owner":null}},{"type":"Feature","geometry":{"type":"Point","coordinates":[-93.0879333956153,44.9292588978073]},"properties":{"kind":"vacant","city":"St. Paul","address":"554 STRYKER AVE","category":"2","dwellingType":"Duplex","vacantSince":"2023-03-03","ward":"2","neighborhood":"District 3","owner":null}},{"type":"Feature","geometry":{"type":"Point","coordinates":[-93.1080953443816,44.9460951527919]},"properties":{"kind":"vacant","city":"St. Paul","address":"226 SUMMIT AVE","category":"1","dwellingType":"Mixed Use","vacantSince":"2023-06-15","ward":"1","neighborhood":"District 17","owner":null}},{"type":"Feature","geometry":{"type":"Point","coordinates":[-93.0682293085312,44.954249885841]},"properties":{"kind":"vacant","city":"St. Paul","address":"697 SURREY AVE","category":"2","dwellingType":"Single Family Residential","vacantSince":"2024-09-20","ward":"7","neighborhood":"District 4","owner":null}},{"type":"Feature","geometry":{"type":"Point","coordinates":[-93.0679776174174,44.954400197253]},"properties":{"kind":"vacant","city":"St. Paul","address":"701 SURREY AVE","category":"2","dwellingType":"Duplex","vacantSince":"2013-10-03","ward":"7","neighborhood":"District 4","owner":null}},{"type":"Feature","geometry":{"type":"Point","coordinates":[-93.0986142877195,44.9646566594045]},"properties":{"kind":"vacant","city":"St. Paul","address":"34 SYCAMORE ST E","category":"2","dwellingType":"Duplex","vacantSince":"2023-08-25","ward":"1","neighborhood":"District 6","owner":null}},{"type":"Feature","geometry":{"type":"Point","coordinates":[-93.1695501760736,44.9678093763909]},"properties":{"kind":"vacant","city":"St. Paul","address":"1639 TAYLOR AVE","category":"2","dwellingType":"Single Family Residential","vacantSince":"2017-03-01","ward":"4","neighborhood":"District 11","owner":null}},{"type":"Feature","geometry":{"type":"Point","coordinates":[-93.1710393549694,44.9674707665064]},"properties":{"kind":"vacant","city":"St. Paul","address":"1672 TAYLOR AVE","category":"2","dwellingType":"Duplex","vacantSince":"2022-08-30","ward":"4","neighborhood":"District 11","owner":null}},{"type":"Feature","geometry":{"type":"Point","coordinates":[-93.1179276874663,44.9594960317306]},"properties":{"kind":"vacant","city":"St. Paul","address":"421 THOMAS AVE","category":"2","dwellingType":"Duplex","vacantSince":"2024-05-02","ward":"1","neighborhood":"District 7","owner":null}},{"type":"Feature","geometry":{"type":"Point","coordinates":[-93.1282161425391,44.9594562487638]},"properties":{"kind":"vacant","city":"St. Paul","address":"665 THOMAS AVE","category":"2","dwellingType":"Single Family Residential","vacantSince":"2021-09-01","ward":"1","neighborhood":"District 7","owner":null}},{"type":"Feature","geometry":{"type":"Point","coordinates":[-93.1303386793737,44.9594685256406]},"properties":{"kind":"vacant","city":"St. Paul","address":"715 THOMAS AVE","category":"1","dwellingType":"Duplex","vacantSince":"2024-05-13","ward":"1","neighborhood":"District 7","owner":null}},{"type":"Feature","geometry":{"type":"Point","coordinates":[-93.1566196666193,44.9596241734325]},"properties":{"kind":"vacant","city":"St. Paul","address":"1333 THOMAS AVE","category":"1","dwellingType":"Commercial","vacantSince":"2024-11-25","ward":"4","neighborhood":"District 11","owner":null}},{"type":"Feature","geometry":{"type":"Point","coordinates":[-93.1259367872072,44.9297715270322]},"properties":{"kind":"vacant","city":"St. Paul","address":"383 TORONTO ST","category":"2","dwellingType":"Single Family Residential","vacantSince":"2024-12-03","ward":"2","neighborhood":"District 9","owner":null}},{"type":"Feature","geometry":{"type":"Point","coordinates":[-93.0122914203556,44.9252926905324]},"properties":{"kind":"vacant","city":"St. Paul","address":"398 TOTEM ROAD","category":"1","dwellingType":"Multi-family Residential","vacantSince":"2019-11-25","ward":"7","neighborhood":"District 1","owner":null}},{"type":"Feature","geometry":{"type":"Point","coordinates":[-93.1848114206322,44.9630540657815]},"properties":{"kind":"vacant","city":"St. Paul","address":"730 TRANSFER ROAD","category":"2","dwellingType":"Commercial","vacantSince":"2016-08-19","ward":"4","neighborhood":"District 11","owner":null}},{"type":"Feature","geometry":{"type":"Point","coordinates":[-93.1298675344575,44.9234050392574]},"properties":{"kind":"vacant","city":"St. Paul","address":"721 TUSCARORA AVE","category":"2","dwellingType":"Single Family Residential","vacantSince":"2023-09-05","ward":"2","neighborhood":"District 9","owner":null}},{"type":"Feature","geometry":{"type":"Point","coordinates":[-93.110894098194,44.9559540940006]},"properties":{"kind":"vacant","city":"St. Paul","address":"253 UNIVERSITY AVE W","category":"1","dwellingType":"Commercial","vacantSince":"2018-03-05","ward":"1","neighborhood":"District 7","owner":null}},{"type":"Feature","geometry":{"type":"Point","coordinates":[-93.1109635074623,44.9559482247043]},"properties":{"kind":"vacant","city":"St. Paul","address":"255 UNIVERSITY AVE W","category":"1","dwellingType":"Commercial","vacantSince":"2018-03-05","ward":"1","neighborhood":"District 7","owner":null}},{"type":"Feature","geometry":{"type":"Point","coordinates":[-93.1131333601393,44.95597753361]},"properties":{"kind":"vacant","city":"St. Paul","address":"315 UNIVERSITY AVE W","category":"2","dwellingType":"Commercial","vacantSince":"2022-08-09","ward":"1","neighborhood":"District 7","owner":null}},{"type":"Feature","geometry":{"type":"Point","coordinates":[-93.1165057608589,44.9559757780357]},"properties":{"kind":"vacant","city":"St. Paul","address":"385 UNIVERSITY AVE W","category":"2","dwellingType":"Commercial","vacantSince":"2022-05-06","ward":"1","neighborhood":"District 7","owner":null}},{"type":"Feature","geometry":{"type":"Point","coordinates":[-93.132545021038,44.9559333789118]},"properties":{"kind":"vacant","city":"St. Paul","address":"767 UNIVERSITY AVE W","category":"2","dwellingType":"Mixed Use","vacantSince":"2025-03-24","ward":"1","neighborhood":"District 7","owner":null}},{"type":"Feature","geometry":{"type":"Point","coordinates":[-93.133778720914,44.9560907919635]},"properties":{"kind":"vacant","city":"St. Paul","address":"799 UNIVERSITY AVE W","category":"2","dwellingType":"Commercial","vacantSince":"2024-08-13","ward":"1","neighborhood":"District 7","owner":null}},{"type":"Feature","geometry":{"type":"Point","coordinates":[-93.1386997619353,44.9555274384194]},"properties":{"kind":"vacant","city":"St. Paul","address":"914 UNIVERSITY AVE W","category":"2","dwellingType":"Commercial","vacantSince":"2013-08-06","ward":"1","neighborhood":"District 8","owner":null}},{"type":"Feature","geometry":{"type":"Point","coordinates":[-93.1454730394331,44.9555431262086]},"properties":{"kind":"vacant","city":"St. Paul","address":"1080 UNIVERSITY AVE W","category":"2","dwellingType":"Commercial","vacantSince":"2015-04-30","ward":"1","neighborhood":"District 8","owner":null}},{"type":"Feature","geometry":{"type":"Point","coordinates":[-93.1483683979921,44.9559582146212]},"properties":{"kind":"vacant","city":"St. Paul","address":"1141 UNIVERSITY AVE W","category":"1","dwellingType":"Commercial","vacantSince":"2023-08-30","ward":"4","neighborhood":"District 11","owner":null}},{"type":"Feature","geometry":{"type":"Point","coordinates":[-93.1591521916922,44.9536085740749]},"properties":{"kind":"vacant","city":"St. Paul","address":"1400 UNIVERSITY AVE W","category":"2","dwellingType":"Commercial","vacantSince":"2023-10-12","ward":"1","neighborhood":"District 13","owner":null}},{"type":"Feature","geometry":{"type":"Point","coordinates":[-93.1244411904716,44.9621496463986]},"properties":{"kind":"vacant","city":"St. Paul","address":"571 VAN BUREN AVE","category":"2","dwellingType":"Duplex","vacantSince":"2022-05-19","ward":"1","neighborhood":"District 7","owner":null}},{"type":"Feature","geometry":{"type":"Point","coordinates":[-93.1252351252913,44.9621567896957]},"properties":{"kind":"vacant","city":"St. Paul","address":"593 VAN BUREN AVE","category":"2","dwellingType":"Single Family Residential","vacantSince":"2023-06-01","ward":"1","neighborhood":"District 7","owner":null}},{"type":"Feature","geometry":{"type":"Point","coordinates":[-93.1269076461434,44.9621793833079]},"properties":{"kind":"vacant","city":"St. Paul","address":"631 VAN BUREN AVE","category":"1","dwellingType":"Single Family Residential","vacantSince":"2025-04-04","ward":"1","neighborhood":"District 7","owner":null}},{"type":"Feature","geometry":{"type":"Point","coordinates":[-93.127815196707,44.9619143091926]},"properties":{"kind":"vacant","city":"St. Paul","address":"654 VAN BUREN AVE","category":"2","dwellingType":"Duplex","vacantSince":"2022-07-05","ward":"1","neighborhood":"District 7","owner":null}},{"type":"Feature","geometry":{"type":"Point","coordinates":[-93.1566175515624,44.9621755834896]},"properties":{"kind":"vacant","city":"St. Paul","address":"1339 VAN BUREN AVE","category":"1","dwellingType":"Single Family Residential","vacantSince":"2024-03-01","ward":"4","neighborhood":"District 11","owner":null}},{"type":"Feature","geometry":{"type":"Point","coordinates":[-93.1363042110564,44.9446640471896]},"properties":{"kind":"vacant","city":"St. Paul","address":"118 VICTORIA ST N","category":"2","dwellingType":"Commercial","vacantSince":"2024-03-07","ward":"1","neighborhood":"District 8","owner":null}},{"type":"Feature","geometry":{"type":"Point","coordinates":[-93.1351316597654,44.9806019159549]},"properties":{"kind":"vacant","city":"St. Paul","address":"1308 VICTORIA ST N","category":"2","dwellingType":"Single Family Residential","vacantSince":"2001-10-30","ward":"5","neighborhood":"District 10","owner":null}},{"type":"Feature","geometry":{"type":"Point","coordinates":[-93.0947723145264,44.9464627206546]},"properties":{"kind":"vacant","city":"St. Paul","address":"386 WABASHA ST N","category":"1","dwellingType":"Commercial","vacantSince":"2022-12-13","ward":"2","neighborhood":"District 17","owner":null}},{"type":"Feature","geometry":{"type":"Point","coordinates":[-93.1162710350215,44.9613161943815]},"properties":{"kind":"vacant","city":"St. Paul","address":"661 WESTERN AVE N","category":"2","dwellingType":"Mixed Use","vacantSince":"2012-09-18","ward":"1","neighborhood":"District 7","owner":null}},{"type":"Feature","geometry":{"type":"Point","coordinates":[-93.1162995554892,44.9615341976616]},"properties":{"kind":"vacant","city":"St. Paul","address":"671 WESTERN AVE N","category":"2","dwellingType":"Single Family Residential","vacantSince":"2024-05-03","ward":"1","neighborhood":"District 7","owner":null}},{"type":"Feature","geometry":{"type":"Point","coordinates":[-93.115920546969,44.9749078263349]},"properties":{"kind":"vacant","city":"St. Paul","address":"1120 WESTERN AVE N","category":"2","dwellingType":"Single Family Residential","vacantSince":"2024-01-31","ward":"5","neighborhood":"District 6","owner":null}},{"type":"Feature","geometry":{"type":"Point","coordinates":[-93.0251673480813,44.9661600935633]},"properties":{"kind":"vacant","city":"St. Paul","address":"824 WHITE BEAR AVE N","category":"2","dwellingType":"Commercial","vacantSince":"2024-02-02","ward":"7","neighborhood":"District 2","owner":null}},{"type":"Feature","geometry":{"type":"Point","coordinates":[-93.0251140220087,44.9814474901077]},"properties":{"kind":"vacant","city":"St. Paul","address":"1330 WHITE BEAR AVE N","category":"2","dwellingType":"Mixed Use","vacantSince":"2023-11-22","ward":"6","neighborhood":"District 2","owner":null}},{"type":"Feature","geometry":{"type":"Point","coordinates":[-93.0663108718285,44.9528654480788]},"properties":{"kind":"vacant","city":"St. Paul","address":"702 WILSON AVE","category":"2","dwellingType":"Single Family Residential","vacantSince":"2020-01-15","ward":"7","neighborhood":"District 4","owner":null}},{"type":"Feature","geometry":{"type":"Point","coordinates":[-93.0623985757918,44.9537859233764]},"properties":{"kind":"vacant","city":"St. Paul","address":"906 WILSON AVE","category":"2","dwellingType":"Single Family Residential","vacantSince":"2024-07-02","ward":"7","neighborhood":"District 4","owner":null}},{"type":"Feature","geometry":{"type":"Point","coordinates":[-93.072566922486,44.9303877968837]},"properties":{"kind":"vacant","city":"St. Paul","address":"273 WINIFRED ST E","category":"2","dwellingType":"Duplex","vacantSince":"2020-06-15","ward":"2","neighborhood":"District 3","owner":null}},{"type":"Feature","geometry":{"type":"Point","coordinates":[-93.1044905216663,44.9676013745584]},"properties":{"kind":"vacant","city":"St. Paul","address":"107 WINNIPEG AVE","category":"2","dwellingType":"Single Family Residential","vacantSince":"2024-09-20","ward":"1","neighborhood":"District 6","owner":null}},{"type":"Feature","geometry":{"type":"Point","coordinates":[-93.089369964502,44.9273840986456]},"properties":{"kind":"vacant","city":"St. Paul","address":"618 WINSLOW AVE","category":"2","dwellingType":"Single Family Residential","vacantSince":"2022-06-28","ward":"2","neighborhood":"District 3","owner":null}},{"type":"Feature","geometry":{"type":"Point","coordinates":[-93.0893613480405,44.926153030695]},"properties":{"kind":"vacant","city":"St. Paul","address":"654 WINSLOW AVE","category":"2","dwellingType":"Single Family Residential","vacantSince":"2020-03-04","ward":"2","neighborhood":"District 3","owner":null}},{"type":"Feature","geometry":{"type":"Point","coordinates":[-93.1086121815583,44.9777811650454]},"properties":{"kind":"vacant","city":"St. Paul","address":"1213 WOODBRIDGE ST","category":"3","dwellingType":"Single Family Residential","vacantSince":"2021-12-06","ward":"5","neighborhood":"District 6","owner":null}},{"type":"Feature","geometry":{"type":"Point","coordinates":[-93.108677205463,44.991288828699]},"properties":{"kind":"vacant","city":"St. Paul","address":"1665 WOODBRIDGE ST","category":"1","dwellingType":"Single Family Residential","vacantSince":"2025-03-18","ward":"5","neighborhood":"District 6","owner":null}},{"type":"Feature","geometry":{"type":"Point","coordinates":[-93.1578326116024,44.9757104144797]},"properties":{"kind":"vacant","city":"St. Paul","address":"1363 WYNNE AVE","category":"1","dwellingType":"Single Family Residential","vacantSince":"2024-09-23","ward":"4","neighborhood":"District 10","owner":null}},{"type":"Feature","geometry":{"type":"Point","coordinates":[-93.0373987767167,44.9685780830009]},"properties":{"kind":"vacant","city":"St. Paul","address":"1500 YORK AVE","category":"2","dwellingType":"Single Family Residential","vacantSince":"2024-05-02","ward":"6","neighborhood":"District 2","owner":null}}]}